CpG_ID,Epi,Fib,IC
cg16509569,0.9790506238170574,0.9782704846735442,0.00603043839185413
cg05596756,0.9764398970261087,0.9818423763523273,0.006086343303064945
cg11802899,0.9740793028824005,0.9741326501347315,0.006219680801225275
cg02026204,0.9681217800177722,0.9742495224306085,0.005418776208333333
cg16622899,0.01658659045878861,0.015857060472462423,0.9843932229166666
cg24002183,0.022978355142858703,0.023692667133375176,0.9751038395833334
cg17518965,0.9629566132458502,0.9694145234055965,0.008432033125
cg18555277,0.9641905071069137,0.9644345189909006,0.006729035669431236
cg22216196,0.03730035878801577,0.0420032355254746,0.98327134375
cg08846870,0.027981553093880507,0.022187427665323188,0.9796720062500001
cg19252956,0.9581791977856772,0.9468695720511816,0.008772244571753863
cg09958560,0.011336229451448389,0.011464402225012169,0.9839138134314019
cg07380416,0.9698185417762178,0.9645181009985074,0.006655574867349563
cg08640619,0.02222834463208602,0.018855313037439078,0.9767769523673562
cg25666403,0.9551368245643843,0.9669479280891896,0.010137020970833334
cg24749672,0.9728034984051789,0.9765189803462221,0.026155576929166667
cg18982286,0.0337315251044707,0.03970741550305227,0.9768137958333334
cg25574765,0.9717170906672662,0.9696803466742507,0.0074658825416666665
cg07843390,0.03820342718114892,0.030442490401119873,0.960535523374797
cg10564001,0.030287024378275643,0.02274760115043534,0.9607308351524154
cg17936488,0.9640166644516993,0.9614418107138069,0.00852645389072447
cg01062942,0.024444883920034775,0.01434056864542338,0.9771851119518863
cg05258935,0.027810621781119947,0.02158197602407524,0.980546725
cg18621299,0.9593399605739074,0.967945780850812,0.01762342279346187
cg08379738,0.05152666866438985,0.05911499541282571,0.9878219541666666
cg08075204,0.9743922398797561,0.9740372331913321,0.03521642229166667
cg27482619,0.9523530281273003,0.9547429433787417,0.02829334912019488
cg12253437,0.9299290836887754,0.9424143564661777,0.013836274260664867
cg04185382,0.03309996477212741,0.028406119818852705,0.95190986875
cg15046675,0.9516680305570305,0.9570557440333353,0.005548756612245711
cg20944964,0.04140212223319894,0.03295104880167492,0.981724242088185
cg02927821,0.03074851167735302,0.019565010281981023,0.9804486172741295
cg12360046,0.04908905600197486,0.036152849715664626,0.9594309416666666
cg15159247,0.9692510274597069,0.9670487570355639,0.008031120445813458
cg01631215,0.9299982749836031,0.9485128463601549,0.018577634247732257
cg23176316,0.02661143149774888,0.017437614020308172,0.9713428876592641
cg09638208,0.9491060067516018,0.9153221617978119,0.006331688545769681
cg00037681,0.9615100683584785,0.9643752444036233,0.015143692033182384
cg14556909,0.9578329626907306,0.95486530864377,0.04148273708333333
cg27641239,0.9462091147330316,0.9485336989599088,0.0024841917203307527
cg14329285,0.020684365992204697,0.021345318122092415,0.9589356934295983
cg16321975,0.9335521043847516,0.9166892942119159,0.01900730571921595
cg26112797,0.9602174734316489,0.9560211963921377,0.001756992604333897
cg20695297,0.9680576732086132,0.9484127139874726,0.0182676666875
cg12192582,0.9633173024160956,0.9678939618456904,0.0170585781069667
cg06380123,0.9323952602418215,0.951929188187557,0.01677300667308602
cg10530767,0.9454364867113743,0.9481309254580358,0.007531700997842187
cg00921266,0.03225975159032452,0.037250216365327514,0.9815636041666667
cg02597698,0.9445725818358858,0.951553915656027,0.010467894030286903
cg14753094,0.03046062163868166,0.02463877860966868,0.9758549567151193
cg23612220,0.9631383648184525,0.9671320275212693,0.010799273774517032
cg25765104,0.9618583057305783,0.9447743834998805,0.005563888551741517
cg03331514,0.011819189398757991,0.012607204591884424,0.96771659375
cg04869379,0.015558599869727944,0.010922166879442665,0.9690749061129624
cg11401820,0.029453435193563644,0.028201855388339962,0.9475664878068976
cg04960065,0.9456946888596057,0.9535632118621552,0.009931430532213991
cg20820767,0.047166033732708404,0.06309470671749426,0.9783719458333333
cg11895596,0.03267479323652178,0.03090380848582801,0.9322913170264424
cg18918390,0.05089999692506453,0.04075677096611388,0.9756044505372632
cg07499032,0.9477791007769731,0.9384074737658322,0.02478778825071416
cg16492341,0.053568809339455424,0.041570376603305065,0.97261883125
cg03745491,0.05958385533685037,0.07122124963447708,0.9745957011731312
cg08101036,0.028589142664587553,0.04422595428118797,0.9855836375
cg08846079,0.028045717685031245,0.013976244667483997,0.9562828244509971
cg06984255,0.04176540795957018,0.038867245047483574,0.9820654183374233
cg22935422,0.026403468641085667,0.015575717648480153,0.9660295551569721
cg08030922,0.03409494837675768,0.038430774797213046,0.9651630605312875
cg12116027,0.03873943881865239,0.0467600292618587,0.9846234449779117
cg08850641,0.03212495914820396,0.02810729547919235,0.9481480255523255
cg10331073,0.04912452691750318,0.03408285464676935,0.96423460625
cg08133629,0.033771644350429675,0.025359299235064536,0.943526172886145
cg05494668,0.01712052525469019,0.02337735248779679,0.9583663590781895
cg07420137,0.9509559163615577,0.9585296131546674,0.0295136064375
cg26232412,0.9564044567911099,0.9646785793020685,0.026113717
cg07137244,0.9497079781414522,0.9432440044505626,0.010966574405905509
cg16890093,0.9570466353198379,0.9762367748526003,0.010778734481680003
cg22842855,0.04866286289207393,0.052286943085323195,0.9690451242119819
cg16911583,0.922390717473241,0.9171169200694452,0.005501854214536912
cg20425130,0.9631076609429099,0.9471057761769908,0.015075088787308507
cg01903374,0.939334849034188,0.9456627963527448,0.007974146587128505
cg03649649,0.9195643617154308,0.9305575525112627,0.018451959145833332
cg17687367,0.03512264524090356,0.028836399327878837,0.9659665861863921
cg13375427,0.020700569627715805,0.01442813900847386,0.944667992102011
cg22709362,0.042949355152946345,0.03655768355208939,0.9533107876774256
cg10673833,0.9605320684349621,0.9750118205694459,0.04132299645833333
cg24459792,0.9651156041320118,0.9624133877354134,0.016187928797350346
cg23966363,0.9487498755847914,0.9681807804125604,0.011866670946123844
cg07682037,0.9026898593910816,0.9301084980927301,0.005295775576047335
cg22961212,0.03489077660380039,0.019682454983362054,0.9736767204393322
cg09153080,0.9393918887367146,0.9086717767486545,0.013964861247166156
cg24591770,0.04892229580452192,0.051776428281158964,0.9657163625
cg20584841,0.054942928547747995,0.03296988856833257,0.9577406131494939
cg08407014,0.04719473816269105,0.03660553256810203,0.9450226791666667
cg25588348,0.02657675522923424,0.011580759796892204,0.9838399730461759
cg13165140,0.9455708005883623,0.9035737935803989,0.013158184692709572
cg25913612,0.9497676226335663,0.9515839362540143,0.01378982723953609
cg00513941,0.0774671304588104,0.049876224842125595,0.9668991020833333
cg13493526,0.012861398325387626,0.013034874874701917,0.9738910413567405
cg21376733,0.9606880695029708,0.9737427161885679,0.0034181898123013033
cg14088196,0.9215971111373333,0.931082021803426,0.019680820979166666
cg11804789,0.9591322244273113,0.9266777512344465,0.01794671773992191
cg23290313,0.05894131422218165,0.04159001477970611,0.958894095162491
cg00702417,0.9662459952348559,0.9289810669620276,0.02503530573439131
cg10590292,0.9670553777916925,0.9699589404290739,0.048421384112154305
cg19645616,0.04554216696339008,0.040552422408658764,0.9782019199925551
cg26097051,0.03513583738234395,0.04113505877212477,0.9509714291666667
cg01951274,0.9252574820414406,0.9086194829937354,0.005354841632014695
cg24217894,0.03390554858029002,0.023808631816946507,0.9571683330408945
cg26523417,0.02938226723330469,0.021310572794359564,0.933161870271421
cg19853565,0.028795727157048413,0.023215694992833623,0.9545909556467521
cg06787669,0.9429650705125799,0.9550351807971548,0.0100401029875
cg04848682,0.034394868394660334,0.030384560331813724,0.9355874150011544
cg14798653,0.02076762505442245,0.027082589458073996,0.9592185354166667
cg10143751,0.02547475079646636,0.017773409068575448,0.9790795860724897
cg09735908,0.9490642535026712,0.9711651583859385,0.016140611563955423
cg22770916,0.060142738248614616,0.06791455265561175,0.9863545152770514
cg18384097,0.9521831125033113,0.9668637122950171,0.049297667184343114
cg18146737,0.04641057292967997,0.06774602513986605,0.9634854229166667
cg19256314,0.045864086911511115,0.027419247329418757,0.9551214154293696
cg23036668,0.05248021900299335,0.0391499544869161,0.9672042476427402
cg14845962,0.020283187396791243,0.020129359158311738,0.9548556541666666
cg08251901,0.9474073987528653,0.9561160989618762,0.004287715011904788
cg27215100,0.9617205361009699,0.9363031091212421,0.018049475645833334
cg02052531,0.04737664921690557,0.04828192275100109,0.9614936305067918
cg09354037,0.9715120844195944,0.9379176553675991,0.009041618443384265
cg10744305,0.016473182097171683,0.029582815959646125,0.958058438912281
cg08923594,0.011703542426245094,0.007139975530378928,0.9539425614055903
cg00769161,0.07596056496691246,0.052241883778256865,0.976505127836145
cg02097616,0.06785151936561451,0.040069986049444346,0.9735472883553238
cg11779113,0.9256286447663125,0.9457048676678762,0.016424245738153438
cg11748354,0.955123326547181,0.9760865618675756,0.01612062379260588
cg09760574,0.041645639071066234,0.03349895517545012,0.9447011206654482
cg20840795,0.027396171249751723,0.021309200081579945,0.9390117897421557
cg09344348,0.947971657557506,0.951356257947542,0.032658935020833335
cg17771150,0.9381280635806524,0.8874058852472441,0.01710468469035456
cg23093496,0.919126588823673,0.9085562365380644,0.010159408841050621
cg14312334,0.04879663867123572,0.07807167322226621,0.9770727645833334
cg06064964,0.9351566161814265,0.9557186060656245,0.016671376599865225
cg13189207,0.052421247045038775,0.03262671364376949,0.9908324708896976
cg12232146,0.018587578525099204,0.01286769915095795,0.94804130887749
cg20899781,0.018317997197650485,0.014386196706494735,0.9481549108496625
cg03519577,0.918868412739903,0.9577657594671382,0.01424228378028996
cg16348820,0.047187395001731906,0.03152868130515752,0.9626714909130043
cg11528914,0.9298496236795146,0.896628963567115,0.01030730214866996
cg08079170,0.02914080340191573,0.0365121988335516,0.9561892610219408
cg11586930,0.03361011382955885,0.0388878543897617,0.9824070127984031
cg00240653,0.9615476442371973,0.8849056739635189,0.001054044843042604
cg01657186,0.029979117054057782,0.042646413780611354,0.9605464875
cg01356872,0.021038381423248147,0.042751974662361414,0.9635742497793884
cg00166343,0.9237498163197851,0.9587408717331379,0.01359023320106578
cg27280037,0.018527761153451328,0.036554343846502746,0.9371187071623435
cg20187047,0.045979921842560806,0.020970469968603113,0.9426688377825938
cg22980156,0.038950359903903845,0.03963667139954365,0.9781878762258819
cg13332142,0.07105038107412122,0.037968845293064185,0.9729114469578818
cg25616869,0.05620528478813283,0.02882187126314977,0.9789961570402476
cg13806292,0.02602512451241215,0.013212705591418343,0.9356591105452524
cg18356785,0.05468120608484427,0.07678202634575688,0.9885626104166667
cg02798280,0.04377241899165782,0.11073183525677609,0.9762677895833334
cg22758493,0.07736844891868988,0.027309680335643273,0.9771759371246211
cg20540235,0.05122278143750516,0.06810803610598541,0.970866400104236
cg14818277,0.0207795061928103,0.015590404089768977,0.9572114331365483
cg15314855,0.03812083226199436,0.02426761448496261,0.973850335850227
cg03028216,0.9648746426568625,0.943713694238742,0.024625389465978493
cg01311222,0.01642355090859566,0.0525876901517284,0.9557183003524633
cg26215003,0.9664924573609834,0.9538421496365479,0.015143804972783012
cg07354583,0.959231946122581,0.9104709221357322,0.01194957268873091
cg13399952,0.9193437636147841,0.9577874551990695,0.023622956657082462
cg04384689,0.05151700890322074,0.01381978401723015,0.968547161890637
cg10902850,0.024639099020801598,0.0214385634239774,0.9623066455101925
cg13496041,0.0701571638940163,0.04268205702678975,0.98131111875
cg18921475,0.01920327797976927,0.028419247230306196,0.9545835935174198
cg22367981,0.03273410832072152,0.029464955759014342,0.9630232221074542
cg09233429,0.048373948621319995,0.059744931662774205,0.9562811575
cg20216309,0.044026014600814956,0.01792008450555435,0.9576039451979488
cg11176159,0.9090219236338053,0.9106021208434328,0.00343247424088158
cg09449150,0.023553531385246237,0.0298042242180758,0.9339800568380198
cg17127769,0.9496494015323252,0.8736838747125564,0.009841826829262903
cg24784416,0.04436143742141598,0.04186191534243281,0.9573790401865199
cg13206932,0.06064936178880003,0.0378092785231818,0.9660129032051707
cg09030187,0.03300530053357611,0.02315220622462881,0.9546993740220192
cg25447873,0.022649134260493475,0.025845786959008313,0.9535246646304313
cg00041666,0.023800390674105876,0.014009449352087111,0.9272716498331297
cg18914751,0.044688697235685776,0.01809744157038301,0.9549894692707883
cg23385208,0.02153472570138436,0.031398428161702636,0.9260648270315078
cg00715197,0.014318167336730239,0.05822669267624327,0.9599205343173903
cg05697726,0.9084419837332821,0.9603834168566767,0.01095681789333853
cg17462560,0.03648587707839922,0.044861576365344116,0.9538635204996349
cg01070987,0.03035753586159374,0.03418240347887362,0.9533269844980228
cg19184885,0.03276858795079845,0.09357039673614585,0.9695042750545663
cg22687244,0.9288721061171342,0.9255886264702965,0.01448327867569627
cg11733245,0.9381919015256852,0.8914865062235592,0.007027963851152151
cg08616663,0.05011809992855978,0.01693866155762555,0.9611726485076002
cg14122403,0.021348316040875424,0.02072958360499735,0.9289995449516893
cg05608541,0.9462182859203656,0.9195802458571587,0.01682791352113464
cg27366882,0.057386846239632985,0.06407757103981297,0.9654865934668678
cg13670531,0.053904196317450456,0.06177443722376393,0.9657996160111503
cg10818657,0.018581254622095256,0.04933386228591391,0.972939059118206
cg02539809,0.03524004374599903,0.019886276058643706,0.9484461816314413
cg07222861,0.9339426016571241,0.9506550290994235,0.018481479554492985
cg17731065,0.0671809470108205,0.02541889761604634,0.9695197908547178
cg06267617,0.044711222826306594,0.01601683528301713,0.9856392596346638
cg12431891,0.058262499898900116,0.02277078203414387,0.9756283426121335
cg22614759,0.9089954455947724,0.9272174000206926,0.01151490814955286
cg02237342,0.951512233530391,0.9428823855288987,0.028314043104166665
cg10649042,0.9504385782501455,0.8836693999600931,0.003775815980796655
cg07982740,0.03799235930322428,0.03597586212942548,0.9493878027243035
cg16117781,0.9357040978872029,0.91054696075022,0.017691457542749284
cg07860918,0.9439595506386094,0.9643767945573707,0.023123957727300477
cg03436397,0.944606632507557,0.9123418929577404,0.00037460640066483886
cg08729279,0.047000934115131676,0.02992530699222318,0.9581076576093618
cg01668352,0.020868659188111198,0.02176812892423839,0.9233610001498112
cg10257110,0.022008859751717333,0.05166694118012067,0.9615496508098375
cg25625968,0.01735271433675668,0.012493953214007899,0.9179042756678385
cg12535109,0.05423465658358512,0.03635916101042875,0.9620483178410408
cg15347788,0.062406112030769505,0.01744000762273134,0.979953572439366
cg04785083,0.938053101360307,0.9478589622864076,0.012251882673444138
cg00974944,0.05199224554616545,0.013672928578522342,0.9430812004019148
cg08578641,0.03938723972308793,0.028532782564218383,0.9394988910259708
cg04441857,0.9702111864069294,0.97499327994512,0.032452179545114125
cg02794695,0.9471901211749646,0.9010100998135896,0.010189237017817102
cg22628512,0.04146687842233271,0.027561588364335584,0.9452465686476612
cg03354616,0.07274613039689805,0.04358297077430067,0.9762331176170425
cg06363692,0.06247319992320444,0.04884860448954245,0.9664030747103068
cg08141959,0.017044572260319975,0.08729147186556652,0.9588835599881698
cg01382502,0.8986849275742078,0.9557277711607737,0.004997361239177802
cg14313184,0.07589041837330239,0.01799959081995579,0.9893662448468854
cg22730327,0.052669062583831576,0.06645551899105001,0.9759031883944357
cg13213810,0.0697719878655403,0.03408693575595674,0.9584340375
cg03985360,0.04859387674343535,0.04882396848766244,0.9588221490065731
cg00255726,0.969153130191998,0.9536122066755173,0.05280289980920907
cg18908499,0.9390171644587031,0.9493030639333987,0.026826081047508145
cg02153681,0.02595073608865212,0.08568755093113303,0.9767657338094545
cg21188037,0.9109984757631909,0.9439160597272443,0.0048630465023649155
cg14539363,0.9090446571092392,0.9435009577591826,0.019303168906893424
cg03901576,0.019271467727822886,0.04510783788342627,0.932095135286086
cg23013029,0.9704281654554765,0.9730841502336687,0.04078868031830305
cg11166893,0.9413744444166785,0.9569370916329162,0.03107062388230272
cg14106719,0.9137452635875419,0.9062219722205068,0.0034924935755591547
cg24757533,0.037873401657136714,0.08923533114513305,0.9698809708333334
cg21643939,0.06295658973272422,0.048090891544645076,0.9705212714351117
cg19984911,0.03573372298819909,0.015591042064364109,0.9524237625465513
cg02657012,0.9187088132336598,0.9441862506228511,0.010007323363232592
cg08767044,0.9553061442788222,0.9783597180441115,0.028450743757186838
cg00795205,0.09946879090695189,0.04465673331051732,0.9814731143665284
cg09373676,0.04774562614726647,0.01384096519840123,0.973508896756244
cg18091964,0.9635856557396821,0.9465857863443742,0.04209663011379381
cg22834542,0.08105487578755773,0.030705885852869007,0.9890828207905354
cg24771152,0.15104722255715675,0.9486862910206778,0.94348643125
cg06631999,0.08983775509482313,0.8731366481096676,0.9850195179251836
cg13471735,0.11029363037081549,0.8323305147619052,0.9262202575405393
cg23080355,0.07553007371757371,0.8289265716149179,0.9915887473836463
cg16402006,0.18101257347823735,0.8767822064390729,0.9479822291666666
cg02870676,0.14863228606410586,0.8769687471564702,0.9669343351872525
cg08942527,0.03203371777447996,0.8603939698290852,0.9100988193181978
cg02524834,0.10239896080977043,0.8150076959881942,0.9348277498925535
cg04734784,0.10282579980314728,0.8671408614279942,0.8161047630169666
cg26047066,0.1170109695343983,0.7624702730310348,0.9597562395833333
cg01607932,0.18866412144379882,0.912567653397351,0.9816787457062676
cg04906886,0.1058052167662472,0.766113038385436,0.9414219236176092
cg09070415,0.15748506393512918,0.8488218599884687,0.8849036333159637
cg14116056,0.19257026713543457,0.9174712605597287,0.9774250538843876
cg01009920,0.042888211910467405,0.7120081858770828,0.9394613145833334
cg25001102,0.15953847226888634,0.7364366165997284,0.9622407229166666
cg21121082,0.1831954907508459,0.9700396170115148,0.9715127508819771
cg02272851,0.02793099591224299,0.7209597382645775,0.9512249570065442
cg00927503,0.1224431746592282,0.8098160691915617,0.9532287737436864
cg14195992,0.052088902972348,0.9629182617868518,0.8397841883511807
cg18563987,0.07070712427910786,0.687803221893658,0.9480749019664103
cg18718469,0.1902607225749777,0.8706155912246358,0.9664717895911886
cg14029912,0.0707338084845545,0.6457342155826913,0.9649748770597628
cg20698253,0.17038642028606582,0.7323251023994123,0.9152657666450402
cg10090591,0.16684293291189892,0.7628887475934508,0.9834244212698383
cg09571376,0.26077839425072996,0.885162990645555,0.9819351765399558
cg12811617,0.09949519844070723,0.6509969403206217,0.8744374204166667
cg08412316,0.21413059319935718,0.9443587394834047,0.9157674954866828
cg17868893,0.1846648451457514,0.9083464778311582,0.9485932109617873
cg03467706,0.11626061664599091,0.6871460381024295,0.8948238932620813
cg03198203,0.09900994478915981,0.7318712829787953,0.8979105181816189
cg16724070,0.1566713112446151,0.8051425211496008,0.8776486176498229
cg02937491,0.23514836031895797,0.9323885485337459,0.9658529936844372
cg18580385,0.13528462628426668,0.7476079383939559,0.9402327836142155
cg01089914,0.1604205415202406,0.7745151225681506,0.9830696744791667
cg03175417,0.20158857138086045,0.8514977260799228,0.9114711081456727
cg06398242,0.0553971525582339,0.6357045430839663,0.9273217541666666
cg21647035,0.04158598551683709,0.6112212447688253,0.9785843202498491
cg09871265,0.23085520542311708,0.8775560890034088,0.9481451187574068
cg02697979,0.09034985880333748,0.8504692781169176,0.8921344933282662
cg02404377,0.07918378798996871,0.7319390355517333,0.9791122533941152
cg26869615,0.1784738586621594,0.7945105674103228,0.9689286593713903
cg24937735,0.033869297801444036,0.6775853874585309,0.985292640006314
cg18560551,0.2343413342314356,0.7870943476806866,0.9814621890342256
cg26479028,0.09866111249600593,0.6068267770643515,0.9149911226330188
cg14394171,0.12718356762675595,0.7092454688649313,0.9391400417761271
cg05416753,0.037702329216082665,0.6451018343731395,0.9335917280503848
cg09828411,0.22163600720736598,0.7175898624021398,0.9664931137212657
cg01192077,0.18504481401517245,0.7912315716223934,0.9433224479166666
cg24770408,0.0521165020152549,0.6030564169775868,0.9357421776331541
cg00944421,0.03969541218901561,0.6309802104144993,0.8639967979166667
cg02976355,0.23010063077051046,0.8425312145359672,0.9566583239883848
cg00331101,0.8325171246601559,0.3897931227643101,0.08349993541666667
cg00264419,0.03106545658571549,0.6599937601334818,0.8378102474840066
cg24903893,0.21074193971224633,0.7712799522080325,0.9444783414682832
cg09420319,0.22923030091006558,0.8061538999641865,0.9714490540352128
cg15718528,0.11523630096577189,0.5957933868171739,0.9265875975240626
cg07986666,0.1699885433640048,0.6896896707900536,0.9484270117072771
cg06227406,0.08173572797201971,0.6531605173865185,0.9175657777156775
cg05052271,0.16472263746798246,0.7202636592424884,0.9578866076890841
cg23909079,0.20784756133924875,0.8346437731727168,0.9358660401442592
cg07528209,0.1785418217425286,0.6680810761213432,0.922155396943526
cg02572796,0.21890936032181083,0.8837905031336869,0.9556431327367108
cg18749404,0.16133910907530932,0.7488532392022603,0.8970367257753968
cg08942191,0.10450951443266594,0.8167399251631012,0.8562578444095498
cg16959787,0.8964311404552089,0.39717193177969057,0.07213473249999999
cg12069151,0.2154690338638336,0.6466539575279585,0.9721901376207684
cg20761840,0.13197270444071893,0.6401487078802405,0.9406360768370192
cg26736200,0.1892436729854626,0.6866413599164036,0.9482394541666667
cg01400468,0.18684411007720064,0.6362492787783196,0.9654911166666666
cg12210457,0.22940805604009806,0.8227930189410557,0.9783906070350493
cg10992465,0.1843605512144085,0.6731909628476725,0.9155915436501956
cg26433640,0.1553877287896375,0.765832122963848,0.9416455344127768
cg22190721,0.14799384578279953,0.6271323352009678,0.9344671819673004
cg21340733,0.1115687990161081,0.5600304218974507,0.9388472772275156
cg16365424,0.033679187732574514,0.5544374058520094,0.9279474290384698
cg22807732,0.8224670075187928,0.33618731583422906,0.06134059832734269
cg04158862,0.15881161981699726,0.5735759215176742,0.941192453011142
cg21829783,0.8205595872915995,0.40718637652655754,0.013206624332581855
cg16627836,0.13641150756919765,0.5876671602462015,0.8889085583867055
cg00990350,0.8181131006158954,0.40248482194722907,0.0755454616039069
cg20949700,0.092345345830481,0.5801874915044238,0.9583264728091465
cg08670693,0.03182482141980658,0.5219696853068514,0.9617225736698461
cg10317717,0.09014370537839987,0.6282410173008905,0.96448185
cg10530055,0.05603786370184277,0.5445846872991711,0.8308256574184679
cg09581137,0.07888087788367687,0.48569061411697134,0.8311982270833334
cg17781464,0.19114520996450593,0.6588722247405722,0.9617322635254036
cg09493621,0.1305983275997025,0.590106602229019,0.9628810187757064
cg17454283,0.934595436366043,0.5170207009328978,0.06335090555483518
cg01824625,0.1355198898273569,0.6223998309878731,0.9348257362251982
cg03840259,0.8936863602805784,0.42558114770953476,0.009069317027318153
cg11824101,0.18773199577975583,0.6536634561134986,0.9757914338208383
cg26552650,0.1502487729093083,0.6258354594114037,0.9660850673179399
cg11844042,0.022859976454565084,0.5344683316655018,0.7891926331067778
cg20772593,0.09651596336459967,0.5406056833532019,0.9297678096019734
cg16775752,0.12650653708924384,0.5957356274301034,0.9841788083333334
cg04480106,0.09001358706607965,0.6179575694362438,0.8233533399678665
cg20067765,0.23801928935902017,0.8358547554137303,0.9754938947621545
cg20621765,0.15744632649718046,0.6880047281721084,0.8946708178008336
cg17800396,0.15410471046133156,0.5236060413828778,0.9219196264156589
cg15569292,0.1894021741361607,0.7601161755607383,0.9874530944323477
cg19653282,0.08846974653269048,0.5669267800200624,0.9307560804688502
cg16317901,0.12128834059134445,0.5441292621069472,0.8663904111569085
cg08656837,0.20869549708384025,0.8278296531852313,0.9599949973759556
cg20685233,0.09719551398103826,0.5075668225593661,0.9729259757028065
cg14742187,0.21803075868888921,0.6155184235183461,0.9799473833264027
cg09680131,0.1518869680212761,0.5974726629593146,0.9744652723403618
cg26203383,0.8782294116012654,0.4645950643715359,0.009400376487140927
cg10290679,0.11585523627854125,0.5438446449973993,0.9694598301667868
cg04165508,0.18089041788252908,0.8170119010496446,0.9143014928532828
cg12885484,0.09621401637311303,0.5498669702021373,0.9214652565841916
cg19797087,0.8667788459199358,0.49755648398261165,0.03710821729166667
cg22436753,0.8958342211190484,0.5041027936162038,0.00872270421700592
cg09829580,0.8102859352932167,0.44491041204641735,0.03895816139135155
cg22055891,0.14128023215164703,0.5969099044740505,0.9526673161957437
cg18195165,0.030329354853229146,0.48759505846677237,0.8512402554226133
cg02771464,0.11268212939763715,0.4561575472937101,0.9055972403190798
cg26874999,0.12847572958378486,0.5655057839145924,0.9508339941748241
cg00871207,0.10644190203973085,0.7812620597026948,0.8509832906009104
cg22950831,0.061963658847828146,0.4792562746863886,0.9049979257630242
cg16986661,0.21449752164432148,0.674108274125825,0.9576599394679701
cg07959609,0.13829686521030204,0.5281460638126109,0.9739321709754934
cg00868875,0.16367833249801214,0.5622420223021712,0.9487128812584601
cg06285439,0.0787040446389135,0.6640881019638702,0.8351830435041443
cg02635370,0.19257679456630108,0.6275766641794911,0.9478480197848191
cg03763118,0.24248052339655682,0.8492582923948844,0.9568294371862184
cg09606470,0.7704068344398981,0.44398350119332025,0.0017603188286196643
cg08773462,0.7790859191432808,0.29942331103907427,0.0019990252199852485
cg08353973,0.11202033944984882,0.4847933161638462,0.9066483917781991
cg07444408,0.06680112681586693,0.49333664887962686,0.8695580322052188
cg21807944,0.08074401808937244,0.5129863154985559,0.9068635551231038
cg20663831,0.8146883830076369,0.4181967567614664,0.01475982007278066
cg13401014,0.1352931766833965,0.5076767812030052,0.956041125
cg19246197,0.1548340936819334,0.6025414919836368,0.915875962366833
cg25407528,0.1014951438505349,0.5226397195623215,0.9372743137008702
cg12127811,0.1119864377333456,0.5128634470319073,0.9143068362209479
cg22159939,0.06123110609722332,0.42999141357599185,0.9320933606120232
cg14266217,0.2238087466311185,0.5919553667918819,0.9724678885926217
cg05959508,0.7924121912039509,0.48401705202320777,0.0247403864615589
cg12879425,0.8730824542817803,0.537747613654059,0.04602190129606433
cg27409514,0.15124989833389188,0.5118711621150701,0.9359551542449851
cg07813031,0.8540646874195281,0.47395437393643974,0.07639015767900136
cg02611419,0.8095022415560815,0.48010828536688616,0.04072201194465676
cg07373212,0.1547671708792256,0.5285799139391042,0.9592328630523497
cg02727530,0.1359371115124927,0.45789937157194516,0.9229304327109605
cg23192403,0.942000381966931,0.3855955754930467,0.18322220206806117
cg23920016,0.09458609194993817,0.45960628780139684,0.9702240841046238
cg00555816,0.8155670315247541,0.4710777209687767,0.055342378418695735
cg00211403,0.8530287328017391,0.54668630943456,0.06539343748724293
cg16167060,0.0889653142134406,0.4458598478525801,0.9681237942461587
cg14247287,0.03849717531744214,0.4422044780206601,0.8783140631725225
cg25587431,0.061549013745223514,0.5070311757375483,0.9014201000699976
cg23916896,0.8835911714739278,0.23169902860581837,0.1676886304354478
cg07095737,0.1881437190914542,0.6195525101102655,0.9482603312671439
cg11869193,0.9066900958931777,0.4246990865275575,0.12149861666666667
cg23149072,0.0960911633801588,0.49803866301089406,0.861874254903329
cg20928777,0.830294403906766,0.42932864157449735,0.08192278637036746
cg23342625,0.10918903065114799,0.5252644684240083,0.9373316559263817
cg02631092,0.16855810168312813,0.5170304044038813,0.973050277128073
cg26645082,0.8406016489431426,0.518519912624995,0.060322888417531736
cg00869330,0.06995315464597666,0.4830835442704839,0.9191674103922094
cg22235600,0.07547954601360396,0.39450424074745905,0.8816503375
cg05335944,0.2193160054270815,0.7408680941741844,0.9850396800427218
cg07244095,0.8036507326245464,0.41457548598103283,0.011545636396845286
cg06800235,0.8932241553070124,0.5587086885397333,0.026085361104166666
cg11199014,0.12159097225421177,0.4422956240653999,0.9083452788255765
cg18207999,0.7837783292220172,0.4987802952136992,0.020049879746585668
cg23362669,0.8144093258853943,0.47002611030136887,0.038764937797989334
cg05264377,0.07104890724075609,0.42403171068676776,0.9510603064101515
cg13714378,0.12431492237929556,0.42164405383566106,0.9480027376751515
cg21576187,0.03334770612892471,0.41892476120525146,0.9361039583264108
cg02852025,0.8271270527700094,0.5150537231984859,0.008468099996266593
cg17272838,0.0724201700890311,0.3817419563007745,0.934138212667593
cg03653601,0.9031792736675389,0.5667159705307897,0.01922197928197576
cg04822621,0.7995958611556503,0.5117704817639744,0.006064079112808867
cg21130374,0.8451021063457316,0.4401680096433887,0.009792308615713213
cg18167946,0.09428583527309871,0.3942896543699036,0.8971267258270134
cg27076536,0.09034210685842178,0.3722711938124212,0.893904625
cg16497714,0.8554574913313715,0.5613333094494005,0.01978000856254443
cg25655489,0.02677318086119764,0.37956161897779517,0.9232299170284741
cg13909405,0.12683170978997915,0.48234022809529603,0.890410948044771
cg22391718,0.05828326151872533,0.3737200326797888,0.9244604375
cg13393327,0.10939262641906423,0.442591616777164,0.9515341913449179
cg04851348,0.20477408510930645,0.6014867618346885,0.9862061957915481
cg03573679,0.9278161880117431,0.621469829591512,0.077919075
cg21332304,0.15539701242305562,0.47473234316280416,0.983893801589133
cg09398856,0.12130378550073524,0.558368148694787,0.9818699114738689
cg11820833,0.017432124176790822,0.4446718906928651,0.8251588812451944
cg01144086,0.7889240803065966,0.5234194793304147,0.004547700575704162
cg13370010,0.13848912638802366,0.5619068793712104,0.9764253232993371
cg09264231,0.8543957627856278,0.429972921641968,0.06687743216941912
cg24028634,0.9129890535222615,0.5757538989011145,0.06171301375
cg04055345,0.12088628160036029,0.4251355227612837,0.9768161294967517
cg04839706,0.14594409377935544,0.49697414313052224,0.9378041485139385
cg09302031,0.07239547871067242,0.39509075411505756,0.9648981631910082
cg01135464,0.2066975335833405,0.6171106152238183,0.9636638895833334
cg24691453,0.8251125593390651,0.3473511351594953,0.050283889105055386
cg19592277,0.15007158732987538,0.4392082769303808,0.94511875
cg25037165,0.0298865115200928,0.385979097031547,0.8540551604166666
cg07182163,0.1227500394811448,0.47779465213758804,0.915798676609513
cg18630178,0.18311475824378273,0.5660535912651934,0.9916728791666667
cg24601480,0.18641484976642822,0.5117828639067584,0.9720402634157155
cg15659527,0.14522581164928672,0.4087516369050038,0.9206336237801617
cg19735250,0.21833703883332536,0.5553207563012992,0.9745895583333334
cg02964356,0.2245677844698817,0.6584236630437938,0.9649792791546973
cg09615821,0.051779463176899555,0.3635641628243304,0.8764277270833334
cg08637514,0.8865877429814306,0.6045078989010992,0.008815718074440565
cg01035931,0.1412702323210055,0.425392329100889,0.9756891933414654
cg13005635,0.19225559743239087,0.5549097070394385,0.9780003039824835
cg10351284,0.8201186664647303,0.48290878941733173,0.06249616848653347
cg05174942,0.12706954780088675,0.4325202915984614,0.9473663367053735
cg14277677,0.031525009297723755,0.3419073278195744,0.8328947936319584
cg26049390,0.07084022023828877,0.39609421596297134,0.902006653097001
cg08804626,0.01938627355452535,0.3709839309879883,0.9838192178723361
cg11290720,0.8568423368221886,0.6102032826779933,0.03248067617267507
cg12926596,0.11135802743743757,0.38846851163461416,0.9543397774139935
cg02223135,0.13391602644560094,0.4253603936126766,0.9807419780379715
cg21197796,0.06787117113837375,0.3557145921518343,0.8806019648131089
cg05935904,0.8641469450092449,0.5901452357206153,0.05499309148454806
cg13014558,0.8040052853153564,0.572091570037784,0.013121792506236659
cg26811313,0.7970018427317228,0.5397101310266654,0.01160961773927298
cg15844596,0.8229638659762153,0.5872562885306757,0.01641710190692035
cg21475610,0.08278691897607074,0.5103960131500178,0.9064447524393157
cg15074524,0.8639863939805836,0.5568302831954959,0.056221189902409104
cg02184413,0.9188242439226432,0.6030527458339444,0.0447099531188373
cg14420953,0.11929534586984497,0.38111025555176503,0.964062677263179
cg22402224,0.12271507584814609,0.42697620385173973,0.9574691947309121
cg02637352,0.104082512168459,0.439389384492308,0.9788540549636635
cg21733927,0.04481179935208344,0.3135637906805313,0.898978984838031
cg10005565,0.06496483213387266,0.38774247764938524,0.8240245800194933
cg06786600,0.140322295614148,0.7460300333786083,0.8792745120961569
cg08834350,0.13829902539708414,0.42853265416950165,0.9484899569319716
cg17605084,0.8387292859742772,0.6057137550258558,0.014777983293985643
cg03373714,0.04658786238083424,0.8137762125835334,0.025509231770352813
cg04256248,0.9445117673162402,0.22907225652247576,0.9672103833333333
cg06804334,0.9380821770154748,0.20187345812570515,0.9640775232019076
cg17261096,0.9096645594511754,0.18839997641238324,0.9553974422020031
cg19230787,0.9201571149775623,0.27607993941693243,0.9609949937820105
cg00806644,0.11162754257281352,0.8754931575868242,0.013350365658588412
cg01736164,0.8861710882877575,0.23077342320098132,0.9786024265625
cg10293282,0.886190241906472,0.14149404940878788,0.9454236596552443
cg19034132,0.0797806385700074,0.8569394637783897,0.04224606118872803
cg10012393,0.8398521009691695,0.12391559114234364,0.9310678145833333
cg19119942,0.8750378646901487,0.2634428693954375,0.9703980208333334
cg14552882,0.9196055716110858,0.3131059665607303,0.9831575335993494
cg14660163,0.8959078898903516,0.2052596189216994,0.9841392084319353
cg17262755,0.8210881234834063,0.1976004977488288,0.9041781447562394
cg12190306,0.9367671092224341,0.2251520324430567,0.9223004929426145
cg09153659,0.8717166522794526,0.2652670939686485,0.9531531449439214
cg19007570,0.9340939024172099,0.30398109018467945,0.9792512562438982
cg08480996,0.8617418156336035,0.12464316479231888,0.983353270152012
cg09968147,0.8745798381059858,0.23309436300938371,0.9478519437812212
cg26683636,0.9190951915693543,0.30939444299366614,0.9777397391813092
cg27040696,0.7806398970906334,0.16094335484684297,0.883112211165997
cg19795556,0.8624569123406929,0.17673350616921327,0.9548641625
cg15229245,0.8600230617632344,0.24050853087217933,0.9466617479166667
cg06224766,0.7933849903558228,0.1404666586290095,0.9515320212874239
cg06585804,0.8824676988779536,0.24251689688485628,0.9558781710975542
cg11661265,0.9209210808050632,0.3600653899230742,0.9818128962547676
cg21067465,0.0839798173356365,0.6739390935606544,0.03615957266679175
cg05974733,0.752237683964856,0.16995685547203063,0.7783182622372009
cg15742515,0.7298944955602277,0.14863546012361775,0.8650709778642335
cg25621182,0.1284278629157882,0.7035887846500369,0.08017536917457932
cg10134425,0.932632897289715,0.11281151859937125,0.9233328906475551
cg02060919,0.7842078410041654,0.0611512247150045,0.8875142726693722
cg15275965,0.7262536988830623,0.11839153849061967,0.8790745684787407
cg25540854,0.8728180819022975,0.23830314903603386,0.9574457282534236
cg24161057,0.10683939547694919,0.7732110816944231,0.03581521497916667
cg11518826,0.8836665089141404,0.15107995526346743,0.8962370557985867
cg01952742,0.835475157675125,0.2955601380534587,0.972461649070882
cg06120359,0.7896371638827622,0.1291825262473092,0.9001959843828877
cg00764796,0.17129780415870657,0.7859960803868034,0.0431829025
cg08167560,0.7897460251138797,0.230774455541329,0.9328597581815768
cg24851600,0.8718710002281324,0.3029962118511012,0.9184823849835714
cg10148419,0.8337982312517425,0.09866368158295362,0.9712170318824518
cg01604468,0.918042584533228,0.27530001928384457,0.9687396514562587
cg03249131,0.8942432821752736,0.26136430744229877,0.9490411583333334
cg18167466,0.8820580874323263,0.25449519629945544,0.9799529122101049
cg23217025,0.09857508739615616,0.7081779987971414,0.07180087464894681
cg21346679,0.8804866378785319,0.21268870431763243,0.9357835117613735
cg16360831,0.9088604135789023,0.31189717050516724,0.9566650104166666
cg01292175,0.8282205774074718,0.2881415712935444,0.9341923939725926
cg21474774,0.8065442036970101,0.13725204315993497,0.958291537870023
cg16703420,0.7846981537977038,0.14343630900528542,0.8249162142273725
cg18351406,0.10931945251235116,0.693088948409427,0.030558202293220527
cg20679448,0.8898411915177301,0.21395519563583448,0.942228484956766
cg14740976,0.8613072499762898,0.3037419793308838,0.9386702437357145
cg24176926,0.818120766598357,0.17356028391831227,0.92791408886355
cg13906823,0.1221411960221576,0.7673990297078062,0.0430162116875
cg19893473,0.8463588217225213,0.22562304190786317,0.9742766207724494
cg18867781,0.8036973218312677,0.16855729305348371,0.8887459791666666
cg25920191,0.872575533809789,0.24949119018617472,0.9723073581551571
cg14071179,0.12347329988692297,0.7954691201059912,0.0905832367750803
cg15805337,0.8556643435119742,0.2661627686910529,0.9575445754041616
cg04398893,0.7991424533703776,0.1272448680583698,0.9355208339033622
cg00136968,0.8704555699860856,0.22466028774707303,0.8734658786281135
cg12426196,0.09344191379482154,0.6524888108144155,0.034134029854166664
cg13903282,0.6700962408705309,0.08348549214480179,0.7830061807071524
cg24838237,0.7840300363422557,0.17853397026689774,0.8462690879361224
cg13445249,0.9080278093974057,0.22483627640318696,0.8963299671310899
cg09467675,0.8953309945544875,0.2419738446472393,0.9641610104166667
cg10294853,0.8723613991211108,0.28970224009827583,0.92426350625
cg13466383,0.1503296259489618,0.7430778611042028,0.09564558333333334
cg05415931,0.8526566898163025,0.19673311460437784,0.8689138622844651
cg10226546,0.19598640449955243,0.6868025925513909,0.026952403925805377
cg01947943,0.80882347872968,0.2608366723376864,0.934402311902183
cg14153740,0.8548432300988223,0.3152365432995671,0.9458491902174915
cg24192660,0.1155234495737543,0.6651431430863782,0.005206836354166667
cg18747742,0.7658422906756248,0.15335015838222746,0.9204484791666667
cg19923393,0.7899913144144856,0.056152180698514936,0.9839942208333333
cg26010655,0.811255022466678,0.26230559981193136,0.8843264643540842
cg00295325,0.7650119541620124,0.12235411104349742,0.7986502946229663
cg24919476,0.7789814894350364,0.23522406562581516,0.9064824811522747
cg27131703,0.8487568922652106,0.1512577631908552,0.9227098409081659
cg00329300,0.11094089081036698,0.7721377965195064,0.09969108104166667
cg10338830,0.15529627083443262,0.7265433916137394,0.01977199800678537
cg10062193,0.1309643979351462,0.7186228057031601,0.01305997149804236
cg10908116,0.8731236066357285,0.1558756314369029,0.9045167003410668
cg20677267,0.9235042697371993,0.20167255831741104,0.9179354724375623
cg17280723,0.8784220928105714,0.32055799072660635,0.9524523867495965
cg02312706,0.8464893684010286,0.24698474935528605,0.9587510628930954
cg23411036,0.7349817117024571,0.18749082610782647,0.8191494613024459
cg10820936,0.15375496233265606,0.6784309378964736,0.033201354461520304
cg02257172,0.8478228912785243,0.33821631716454087,0.9693949638934045
cg26308042,0.8348214281127425,0.23774028940726105,0.9682999232962981
cg24650913,0.8499178824827163,0.29041918097298847,0.9456148546732668
cg02099572,0.8564671854356589,0.14477056359324156,0.8528000916666667
cg04914574,0.7468123358888558,0.1683869082292291,0.8436308122344699
cg24940096,0.7753726206950697,0.13588745628725732,0.9277922032647152
cg06795722,0.8934365679617979,0.29202458645681645,0.9209043846494185
cg16340136,0.6344784808454352,0.14074111663597869,0.7726190731686748
cg01329509,0.8228351031671933,0.27253410890519475,0.8919637604166667
cg15503018,0.7900339741796247,0.23294737939484292,0.8889302241429423
cg17810360,0.7330623698370902,0.2117806959016509,0.883952947201018
cg08527124,0.03498079264972757,0.6450601817181754,0.003029379922800919
cg03935116,0.22124631786987708,0.8064040363448238,0.11967419112184903
cg26604359,0.6750412005985829,0.11844560595109703,0.8575145287912865
cg12526923,0.1888766825488081,0.7715887108424492,0.153736516875
cg11389618,0.923408614424106,0.32039566039064227,0.9740925005047989
cg24436715,0.22228540103435004,0.820648066494395,0.06821871770833333
cg00430895,0.19361568073093435,0.6675222214502632,0.02493587461599668
cg14531663,0.1367213676262777,0.798164132662252,0.047769375791666666
cg07913430,0.7234876264737339,0.12853577007823663,0.8657018309031049
cg02133070,0.7935034669894089,0.26863756385687554,0.9083951463612159
cg06958537,0.15107629063252934,0.6419306261106016,0.006379330114210781
cg09304624,0.7936125294348316,0.11312186131453895,0.898617319107363
cg03498081,0.09827551678268265,0.6926641955690189,0.0053112119228308306
cg05700616,0.8035658776617111,0.2886382208220037,0.9628016254069662
cg13442709,0.8687640358111263,0.27851686855554675,0.9279587104681946
cg21143224,0.8557097822590166,0.28710537345534315,0.9780691855136913
cg18737349,0.8560217264815208,0.28430051886521374,0.9215959412445164
cg04313733,0.8573390979621388,0.314884585658749,0.9788684144200839
cg16717546,0.7571569079172102,0.20530192880705436,0.9107362622608428
cg19192280,0.10771837985193332,0.7416065952748045,0.06561340195833333
cg21472050,0.9471859359223539,0.3441368550616283,0.9783781029272478
cg07143623,0.19798183007493136,0.8060352490886359,0.023573940358308725
cg24627789,0.7651463594824607,0.22889705155003523,0.9103213760776976
cg06520081,0.7412592347267752,0.1267049892521756,0.8683631002220772
cg20945212,0.8516145333404763,0.3167154315439017,0.984098436551044
cg01201932,0.7364076013343295,0.26930404149459897,0.9261147749592822
cg08814536,0.7032581115089559,0.0644072493053552,0.8284662392529982
cg04138378,0.8662455634692814,0.33728946076479094,0.9921114230114505
cg13729285,0.7395557337278624,0.13338800251667235,0.8715766768532086
cg05415670,0.793609619184266,0.27196987356381375,0.9532374895833333
cg10386298,0.18730981553384987,0.7559937828741263,0.024946205354166667
cg11229267,0.723600295836689,0.20495995397579111,0.8859424543088352
cg05813417,0.7816507986405353,0.19439840874724737,0.9187102299497029
cg27322071,0.8517382724272671,0.24545786025258584,0.9140683107002686
cg26445785,0.8146736084919757,0.2787719423052466,0.9315258833605213
cg25379954,0.9095236256142838,0.32407435542811625,0.9559125955829912
cg25311507,0.7813790732192589,0.26139985516362985,0.9118558616138026
cg21044434,0.7800751737658059,0.13342719354533455,0.9605107972602683
cg24657419,0.7534510807582383,0.2302755711207443,0.9320425206954778
cg02294420,0.8305798265632643,0.26877653518964795,0.9498347859774487
cg16286755,0.8412646814003455,0.29222456856820034,0.9520212796874999
cg09006039,0.7790873590972484,0.2169405138872573,0.9078782862914649
cg20573218,0.7364261878103787,0.08746836543303456,0.8813305379359251
cg03225502,0.8437162490485841,0.25308623541856895,0.9352554941013783
cg20565833,0.7705259744075716,0.28609644924109634,0.963420514041425
cg14186944,0.8751005063265377,0.2685892548402362,0.9605613611844347
cg08879365,0.8680779718357569,0.2600949390356845,0.9331087464291883
cg05701478,0.8883556680126795,0.2794176162129881,0.975736005684538
cg21451309,0.765991492089928,0.06005100743235854,0.959073191943025
cg17751550,0.8109795583721764,0.19519089034121834,0.9648273150554804
cg02154084,0.7970114954767283,0.2534027872282861,0.8692614889330862
cg17764838,0.8566782671125406,0.30634542641759177,0.9747987600710494
cg17160666,0.7169603197508713,0.13813618795437962,0.9650197434243422
cg19092343,0.8227088559015427,0.2644149787883022,0.8779252942623459
cg22538355,0.7598148808005093,0.19075928788806765,0.8884237138158543
cg03873264,0.8841587432095136,0.3228923233092937,0.9687544338640218
cg08003353,0.12996640252460412,0.8991025923799747,0.209092435625
cg16363708,0.9409627088920685,0.3148796325057918,0.9781976055614746
cg11779299,0.7723512806070205,0.17796405633487955,0.9106921190266474
cg19088503,0.7409712684950398,0.12853997753422586,0.848172508245898
cg13921903,0.815251012416513,0.24320580041047146,0.9738797114020626
cg04940695,0.8442799245376833,0.2935818127149709,0.9814945456608726
cg07967677,0.24437357702738627,0.7766709553433679,0.051633663409801654
cg04913974,0.7049752860076833,0.15035849105146598,0.8516019263404272
cg13235891,0.8689946300921256,0.23206590093924995,0.9605501001914674
cg12994591,0.7030977868068624,0.14958927130678218,0.8229201926968355
cg27135989,0.7367325473666858,0.21022422556763898,0.8929334200882705
cg18530920,0.8537089694233728,0.33254605757665134,0.973052197171435
cg26220985,0.7529697556639903,0.07319640876928112,0.817898561345617
cg05529278,0.7736729069786707,0.23000615624417425,0.9489003166666666
cg11382687,0.7571168670836417,0.06705732299866936,0.9834238216758748
cg26611765,0.33064046629402,0.9121569067401039,0.051288114007667786
cg02633729,0.8029241173914526,0.022174787319614694,0.9771411410913943
cg12690127,0.14883581039197905,0.7165607126518045,0.03335729216666667
cg27297441,0.6966127071628706,0.15761502036814556,0.8987254333333333
cg14741228,0.08691085773295883,0.7242162559031827,0.12554448065816518
cg04540711,0.8467840153827808,0.29886637924340415,0.9489962724958524
cg18401108,0.8875600081800188,0.32381870818915104,0.9633553096807412
cg26862316,0.8544066430306362,0.3436648577669234,0.9835481017421931
cg10061722,0.7612549523253003,0.2484884070849765,0.9010585581195404
cg18084999,0.9450509851261998,0.22661815928893989,0.9349658765863704
cg26886708,0.8426575057180117,0.2699492684488847,0.9056711687201504
cg12845215,0.8607190107362233,0.21021344177199286,0.8943544132804971
cg12387464,0.757386645346904,0.2407937549533047,0.8877643135363497
cg11662745,0.7339932548739431,0.23383936539207067,0.906291515417673
cg08305799,0.1093425960197304,0.6574860505298886,0.005986691593221498
cg10076958,0.7579476317706899,0.2282785866564466,0.899954386989534
cg25140419,0.1974094889375682,0.7975517220954634,0.07951720657955766
cg03879386,0.871776295307802,0.27310067712488256,0.94123506875
cg13625388,0.7362956872742915,0.17141283653359957,0.8748820332369975
cg22102078,0.9398554599667497,0.25123575928288455,0.9082772176222995
cg03726785,0.7552772042359502,0.2595330999226697,0.9015863679421582
cg00081799,0.8358484016851757,0.26580588614440137,0.9594547999999999
cg18116902,0.2711561560165782,0.7978296577402811,0.09748212012566898
cg18798446,0.7250704805766253,0.18794481762895,0.923553197487694
cg03742629,0.8211105713564725,0.2674217050293262,0.8936524699004664
cg25667511,0.8995600615292367,0.33226719379223074,0.9804869661856578
cg15174117,0.8120342131978122,0.12181682168084398,0.977812535812215
cg11061774,0.7766141995330776,0.2450444690147353,0.9060036624081218
cg14184077,0.7859910765476394,0.27521379270533053,0.9026262911021816
cg03803474,0.7178091351316883,0.1865337767999138,0.9441408927041837
cg00303223,0.17228370744711693,0.7547124025022874,0.1379028499597011
cg25378181,0.5998996421556346,0.06911730794864743,0.6987168333779913
cg20843202,0.8317214315232809,0.3254985651823615,0.949316475565649
cg22998873,0.6805709865578282,0.16570978625166574,0.8774364718357045
cg10938393,0.7447066110175201,0.08618190460160426,0.9243118028886688
cg14744743,0.7039212235230804,0.1851926277202581,0.8348555075258859
cg03661567,0.747716847969512,0.10000056826283485,0.9128529583333334
cg13609089,0.7934095876678628,0.29932902884368884,0.9781307161674099
cg07466560,0.8385514183598519,0.22408165246274098,0.9831221669197641
cg07351758,0.8852489337184497,0.20472110984078956,0.9863543256837074
cg21035875,0.19187584158374,0.7485016261782085,0.09770904458333333
cg20390015,0.7206503627511742,0.2433522623013914,0.8918914264242809
cg18480946,0.7483738361638754,0.21364079902066155,0.866634221329976
cg25942572,0.9401442796807145,0.33789746563578765,0.9861436456562012
cg23831864,0.8065115012461286,0.2855379707344085,0.9236218207692131
cg24727339,0.87379524704736,0.24055944497602771,0.9659994553727925
cg27073349,0.7532807765515142,0.18096963508776792,0.8528099009963933
cg24405470,0.8290932995983876,0.15553354953750184,0.9137024814451543
cg26442740,0.7331040107518636,0.2299080885871737,0.906900785681225
cg25792999,0.8542643011990163,0.3013618844093099,0.9570859284543907
cg25746387,0.8591882327644027,0.2194263944200333,0.9773208457814901
cg00288945,0.8337174177519322,0.2905215400741489,0.9649389534159459
cg24546446,0.21495335333235013,0.7556397955596265,0.023549287432085793
cg00979178,0.7307297744030923,0.23770179676145467,0.922392730791323
cg04458368,0.2396290740045646,0.8437315670951214,0.08846458178284014
cg01511457,0.7139200979282532,0.15054763155307738,0.9333799000900523
cg11662061,0.7561185029078571,0.16874464378097906,0.9786159664094096
cg14635039,0.6676704973082279,0.1387362827156166,0.87693438125
cg19694453,0.7610115028072219,0.258460193270885,0.8837899382225178
cg12448298,0.7147924935722351,0.20582243937427905,0.8903947875366027
cg22495037,0.7778375034965571,0.30014649302868085,0.9387624755071632
cg06934774,0.25399452039142195,0.8807004630408815,0.06520728555745661
cg25214966,0.7872610595997623,0.01585324008295142,0.9789283311762466
cg10737718,0.7291227628916855,0.21924085990339323,0.8454575999585812
