marker_ID,Chol,EC,Hep,Kup,Lym
NKG7,0.0,0.0,0.0,0.0,2.7239992438017486
CCL5,0.0,0.0,0.0,0.0,2.5479729446984423
KLRB1,0.0,0.0,0.0,0.0,1.359139551630228
IGKC,0.0,0.0,0.0,0.0,0.9959710020183553
HCST,0.0,0.0,0.0,0.5431547887677382,1.9948825494625333
CXCR4,0.0,0.0,0.0,0.0,1.7735243723385055
CCL4,0.0,0.0,0.0,0.0,1.5645356121654603
CORO1A,0.0,0.0,0.0,0.29504307868787005,1.9167262819181536
GZMA,0.0,0.0,0.0,0.0,1.570780470941054
CD7,0.0,0.0,0.0,0.0,0.966421278135621
IL32,0.38682200531071737,0.0,0.0,0.0,0.9898631077915541
CST7,0.0,0.0,0.0,0.0,0.9325346577838758
RAC2,0.0,0.0,0.0,0.0,1.2126616672951478
ISG20,0.0,0.0,0.0,0.0,1.011355706186487
CD48,0.0,0.0,0.0,0.0,0.6544116794056398
SSR2,0.5385013285096438,0.0,0.0,0.0,1.2897825181275966
PTPRC,0.0,0.0,0.0,0.5989507574760499,0.813452820794307
CD53,0.0,0.0,0.0,0.4896462586798705,0.7679071098495172
EIF3G,0.19903820048076235,0.0,0.0,0.0,0.8245320310371433
HMGN1,0.5385013285096438,0.0,0.0,0.0,0.6758728525582263
HNRNPC,0.33758493716796967,0.0,0.0,0.0,0.5154119558127583
TYROBP,0.0,0.0,0.0,3.7608681521985945,0.0
C1QA,0.0,0.0,0.0,3.8561947793449862,0.0
S100A9,0.0,0.0,0.0,2.745474515808545,0.0
HLA-DRA,0.0,0.0,0.0,3.448079794189086,0.0
C1QB,0.0,0.0,0.0,3.5549351896132464,0.0
AIF1,0.0,0.0,0.0,2.9120694688778537,0.0
CTSS,0.0,0.0,0.0,2.996291025909399,0.0
LYZ,0.0,0.0,0.0,2.6229915418234575,0.0
FCER1G,0.0,0.0,0.0,2.7707938050559684,0.0
CD163,0.0,0.0,0.0,2.5123363330646447,0.0
S100A8,0.0,0.0,0.0,1.0630112195495394,0.0
MS4A6A,0.0,0.0,0.0,2.409192881286714,0.0
LST1,0.0,0.0,0.0,2.2370658722666166,0.0
C1QC,0.0,0.0,0.0,2.405218937967472,0.0
HLA-DPB1,0.0,0.0,0.0,2.1598500124048483,0.0
HLA-DPA1,0.0,0.0,0.0,1.9758889209385402,0.0
HLA-DRB1,0.0,0.0,0.0,2.0288381544221843,0.0
COTL1,0.0,0.0,0.0,1.9219248753603393,0.0
C1orf162,0.0,0.0,0.0,1.7062840313865126,0.0
MS4A7,0.0,0.0,0.0,1.5192136198152721,0.0
MAFB,0.0,0.0,0.0,1.4365479508433,0.0
RP11-1143G9.4,0.0,0.0,0.0,0.5031395469735633,0.0
CD68,0.0,0.0,0.0,1.345752419031161,0.0
HMOX1,0.0,0.0,0.0,0.8708054270494903,0.0
VSIG4,0.0,0.0,0.0,0.9984358192024635,0.0
RNASE6,0.0,0.0,0.0,1.1573996598019143,0.0
HCLS1,0.0,0.0,0.0,1.369548099861463,0.0
FCGR3A,0.0,0.0,0.0,1.0015908034640035,0.0
LIPA,0.0,0.0,0.0,0.9578149483505811,0.0
CSTA,0.0,0.0,0.0,0.8575563546701164,0.0
FGL2,0.0,0.0,0.0,1.044749012972958,0.0
ASAH1,0.0,0.0,0.0,1.1888303180555966,0.0
PYCARD,0.0,0.0,0.0,1.1335668189147443,0.0
LY96,0.0,0.0,0.0,0.8716032259993479,0.0
MPEG1,0.0,0.0,0.0,0.8801947243187285,0.0
CFD,0.0,0.0,0.0,0.7119655142646139,0.0
TKT,0.0,0.0,0.0,1.2287395400693195,0.0
RBP7,0.0,0.0,0.0,0.5756003749193448,0.0
CYBB,0.0,0.0,0.0,0.8431472899792598,0.0
CLEC7A,0.0,0.0,0.0,0.786209305901186,0.0
SPI1,0.0,0.0,0.0,0.786065364621701,0.0
EVI2B,0.0,0.0,0.0,0.9681418313393987,0.0
CREG1,0.0,0.0,0.0,0.7809611047811336,0.0
ZEB2,0.0,0.0,0.0,0.9144709873294872,0.0
SLC7A7,0.0,0.0,0.0,0.6815835016350396,0.0
RNASET2,0.0,0.0,0.0,0.787805127228107,0.0
ANXA1,0.0,0.0,0.0,0.6878617003789209,0.0
H2AFY,0.0,0.0,0.0,1.010433365353649,0.0
KCTD12,0.0,0.0,0.0,0.6525985892550661,0.0
CD44,0.0,0.0,0.0,0.9305126739582318,0.0
IQGAP1,0.0,0.0,0.0,0.89042320299398,0.0
CFP,0.0,0.0,0.0,0.5039292474385322,0.0
FYB,0.0,0.0,0.0,0.9068694822812613,0.0
AP1S2,0.0,0.0,0.0,0.6868732143846831,0.0
PABPC4,0.0,0.0,0.0,0.8778230460512796,0.0
LCP1,0.0,0.0,0.0,0.8540958538431427,0.0
SH3BGRL,0.0,0.0,0.0,0.8000466748205262,0.0
C10orf54,0.0,0.0,0.0,0.45436267083396953,0.0
EMP3,0.0,0.0,0.0,0.7039258439625773,0.0
ITGB2,0.0,0.0,0.0,0.830388244007812,0.0
ACTR2,0.0,0.0,0.0,0.9773219055160457,0.0
TPP1,0.0,0.0,0.0,0.5896642923349636,0.0
TYMP,0.0,0.0,0.0,0.5789347705563687,0.0
RNF130,0.0,0.0,0.0,0.7050117143003612,0.0
RHOG,0.0,0.0,0.0,0.5801403589446177,0.0
DAZAP2,0.0,0.0,0.0,0.9891235873980517,0.0
IFNGR1,0.0,0.0,0.0,0.3609055409798516,0.0
VMP1,0.0,0.0,0.0,0.4626350249764139,0.0
GPSM3,0.0,0.0,0.0,0.6351429246981035,0.0
CAP1,0.0,0.0,0.0,0.8407890092876922,0.0
FKBP5,0.0,0.0,0.0,0.765601630332948,0.0
GNAI2,0.0,0.0,0.0,0.5897071229065729,0.0
CAPZA1,0.0,0.0,0.0,0.5524907794011618,0.0
ATP6V1F,0.0,0.0,0.0,0.45568169957651083,0.0
C6orf62,0.0,0.0,0.0,0.47042771573565495,0.0
TPM3,0.0,0.0,0.0,0.7533157269902439,0.0
GDI2,0.0,0.0,0.0,0.6040336948291596,0.0
ATP6V0B,0.0,0.0,0.0,0.5764641593537501,0.0
UBXN1,0.0,0.0,0.0,0.4333824134554096,0.0
CAPZB,0.0,0.0,0.0,0.3678279119709543,0.0
PGK1,0.0,0.0,0.0,0.45203789193468746,0.0
FGA,0.8617149913664133,0.0,5.951234277307777,0.0,0.0
TTR,0.9907733515063755,0.0,6.0557763123334345,0.0,0.0
RBP4,1.644991079781357,0.0,5.342657643143156,0.0,0.0
AMBP,2.748542904751539,0.0,5.342502494553803,0.0,0.0
TF,0.0,0.0,4.762968250526475,0.0,0.0
ORM2,0.30848040592127784,0.0,5.134322989438809,0.0,0.0
FGG,1.055395361640012,0.0,4.9408687122357495,0.0,0.0
FGL1,0.6764409973874198,0.0,4.8064344142691,0.0,0.0
APOH,0.0,0.0,4.581283086564514,0.0,0.0
CYP2E1,0.0,0.0,4.524119538740076,0.0,0.0
HPX,0.0,0.0,4.493796586593352,0.0,0.0
MAT1A,0.0,0.0,4.393559748473252,0.0,0.0
VTN,1.6694317082687586,0.0,4.367835629563124,0.0,0.0
FABP1,0.0,0.0,4.252816435233027,0.0,0.0
TAT,0.0,0.0,3.9859744696430752,0.0,0.0
MGST1,0.9448174947829716,0.0,3.928617205263869,0.0,0.0
AZGP1,0.8785352451484477,0.0,3.915258240479331,0.0,0.0
APCS,0.5049727870951746,0.0,3.810120254216808,0.0,0.0
ANG,0.3739161178077212,0.0,3.8780880229979067,0.0,0.0
ADH1B,0.0,0.0,3.9932121815723054,0.0,0.0
C3,1.5109065991967736,0.0,3.9179809681312823,0.0,0.0
NNMT,0.0,0.0,3.749164603619556,0.0,0.0
ALDOB,0.0,0.0,3.5057546785761553,0.0,0.0
APOB,0.5680351643901683,0.0,3.450009523824204,0.0,0.0
DDT,0.8440671344788674,0.0,4.142445368068089,0.0,0.0
C1S,0.13193428718341477,0.0,3.4088655527945178,0.0,0.0
MT1E,1.0613446466208434,0.0,3.736776072998867,0.0,0.0
SERPINC1,0.0,0.0,3.3150997108920652,0.0,0.0
RARRES2,0.8398851383542361,0.0,3.3408181838594913,0.0,0.0
GC,1.9741941568150516,0.0,3.2870560521110077,0.0,0.0
CYB5A,1.3881517844272508,0.0,3.5131574694251233,0.0,0.0
DCXR,0.2528076594424465,0.0,3.6196353849329297,0.0,0.0
MT1H,0.0,0.0,3.4424027758087075,0.0,0.0
CPS1,0.0,0.0,3.0060389347095535,0.0,0.0
HSD17B6,0.0,0.0,2.944285399928503,0.0,0.0
CES1,0.1624695435979124,0.0,3.158876389480444,0.0,0.0
AGT,1.7341830342767832,0.0,2.960026046200394,0.0,0.0
AGXT,0.0,0.0,3.0032453837816253,0.0,0.0
C9,0.0,0.0,2.9321991815047506,0.0,0.0
KNG1,0.0,0.0,2.819239496677195,0.0,0.0
PLG,0.0,0.0,2.831445999300991,0.0,0.0
SAA4,0.0,0.0,2.8028387929991028,0.0,0.0
CRP,0.0,0.0,2.785443595780483,0.0,0.0
CYP2C8,0.0,0.0,2.8435268660092334,0.0,0.0
SPINK1,0.0,0.0,2.4531699518133263,0.0,0.0
CYP2C9,0.0,0.0,2.6736264494004818,0.0,0.0
C1R,0.0,0.0,2.534232773730192,0.0,0.0
SULT2A1,0.0,0.0,2.572642183783797,0.0,0.0
CPB2,0.0,0.0,2.4574319272531353,0.0,0.0
PEBP1,1.3513771708860347,0.0,3.04164730592953,0.0,0.0
TAT-AS1,0.0,0.0,2.5960143558433293,0.0,0.0
LEAP2,0.0,0.0,2.5440015142198935,0.0,0.0
A1BG,0.0,0.0,2.603394955078556,0.0,0.0
CP,0.0,0.0,2.303417351348418,0.0,0.0
GATM,0.5573296847195596,0.0,2.571013852787337,0.0,0.0
CYP3A4,0.0,0.0,2.5545759623234123,0.0,0.0
HPD,0.0,0.0,2.4089443565132695,0.0,0.0
CHCHD10,0.5280683794032877,0.0,2.8051505155967513,0.0,0.0
ECHS1,0.41187970891668546,0.0,2.496763932706673,0.0,0.0
ATF5,0.0,0.0,2.292889974838966,0.0,0.0
APOA5,0.0,0.0,2.2823490020264754,0.0,0.0
AHSG,0.0,0.0,2.1826784433439848,0.0,0.0
ITIH1,0.0,0.0,2.1548217359360256,0.0,0.0
CFH,0.0,0.0,2.1495333124430207,0.0,0.0
TDO2,0.0,0.0,2.2128224973723936,0.0,0.0
HMGCS2,0.0,0.0,2.1688989383253023,0.0,0.0
HAMP,0.0,0.0,1.8624007728431282,0.0,0.0
ACSM2B,0.0,0.0,2.1218501035097015,0.0,0.0
SERPINF2,0.0,0.0,2.0543395871910786,0.0,0.0
ASGR1,0.0,0.0,2.201577336369947,0.0,0.0
ACSL1,0.0,0.0,2.237064268226773,0.0,0.0
C8G,0.0,0.0,2.0813349720936984,0.0,0.0
PCK1,0.0,0.0,2.176227978769985,0.0,0.0
TMEM176B,0.0,0.0,2.1961426433994915,0.0,0.0
APOC2,0.0,0.0,2.0397344588339132,0.0,0.0
C4BPA,0.0,0.0,1.9948593679345004,0.0,0.0
SLC22A1,0.0,0.0,2.0269005609626602,0.0,0.0
F2,0.0,0.0,2.0144173487799364,0.0,0.0
DHCR24,0.0,0.0,2.0843957531448742,0.0,0.0
MT1M,0.0,0.0,2.0666565115150655,0.0,0.0
ITIH3,0.0,0.0,2.0788838901278592,0.0,0.0
BAAT,0.0,0.0,2.0120491206163416,0.0,0.0
CYP8B1,0.0,0.0,1.9504590964872237,0.0,0.0
ASS1,0.0,0.0,2.031592631229709,0.0,0.0
FN1,0.0,0.0,2.0697644473779575,0.0,0.0
ARG1,0.0,0.0,1.9870316597449245,0.0,0.0
TMEM176A,0.0,0.0,1.9172965442704273,0.0,0.0
ADI1,0.5807505757429271,0.0,2.325809992888767,0.0,0.0
ASGR2,0.2151621545857067,0.0,1.8925556025168995,0.0,0.0
PRAP1,0.0,0.0,1.9124802615461545,0.0,0.0
IGFBP1,0.0,0.0,1.849506293675862,0.0,0.0
ECHDC2,0.0,0.0,1.8930630155622912,0.0,0.0
MT1F,0.0,0.0,2.0111413580648456,0.0,0.0
UGT2B4,0.0,0.0,1.8127124202059888,0.0,0.0
PAH,0.40912417035093773,0.0,1.8258395630910909,0.0,0.0
ADH4,0.0,0.0,1.955289376758154,0.0,0.0
SCP2,0.5573296847195596,0.0,2.343479644207159,0.0,0.0
ETFB,0.5385013285096438,0.0,2.1438100903829,0.0,0.0
METTL7A,0.5299018421780559,0.0,2.065220144594503,0.0,0.0
LRG1,0.0,0.0,1.6573008639910924,0.0,0.0
SERPINF1,0.0,0.0,1.6918871990213356,0.0,0.0
HRSP12,0.3147595453190349,0.0,1.796780151662936,0.0,0.0
ACSM2A,0.0,0.0,1.5406671372509775,0.0,0.0
LINC00844,0.0,0.0,1.7153175105298228,0.0,0.0
AOX1,0.0,0.0,1.6949008138564556,0.0,0.0
GRHPR,0.42090672240245935,0.0,1.8126045930231685,0.0,0.0
NTHL1,0.0,0.0,1.705203263817907,0.0,0.0
AADAC,0.0,0.0,1.5832482535314236,0.0,0.0
PTGR1,0.16787972855659825,0.0,1.6465520951236774,0.0,0.0
ALDH2,0.30848040592127784,0.0,1.8418354660605851,0.0,0.0
GNMT,0.0,0.0,1.5315001944604656,0.0,0.0
ERRFI1,0.0,0.0,1.5597751900279657,0.0,0.0
EPHX1,0.0,0.0,1.6181806024538723,0.0,0.0
GSTA1,0.0,0.0,1.2951946216507084,0.0,0.0
INSIG1,0.0,0.0,1.4389029297279976,0.0,0.0
ACAA2,0.4584902565283535,0.0,1.67565641763889,0.0,0.0
ALDH1L1,0.0,0.0,1.4701212204049823,0.0,0.0
STARD10,0.5658447820778213,0.0,1.5408207740300595,0.0,0.0
F9,0.0,0.0,1.4323500386239132,0.0,0.0
MASP2,0.0,0.0,1.458592166737706,0.0,0.0
SORD,0.0,0.0,1.5233702274976224,0.0,0.0
GAMT,0.0,0.0,1.5584975793734206,0.0,0.0
GPX2,0.0,0.0,1.56464340157663,0.0,0.0
GCHFR,0.0,0.0,1.6628754367972933,0.0,0.0
HULC,0.0,0.0,1.1159366422708863,0.0,0.0
SDC1,0.5911482681072812,0.0,1.4708683584191904,0.0,0.0
CFI,0.0,0.0,1.4332425139361507,0.0,0.0
BHMT,0.0,0.0,1.378362920836316,0.0,0.0
HSPE1,0.7138770761919755,0.0,2.0377986710434612,0.0,0.0
CYP4F3,0.0,0.0,1.3708278149799304,0.0,0.0
NUPR1,0.0,0.5917399055648541,1.6088987608517382,0.0,0.0
ACAA1,0.0,0.0,1.5845222797643173,0.0,0.0
SLC39A14,0.0,0.0,1.3461723321661005,0.0,0.0
VKORC1,0.0,0.0,1.6630862747217188,0.0,0.0
ASL,0.0,0.0,1.39931933129817,0.0,0.0
HSD11B1,0.0,0.0,1.3404323276480032,0.0,0.0
MRPL41,0.2151621545857067,0.0,1.8254988020794158,0.0,0.0
FXYD1,0.0,0.0,1.4106622141351246,0.0,0.0
F12,0.0,0.0,1.2494038008528654,0.0,0.0
CYP4A11,0.0,0.0,1.3635678385833079,0.0,0.0
CALD1,0.45440621776636747,0.0,1.4650781488563913,0.0,0.0
PTMS,0.0,0.6484315733174375,1.620692605880216,0.0,0.0
ANGPTL3,0.0,0.0,1.345927569831427,0.0,0.0
AKR1C4,0.0,0.0,1.2888966536055306,0.0,0.0
APOM,0.0,0.0,1.2693054577795413,0.0,0.0
C4BPB,0.0,0.0,1.3008761185433428,0.0,0.0
HGD,0.0,0.0,1.2915531928404853,0.0,0.0
C5,0.0,0.0,1.2885777229139124,0.0,0.0
ACAT1,0.0,0.0,1.5166569834280348,0.0,0.0
ZNHIT1,0.4584902565283535,0.0,1.8747583406208395,0.0,0.0
UGT2B7,0.0,0.0,1.210050579985908,0.0,0.0
ALDH1A1,0.30848040592127784,0.0,1.4582273174339777,0.0,0.0
A2M,0.0,0.8680439726924576,1.2322835689555902,0.0,0.0
SERPINA4,0.5766363184542842,0.0,1.179072927464525,0.0,0.0
IGFBP2,0.0,0.0,1.2206423988860453,0.0,0.0
CYP2D6,0.0,0.0,1.1319207177521342,0.0,0.0
CES2,0.0,0.0,1.2951946216507084,0.0,0.0
P4HB,0.38848810465195427,0.0,1.7865149435524186,0.0,0.0
EBP,0.0,0.0,1.2211635316689178,0.0,0.0
ITIH2,0.0,0.0,1.174181768443903,0.0,0.0
CISD3,0.3169438152910172,0.0,1.5299598226644573,0.0,0.0
EI24,0.22719859239083057,0.0,1.3843919579949289,0.0,0.0
NDUFC2,0.5658447820778213,0.0,1.775847051584684,0.0,0.0
POR,0.0,0.0,1.2322333081685861,0.0,0.0
COL18A1,0.0,0.0,1.1789960243667246,0.0,0.0
IGF2,0.0,0.0,1.2073114643178262,0.0,0.0
SELENBP1,0.0,0.0,1.1989724551375989,0.0,0.0
PROC,0.0,0.0,1.0673722229507179,0.0,0.0
FKBP2,0.5575128807244049,0.0,1.6681227444135744,0.0,0.0
PGRMC1,0.0,0.0,1.2578816736704477,0.0,0.0
ACADSB,0.0,0.0,1.212232708835876,0.0,0.0
AKR1C1,0.5788179628594446,0.0,0.9576410805713034,0.0,0.0
KIF22,0.0,0.0,1.2969145292311608,0.0,0.0
TFR2,0.0,0.0,1.0287679192426245,0.0,0.0
HPN,0.0,0.0,1.100071512048207,0.0,0.0
TSKU,0.0,0.0,1.1031635123323917,0.0,0.0
FUOM,0.0,0.0,1.2948286105747298,0.0,0.0
PXMP2,0.0,0.0,1.2693054577795413,0.0,0.0
MPST,0.486391862585411,0.0,1.3879322049408034,0.0,0.0
SLIRP,0.6221280599001574,0.0,1.7134936499139017,0.0,0.0
PTP4A1,0.32234347596050017,0.0,1.2981050781058712,0.0,0.0
SMIM14,0.0,0.0,1.3493992013737348,0.0,0.0
PCBD1,0.11450632557908393,0.0,1.3016531918946648,0.0,0.0
PDIA4,0.0,0.0,1.4289839150617099,0.0,0.0
DPYS,0.0,0.0,1.1243849934655565,0.0,0.0
SLC27A5,0.0,0.0,1.0903210120441826,0.0,0.0
SLC2A2,0.0,0.0,1.113695352061951,0.0,0.0
ST6GAL1,0.0,0.6267152113501762,1.4058244863325529,0.0,0.0
COX17,0.5533350933601558,0.0,1.6924682275971714,0.0,0.0
TTC36,0.0,0.0,1.0783906536721646,0.0,0.0
MPC2,0.9533317165963502,0.0,1.443791232214992,0.0,0.0
NUDC,0.0,0.0,1.4030285656611199,0.0,0.0
HRG,0.0,0.0,1.036960259783226,0.0,0.0
LBP,0.0,0.0,0.9377028601914318,0.0,0.0
PON3,0.0,0.0,0.9868596813577679,0.0,0.0
FTCD,0.0,0.0,1.1009168126865438,0.0,0.0
HPR,0.0,0.0,0.9475263758785701,0.0,0.0
ALDH6A1,0.0,0.0,1.2427616003398403,0.0,0.0
KHK,0.0,0.0,0.999983912171895,0.0,0.0
FBP1,0.0,0.0,1.0323670884924412,0.0,0.0
IGFBP4,0.0,1.1544796577758891,1.2466075370981058,0.0,0.0
PON1,0.0,0.0,0.9689721920861115,0.0,0.0
MYO1B,0.0,0.0,1.014494746080804,0.0,0.0
ALDH4A1,0.0,0.0,0.9403339233004141,0.0,0.0
HEBP2,0.3169438152910172,0.0,1.2341027655165147,0.0,0.0
MSMO1,0.0,0.0,0.7494545550503222,0.0,0.0
LINC00261,0.0,0.0,0.9280242171809511,0.0,0.0
CYP27A1,0.0,0.0,0.9593769039239353,0.0,0.0
MST1,0.0,0.0,0.8043757254941004,0.0,0.0
TMEM205,0.22719859239083057,0.0,1.1512556793973696,0.0,0.0
CYP3A5,0.7787840745591104,0.0,0.8771970456746929,0.0,0.0
UGP2,0.0,0.0,1.2815051596403808,0.0,0.0
FMO3,0.0,0.0,0.9638377428026308,0.0,0.0
SERPINA6,0.33758493716796967,0.0,0.9068701827382767,0.0,0.0
TST,0.2528076594424465,0.0,0.9663223190341977,0.0,0.0
C6,0.0,0.0,0.8498590972228423,0.0,0.0
ADH1C,0.0,0.0,0.8289998882114679,0.0,0.0
PRG4,0.0,0.0,0.752996418965879,0.0,0.0
C2,0.0,0.0,0.876781481123948,0.0,0.0
BNIP3,0.22058881613357148,0.0,0.97278559947374,0.0,0.0
SLC13A5,0.0,0.0,0.8798943695459438,0.0,0.0
NDUFA6,0.2151621545857067,0.0,1.3095488370487474,0.0,0.0
ABHD2,0.0,0.0,0.9325515175007222,0.0,0.0
CYP2B6,0.0,0.0,0.604578994716903,0.0,0.0
RDH16,0.0,0.0,0.7480315967792672,0.0,0.0
CD81,0.0,0.538135456047968,1.3332015428293464,0.0,0.0
TMEM256,0.0,0.0,1.293857106308887,0.0,0.0
ROMO1,0.6336176546312686,0.0,1.484237792756886,0.0,0.0
BCHE,0.0,0.0,0.5739217009538097,0.0,0.0
C11orf54,0.30552107439232123,0.0,0.8816776323737118,0.0,0.0
GLUD1,0.0,0.0,0.998408313905467,0.0,0.0
QPRT,0.0,0.0,0.7958682974675906,0.0,0.0
CAT,0.0,0.0,1.0829569061355253,0.0,0.0
GSTZ1,0.0,0.0,0.7994952244484171,0.0,0.0
SUCLG2,0.0,0.0,0.9683053441487577,0.0,0.0
PRDX4,0.0,0.0,1.0203143948562408,0.0,0.0
MGMT,0.0,0.0,1.0698902121658276,0.0,0.0
APOF,0.0,0.0,0.5454605443378058,0.0,0.0
RP11-434D9.1,0.0,0.0,0.6701523446800277,0.0,0.0
PLIN2,0.0,0.0,1.0317348788898582,0.0,0.0
GLYAT,0.0,0.0,0.6482066582640836,0.0,0.0
SNHG25,0.0,0.0,1.2868057383359717,0.0,0.0
ECH1,0.4584902565283535,0.0,1.1346312595942483,0.0,0.0
A1CF,0.30552107439232123,0.0,0.7369584811236394,0.0,0.0
RBP5,0.0,0.0,0.5490175271866753,0.0,0.0
AFM,0.0,0.0,0.2497488392277977,0.0,0.0
ADH6,0.0,0.0,0.6511156122417697,0.0,0.0
ACADVL,0.0,0.0,0.8392646661933051,0.0,0.0
HINT2,0.0,0.0,1.0045538423175038,0.0,0.0
MFSD2A,0.0,0.0,0.28576264994021955,0.0,0.0
C8A,0.0,0.0,0.40177850298957263,0.0,0.0
MLXIPL,0.0,0.0,0.3359328118733643,0.0,0.0
TMED2,0.47494868064344076,0.0,1.330549076531033,0.0,0.0
XBP1,0.256931405877495,0.0,1.5173171373153054,0.0,0.0
HAO1,0.0,0.0,0.5807281858720198,0.0,0.0
AQP9,0.0,0.0,0.650017340685155,0.0,0.0
PCK2,0.0,0.0,0.5837548018864614,0.0,0.0
RP11-403I13.5,0.0,0.0,0.27944872114569885,0.0,0.0
GJB1,0.0,0.0,0.4429540347516805,0.0,0.0
GCSH,0.0,0.0,0.7059689971876311,0.0,0.0
MPC1,0.25508419192193144,0.0,0.8320457331796102,0.0,0.0
EHHADH,0.0,0.0,0.4813142121668395,0.0,0.0
NFIC,0.5385013285096438,0.0,0.879505434944794,0.0,0.0
PROS1,0.0,0.0,0.6048413007105857,0.0,0.0
HSD17B10,0.0,0.0,0.9249897016499514,0.0,0.0
MGST2,0.31048789072951166,0.0,0.7987731887196136,0.0,0.0
SHMT1,0.0,0.0,0.510234667705896,0.0,0.0
PRDX2,0.664303669364306,0.0,1.026931719165668,0.0,0.0
COA3,0.3169438152910172,0.0,0.830699890450296,0.0,0.0
ATP5G1,0.38682200531071737,0.0,1.053286418049798,0.0,0.0
QDPR,0.0,0.0,0.6662199907868935,0.0,0.0
LMAN1,0.0,0.0,0.8885416889855341,0.0,0.0
ACOX1,0.0,0.0,0.4700597762306203,0.0,0.0
NDUFC1,0.4717709457515795,0.0,1.0032534244617808,0.0,0.0
IDH1,0.0,0.0,0.703283099285415,0.0,0.0
ETFA,0.0,0.0,0.783838458127226,0.0,0.0
NDUFB7,0.6013972548021078,0.0,1.38734701430849,0.0,0.0
PRDX3,0.0,0.0,0.921834449583131,0.0,0.0
EIF5B,0.19903820048076235,0.0,1.1512556793973696,0.0,0.0
MRPL57,0.2151621545857067,0.0,1.1080229498031946,0.0,0.0
EIF3J,0.0,0.0,0.93930170577592,0.0,0.0
MTRNR2L8,0.0,0.0,0.8320457331796102,0.0,0.0
CHP1,0.486391862585411,0.0,0.8142878333579597,0.0,0.0
CANX,0.33758493716796967,0.0,1.063930038936282,0.0,0.0
CALR,0.0,0.46056912631604363,1.4010460887094205,0.0,0.0
SIGIRR,0.0,0.0,0.8329380346914094,0.0,0.0
CRYL1,0.0,0.0,0.5232488122308523,0.0,0.0
AK3,0.0,0.0,0.5449099305358346,0.0,0.0
NDUFS6,0.41446557730050965,0.0,1.2565121001187687,0.0,0.0
TIMM8B,0.36433212876538174,0.0,0.9939875334662955,0.0,0.0
TIMM13,0.0,0.0,0.9213561956669368,0.0,0.0
PET100,0.42090672240245935,0.0,1.280619150159734,0.0,0.0
SOD2,0.30552107439232123,0.0,0.87915872082387,0.0,0.0
NDUFA2,0.40912417035093773,0.0,1.2149521352166668,0.0,0.0
CTSZ,0.0,0.0,0.8373708494575423,0.5238781970243542,0.0
NFIA,0.16787972855659825,0.0,0.5321546941166099,0.0,0.0
NDUFB9,0.5624795386963303,0.0,1.1846105690894881,0.0,0.0
ARL6IP1,0.664303669364306,0.0,1.0869597329416882,0.0,0.0
CD302,0.0,0.0,0.7205235405660658,0.6842580449566014,0.0
NDUFV3,0.0,0.0,0.6511156122417697,0.0,0.0
TXNDC17,0.40236065317088,0.0,0.7663989628038287,0.0,0.0
ANAPC11,0.47168983718127766,0.0,1.1019495061691398,0.0,0.0
KDELR2,0.0,0.0,0.8331591910410977,0.0,0.0
MRPL14,0.0,0.0,0.5800372521803197,0.0,0.0
NMT1,0.0,0.0,0.7124540718352166,0.0,0.0
NDUFA3,0.4584902565283535,0.0,1.2402008745969537,0.0,0.0
COX14,0.3744366476714089,0.0,0.865657812341188,0.0,0.0
ATP5H,0.6601219157025936,0.0,0.9658306108462708,0.0,0.0
LDHA,0.31048789072951166,0.0,1.1062830292313315,0.0,0.0
STOM,0.0,0.7473594122352007,0.8515282537376848,0.0,0.0
MRPL20,0.25508419192193144,0.0,0.8227554712046826,0.0,0.0
NDUFB4,0.67059675742382,0.0,1.1200633944204264,0.0,0.0
NDUFV2,0.41187970891668546,0.0,0.5726079619022547,0.0,0.0
COX5A,0.3182445134612813,0.0,1.0210085190176126,0.0,0.0
HSD17B11,0.6942488345878439,0.0,0.7279870503945722,0.0,0.0
CARHSP1,0.4864584317526575,0.0,0.5852813177194832,0.0,0.0
AURKAIP1,0.3169438152910172,0.0,0.8438775886541185,0.0,0.0
NDUFB10,0.5573296847195596,0.0,0.9593878065394951,0.0,0.0
EIF1AX,0.3194024157848338,0.0,0.7263366292790325,0.0,0.0
LAMTOR2,0.0,0.0,0.46297675066165384,0.0,0.0
HIST1H4C,0.9522950244489894,0.0,1.2545847068251963,0.0,0.0
ENY2,0.0,0.0,0.8268349315694288,0.0,0.0
HSPA5,0.0,0.0,0.8227554712046826,0.0,0.0
TMCO1,0.5214164991033537,0.0,0.6289454887883996,0.0,0.0
MRPL51,0.3147595453190349,0.0,0.7730097476386606,0.0,0.0
ZFAND5,0.0,0.0,0.4429540347516805,0.0,0.0
FIS1,0.47168983718127766,0.0,0.864245171521485,0.0,0.0
METAP2,0.0,0.0,0.5992320822805424,0.0,0.0
PDIA3,0.0,0.0,0.7384095527239155,0.0,0.0
TMED10,0.15067511113202886,0.0,0.7609732883810172,0.0,0.0
CMTM6,0.0,0.0,0.6111815387472371,0.5288541359601109,0.0
LAMP1,0.0,0.0,0.6087542874855529,0.0,0.0
GHITM,0.16787972855659825,0.0,0.6195172881423479,0.0,0.0
PDIA6,0.2072812163124451,0.0,0.763108877569887,0.0,0.0
NAA38,0.0,0.09044783140728598,0.8651857074412476,0.0,0.0
SNRPF,0.0,0.0,0.6846984465102098,0.0,0.0
MRPS21,0.5280683794032877,0.0,0.7555568114052889,0.0,0.0
NDUFA13,0.5959903806909312,0.0,0.9398903848865876,0.0,0.0
BLOC1S1,0.0,0.0,0.8031808264725719,0.7847952815965341,0.0
MTDH,0.4417047860671499,0.0,1.0004781990809655,0.0,0.0
SMDT1,0.5360923404842299,0.0,0.7589337283846506,0.0,0.0
SNRPG,0.47494868064344076,0.0,0.8927527775619176,0.0,0.0
MINOS1,0.630065087973348,0.0,0.674042747164973,0.0,0.0
WDR83OS,0.30552107439232123,0.0,0.5490175271866753,0.0,0.0
JTB,0.404657882795442,0.0,0.7210266491526887,0.0,0.0
CUTA,0.5540186458627324,0.0,0.674185818455713,0.0,0.0
ERP29,0.41806405147829745,0.0,0.7427877897076322,0.0,0.0
SERBP1,0.5573296847195596,0.0,0.6943073658335092,0.0,0.0
C19orf53,0.41806405147829745,0.0,0.7627191773054587,0.0,0.0
PARK7,0.6221280599001574,0.0,0.6735127449817145,0.0,0.0
SNHG8,0.27315343144840154,0.0,0.34271073876934705,0.0,0.0
SPCS2,0.38848810465195427,0.0,0.6561577183770809,0.0,0.0
IGFBP7,0.0,2.695301839024374,0.0,0.0,0.0
ID1,0.0,2.619178513418877,0.0,0.0,0.0
DNASE1L3,0.0,2.599441858557152,0.0,0.0,0.0
FCN3,0.0,2.044364587532254,0.0,0.0,0.0
ID3,0.0,2.1641974309524556,0.0,0.0,0.0
LIFR,0.0,1.809925400249103,0.0,0.0,0.0
GNG11,0.0,1.7599832541765283,0.0,0.0,0.0
CCL14,0.0,1.6079208582898183,0.0,0.0,0.0
PRSS23,0.0,1.5776233453459194,0.0,0.0,0.0
RAMP3,0.0,1.6217677954837133,0.0,0.0,0.0
TIMP3,0.0,1.7216214991487875,0.0,0.0,0.0
IFI27,0.0,1.596902418613663,0.0,0.0,0.0
ENG,0.0,1.5489154884312115,0.0,0.0,0.0
RNASE1,0.0,1.4288918564580486,0.0,0.0,0.0
HSPG2,0.0,1.3842488702590674,0.0,0.0,0.0
FCN2,0.0,0.3856301346560782,0.0,0.0,0.0
C7,0.0,1.3438205143800757,0.0,0.0,0.0
ADIRF,0.0,1.4384557967690978,0.0,0.0,0.0
PTPRB,0.0,1.3950279560715935,0.0,0.0,0.0
IL6ST,0.0,1.5179667001922263,0.0,0.0,0.0
SDPR,0.0,1.2008298028893987,0.0,0.0,0.0
PCAT19,0.0,1.0939567512619508,0.0,0.0,0.0
EGFL7,0.0,1.128961317984045,0.0,0.0,0.0
CLDN5,0.0,0.8560849802114672,0.0,0.0,0.0
IL33,0.0,1.0802608742680024,0.0,0.0,0.0
PLPP3,0.0,1.2090473668269777,0.0,0.0,0.0
STAB1,0.0,0.46213504341438033,0.0,0.0,0.0
GPX3,0.0,1.3074734115043332,0.0,0.0,0.0
INMT,0.0,0.6553301020156446,0.0,0.0,0.0
NPDC1,0.0,0.9781214692873315,0.0,0.0,0.0
SRPX,0.0,0.913867660679224,0.0,0.0,0.0
VWF,0.0,0.5348863510611136,0.0,0.0,0.0
CTSL,0.0,0.926938957536549,0.0,0.0,0.0
TSPAN7,0.0,0.8496054347556301,0.0,0.0,0.0
EPAS1,0.0,1.08052600726095,0.0,0.0,0.0
ACP5,0.0,0.7528486602204433,0.0,0.0,0.0
TGM2,0.0,1.1620572496387198,0.0,0.0,0.0
SPARC,0.0,0.4886460064364335,0.0,0.0,0.0
CD9,0.0,0.7306464397742536,0.0,0.0,0.0
CLEC14A,0.0,0.3792533024946752,0.0,0.0,0.0
F8,0.0,0.7137493375797068,0.0,0.0,0.0
TGFBR2,0.0,0.9571021396041544,0.0,0.0,0.0
MARCKSL1,0.0,0.7427364290540379,0.0,0.0,0.0
CAV1,0.0,0.6895319874732204,0.0,0.0,0.0
MRC1,0.0,0.7226846859095515,0.0,0.0,0.0
NTN4,0.0,0.5235931261571277,0.0,0.0,0.0
SGK1,0.0,0.6466378404339599,0.0,0.0,0.0
TGFBR3,0.0,0.8134427819524017,0.0,0.0,0.0
PTRF,0.0,0.7444901347856945,0.0,0.0,0.0
RBP1,0.0,0.6470257059565682,0.0,0.0,0.0
RAMP2,0.0,0.5838308961821801,0.0,0.0,0.0
CALCRL,0.0,0.6586179082628236,0.0,0.0,0.0
PECAM1,0.0,0.7565987821631058,0.0,0.0,0.0
CRIP2,0.0,0.6648329582242279,0.0,0.0,0.0
LDB2,0.0,0.6617171968816717,0.0,0.0,0.0
TCF4,0.0,0.7400899861058724,0.0,0.0,0.0
F2R,0.0,0.6282418520463202,0.0,0.0,0.0
TINAGL1,0.0,0.62691741464344,0.0,0.0,0.0
CRIM1,0.0,0.37639373332306514,0.0,0.0,0.0
MYCT1,0.0,0.5129915576008613,0.0,0.0,0.0
PRCP,0.0,0.7861944375067157,0.0,0.0,0.0
PLPP1,0.0,0.5576200560801758,0.0,0.0,0.0
COX7A1,0.0,0.5099207365447802,0.0,0.0,0.0
WBP5,0.0,0.6484256071848697,0.0,0.0,0.0
CCDC85B,0.0,0.9505319724127759,0.0,0.0,0.0
HYAL2,0.0,0.3875552427873651,0.0,0.0,0.0
VAMP5,0.0,1.1349564515665325,0.0,0.0,0.0
FLT1,0.0,0.30867666187682397,0.0,0.0,0.0
S100A16,0.0,0.7488064545591446,0.0,0.0,0.0
BST2,0.0,1.153707494985127,0.0,0.0,0.0
CNN3,0.0,0.7441994680813013,0.0,0.0,0.0
MEIS2,0.0,0.2650510042065154,0.0,0.0,0.0
MAF,0.0,0.6011052905974195,0.0,0.0,0.0
KLF2,0.0,0.8052523121552106,0.0,0.0,0.0
TIMP2,0.0,0.45985739206140724,0.0,0.0,0.0
SEC14L1,0.0,0.6229193759899769,0.0,0.0,0.0
DPYSL2,0.0,0.4946269391761895,0.0,0.0,0.0
RHOC,0.0,0.7386813751910275,0.0,0.0,0.0
MEF2C,0.0,0.399856485659122,0.0,0.0,0.0
SEPW1,0.0,0.7487721319890899,0.0,0.0,0.0
CD151,0.0,0.4512549006906419,0.0,0.0,0.0
TPM4,0.0,0.38809077083836996,0.0,0.0,0.0
MARCKS,0.0,0.3065056328830618,0.0,0.0,0.0
SLC9A3R2,0.0,0.5985918467954471,0.0,0.0,0.0
RAB11A,0.0,0.628362791975305,0.0,0.0,0.0
CAPZA2,0.0,0.668447934906093,0.0,0.0,0.0
SERPINB6,0.0,0.22479311242650274,0.0,0.0,0.0
LEPROT,0.0,0.2298102978849392,0.0,0.0,0.0
SPTBN1,0.0,0.4675145866207487,0.0,0.0,0.0
TAGLN2,0.0,0.49648608372410463,0.0,0.0,0.0
GIMAP4,0.0,0.34149491647272046,0.0,0.0,0.0
RDX,0.0,0.5755223473510058,0.0,0.0,0.0
ARGLU1,0.0,0.407025617300549,0.0,0.0,0.0
GYPC,0.0,0.24090018746621703,0.0,0.0,0.0
GIMAP7,0.0,0.4157837068085125,0.0,0.0,0.0
CFLAR,0.0,0.42367079716281203,0.0,0.0,0.0
GABARAPL2,0.0,0.37918660640558954,0.0,0.0,0.0
TUBA1B,0.0,0.4374610654190905,0.0,0.0,0.0
SLC38A2,0.0,0.5231673795211365,0.0,0.0,0.0
N4BP2L2,0.0,0.26844544293416933,0.0,0.0,0.0
BCAP31,0.0,0.18925795396846848,0.0,0.0,0.0
SLC40A1,0.0,0.3429868027224673,0.0,0.0,0.0
ANXA4,2.5640800971098376,0.0,0.0,0.0,0.0
DEFB1,2.272321986665586,0.0,0.0,0.0,0.0
FXYD2,1.9867140267181373,0.0,0.0,0.0,0.0
SPP1,1.666189092618737,0.0,0.0,0.0,0.0
TM4SF4,2.245200831624321,0.0,1.294684922951957,0.0,0.0
CD24,1.6150433858932134,0.0,0.0,0.0,0.0
KRT7,1.3036068619106318,0.0,0.0,0.0,0.0
KRT8,1.6280022212886185,0.0,0.0,0.0,0.0
KRT18,1.7726951226911245,0.0,1.2171381045220888,0.0,0.0
LGALS4,1.2338039174600557,0.0,0.0,0.0,0.0
SLPI,1.2178459168115665,0.0,0.0,0.0,0.0
LCN2,0.5385013285096438,0.0,0.0,0.0,0.0
ELF3,0.8617149913664133,0.0,0.0,0.0,0.0
PIGR,0.8056378587924874,0.0,0.0,0.0,0.0
KRT19,0.7882382048642611,0.0,0.0,0.0,0.0
ATP1B1,1.1585983928812422,0.0,0.0,0.0,0.0
ATP1A1,0.9758917721453807,0.0,0.0,0.0,0.0
TACSTD2,0.712375738677605,0.0,0.0,0.0,0.0
SH3YL1,0.7418050347307502,0.0,0.0,0.0,0.0
SOX4,0.6221280599001574,0.0,0.0,0.0,0.0
AQP1,0.5911482681072812,0.0,0.0,0.0,0.0
CLDN10,0.5729950526958341,0.0,0.0,0.0,0.0
SPINT2,0.6744665279919776,0.0,0.0,0.0,0.0
PDZK1IP1,0.4864584317526575,0.0,0.0,0.0,0.0
CA2,0.7787840745591104,0.0,0.0,0.0,0.0
SERPINA5,0.7976210915720912,0.0,0.0,0.0,0.0
FGGY,0.6642487052055572,0.0,0.0,0.0,0.0
CYSTM1,0.7209825361998525,0.0,0.0,0.0,0.0
S100A14,0.5766457756780832,0.0,0.0,0.0,0.0
CLDN4,0.4028860408756725,0.0,0.0,0.0,0.0
TPM1,0.6645959034429056,0.0,0.0,0.0,0.0
CTSH,0.7976210915720912,0.0,0.0,0.0,0.0
SPATS2L,0.9098720365808595,0.0,0.0,0.0,0.0
EPCAM,0.41446557730050965,0.0,0.0,0.0,0.0
CLDN7,0.5292876487885362,0.0,0.0,0.0,0.0
PLPP2,0.3739161178077212,0.0,0.0,0.0,0.0
HOMER2,0.45440621776636747,0.0,0.0,0.0,0.0
CLDN3,0.42090672240245935,0.0,0.0,0.0,0.0
FGFR2,0.24344587087709912,0.0,0.0,0.0,0.0
ANPEP,0.7523063186519202,0.0,0.0,0.0,0.0
TESC,0.22788999634781998,0.0,0.0,0.0,0.0
CHST4,0.3182445134612813,0.0,0.0,0.0,0.0
LGALS3,0.5399222616619798,0.0,0.0,0.0,0.0
SOX9,0.33758493716796967,0.0,0.0,0.0,0.0
AKAP7,0.23546553080220614,0.0,0.0,0.0,0.0
PERP,0.6226455134786375,0.0,0.0,0.0,0.0
C12orf75,0.42464455113504596,0.0,0.0,0.0,0.0
SNRPN,0.5049727870951746,0.0,0.0,0.0,0.0
ABCC3,0.5027305196497369,0.0,0.0,0.0,0.0
NFIB,0.4751708333866317,0.2918870662463462,0.0,0.0,0.0
AKAP9,0.6764409973874198,0.0,0.0,0.0,0.0
EGR1,0.36798675470491216,0.0,0.0,0.0,0.0
CXCL2,0.30848040592127784,0.0,0.0,0.0,0.0
TSTD1,0.5298693374967002,0.0,0.0,0.0,0.0
RP1-60O19.1,0.22788999634781998,0.0,0.0,0.0,0.0
SORBS2,0.5049727870951746,0.0,0.0,0.0,0.0
HSD17B2,0.2151621545857067,0.0,0.0,0.0,0.0
SDC4,0.5540186458627324,0.0,0.0,0.0,0.0
CPD,0.30303497262271434,0.0,0.0,0.0,0.0
GTF3C6,0.48290177425518704,0.0,0.0,0.0,0.0
GTF2I,0.41446557730050965,0.0,0.0,0.0,0.0
LDHB,0.5977577390809407,0.0,0.0,0.0,0.0
SYPL1,0.41446557730050965,0.0,0.0,0.0,0.0
PPA1,0.48290177425518704,0.0,0.0,0.0,0.0
FOSB,0.6226455134786375,0.0,0.0,0.0,0.0
DYNLT1,0.31048789072951166,0.0,0.0,0.0,0.0
SLC37A4,0.2528076594424465,0.0,0.0,0.0,0.0
CAMK2N1,0.22719859239083057,0.0,0.0,0.0,0.0
ANXA11,0.3147595453190349,0.0,0.0,0.0,0.0
LAMP2,0.3491584921639537,0.0,0.0,0.0,0.0
MGST3,0.6933475396605773,0.3641272336188352,0.0,0.0,0.0
ATP5B,0.6964416694832746,0.0,0.0,0.0,0.0
TAF1D,0.122531300858065,0.0,0.0,0.0,0.0
FAM133B,0.47168983718127766,0.0,0.0,0.0,0.0
HABP2,0.2072812163124451,0.0,0.0,0.0,0.0
SQSTM1,0.5540186458627324,0.0,0.0,0.0,0.0
DNPH1,0.32234347596050017,0.0,0.0,0.0,0.0
SAT2,0.41446557730050965,0.0,0.0,0.0,0.0
ESD,0.38682200531071737,0.0,0.0,0.0,0.0
DYNLRB1,0.25508419192193144,0.0,0.0,0.0,0.0
COX20,0.3194024157848338,0.0,0.22059366406163078,0.0,0.0
DHRS7,0.2865496562015609,0.0,0.0,0.0,0.0
ATP5C1,0.4117152486969024,0.0,0.0,0.0,0.0
VDAC1,0.3744366476714089,0.0,0.0,0.0,0.0
VDAC2,0.13193428718341477,0.0,0.0,0.0,0.0
MRFAP1,0.3401974578170611,0.0,0.0,0.0,0.0
C6orf48,0.41446557730050965,0.0,0.0,0.0,0.0
DYNC1I2,0.22058881613357148,0.0,0.0,0.0,0.0
PHPT1,0.3169438152910172,0.0,0.0,0.0,0.0
CAST,0.2865496562015609,0.0,0.0,0.0,0.0
TMED9,0.16787972855659825,0.0,0.0,0.0,0.0
NDUFA12,0.24344587087709912,0.0,0.0,0.0,0.0
SNU13,0.4864584317526575,0.0,0.0,0.0,0.0
CYC1,0.25508419192193144,0.0,0.0,0.0,0.0
VIMP,0.22719859239083057,0.0,0.0,0.0,0.0
NENF,0.24344587087709912,0.0,0.0,0.0,0.0
ISCU,0.1624695435979124,0.0,0.0,0.0,0.0
DEK,0.2528076594424465,0.0,0.0,0.0,0.0
NDFIP1,0.25508419192193144,0.0,0.0,0.0,0.0
SSBP1,0.30848040592127784,0.0,0.0,0.0,0.0
CCNL1,0.33758493716796967,0.0,0.0,0.0,0.0
MTRNR2L12,0.32234347596050017,0.0,0.0,0.0,0.0
