sample,arm,nilc_frac_stem_pluri,nilc_frac_stem_adult,nilc_frac_progenitor,nilc_frac_cycling,nilc_frac_secretory,nilc_frac_immune,nilc_frac_terminal,nilc_frac_stromal,nilc_residual_mae,nilc_status
GSM1235534,hc,0.017226918536637933,0.1468834031152387,0.0,0.0,0.0,0.8358896783481234,0.0,0.0,0.08021824536513221,OK
GSM1235535,hc,0.03734116971134521,0.12129123295583437,0.0,0.0,0.0,0.8413675973328205,0.0,0.0,0.08113764496092302,OK
GSM1235537,hc,0.036959998186324644,0.12826510422700002,0.003684227243459952,0.0,0.0,0.8310906703432153,0.0,0.0,0.07997149748961144,OK
GSM1235539,hc,0.012741952694816455,0.12757615185992077,0.0,0.0,0.0,0.8596818954452626,0.0,0.0,0.08499385009374709,OK
GSM1235540,hc,0.026873522025053633,0.14559144763195578,0.0,0.0,0.0,0.8275350303429904,0.0,0.0,0.08042099433859923,OK
GSM1235541,hc,0.0,0.1460837536373291,0.05623148261447938,0.0,0.0,0.7976847637481915,0.0,0.0,0.10623414967765521,OK
GSM1235542,hc,0.001860588928760943,0.1623121029088593,0.0,0.0,0.0,0.8358273081623798,0.0,0.0,0.08718157429083741,OK
GSM1235545,hc,0.007483642445899948,0.12523958176267094,0.0,0.0,0.0,0.8672767757914291,0.0,0.0,0.08421231201931582,OK
GSM1235546,hc,0.006644993491020566,0.1238390570131207,0.0,0.0,0.0,0.8695159494958585,0.0,0.0,0.08467580669837188,OK
GSM1235547,hc,0.01976301731084944,0.13823505741350842,0.0,0.0,0.0,0.8420019252756421,0.0,0.0,0.08272211082137354,OK
GSM1235552,hc,0.02421041116990327,0.1228764019737736,0.0,0.0,0.0,0.8529131868563232,0.0,0.0,0.07074207264761441,OK
GSM1235554,hc,0.029982125106659707,0.1414055811218395,0.0,0.0,0.0,0.8286122937715009,0.0,0.0,0.07981182818725506,OK
GSM1235555,hc,0.012316711912590997,0.15365985946992533,0.0038269574623676778,0.0,0.0,0.830196471155116,0.0,0.0,0.08812031184007466,OK
GSM1235556,hc,0.012920566748718582,0.13541905462057785,0.005146656617158282,0.0,0.0,0.8465137220135452,0.0,0.0,0.08156180641555967,OK
GSM1235557,hc,0.01822188944634775,0.11432491473731157,0.0,0.0,0.0,0.8674531958163407,0.0,0.0,0.06809167786057509,OK
GSM1235558,hc,0.03349009882605311,0.08298079645177554,0.0,0.0,0.0,0.8835291047221713,0.0,0.0,0.07243478485980732,OK
GSM1235559,hc,0.02065494502765542,0.14537290998941949,0.0,0.0,0.0,0.8339721449829252,0.0,0.0,0.0841521969275016,OK
GSM1235560,hc,0.011001604703187881,0.13202992644073952,0.0,0.0,0.0,0.8569684688560725,0.0,0.0,0.08166381340455695,OK
GSM1235566,case,0.01771501148072187,0.15882896093657115,0.0,0.0,0.0,0.823456027582707,0.0,0.0,0.07689482391135051,OK
GSM1235570,hc,0.009742768388917748,0.14122581582728222,0.0,0.0,0.0,0.8490314157838001,0.0,0.0,0.0762128075350124,OK
GSM1235571,hc,0.025230920164202003,0.1626519542402614,0.0013767732850137049,0.0,0.0,0.810740352310523,0.0,0.0,0.08310340789091522,OK
GSM1235576,hc,0.023118013771788532,0.11437754375426963,0.0,0.0,0.0,0.862504442473942,0.0,0.0,0.08477256203812476,OK
GSM1235577,hc,0.03202661181620475,0.12215878638431808,0.0,0.0,0.0,0.8458146017994772,0.0,0.0,0.07349779714019543,OK
GSM1235580,hc,0.015315994254691306,0.14436295941991192,0.0,0.0,0.0,0.8403210463253967,0.0,0.0,0.08598562126042933,OK
GSM1235581,hc,0.0035064225612633504,0.13234616690247514,0.029354037532132796,0.0,0.0,0.8347933730041288,0.0,0.0,0.0999344951234008,OK
GSM1235587,hc,0.021186504584239027,0.1054689748911706,0.0,0.0,0.0,0.8733445205245901,0.0,0.0,0.07281254615661147,OK
GSM1235590,hc,0.03135731744619551,0.1250443969039822,0.0,0.0,0.0,0.8435982856498224,0.0,0.0,0.07150291900128604,OK
GSM1235593,hc,0.00451452186918266,0.12968615155307664,0.019662571152034528,0.0,0.0,0.8461367554257062,0.0,0.0,0.08958696548430224,OK
GSM1235595,hc,0.0073147226804869715,0.12618123883129717,0.0,0.0,0.0,0.8665040384882159,0.0,0.0,0.0814812740418539,OK
GSM1235596,hc,0.01664976768084735,0.13257984163193445,0.0,0.0,0.0,0.8507703906872182,0.0,0.0,0.08523383831069652,OK
GSM1235597,hc,0.012460850040778237,0.11816872557776079,0.0,0.0,0.0,0.869370424381461,0.0,0.0,0.0825781670611135,OK
GSM1235599,hc,0.0,0.10121737742791086,0.049280331789836554,0.0,0.0,0.8495022907822526,0.0,0.0,0.09877096267273719,OK
GSM1235604,hc,0.029851354107921106,0.12612775228929396,0.0,0.0,0.0,0.8440208936027849,0.0,0.0,0.0816124082223114,OK
GSM1235605,hc,0.028815991699626904,0.12745334941804143,0.0,0.0,0.0,0.8437306588823317,0.0,0.0,0.08340071096176456,OK
GSM1235609,hc,0.014957337816450117,0.131565393802307,0.0,0.0,0.0,0.8534772683812429,0.0,0.0,0.08390771262114864,OK
GSM1235612,hc,0.040131756819253364,0.1148842049291598,0.005975308602783599,0.0,0.0,0.8390087296488035,0.0,0.0,0.08763303259638867,OK
GSM1235613,hc,0.008091333956917367,0.12592608939276578,0.0035475857216363815,0.0,0.0,0.8624349909286804,0.0,0.0,0.0855839545521729,OK
GSM1235614,hc,0.007394394374330732,0.13018116777449631,0.0,0.0,0.0,0.862424437851173,0.0,0.0,0.07495346528503281,OK
GSM1235615,hc,0.014665035407316104,0.09843094180450722,0.0,0.0,0.0,0.8869040227881767,0.0,0.0,0.08417278352867567,OK
GSM1235621,hc,0.03445046487233547,0.06976547422845147,0.0,0.0,0.0,0.8957840608992131,0.0,0.0,0.08022010712338076,OK
GSM1235625,hc,0.0,0.1321875896591539,0.039123895479957344,0.0,0.0,0.8286885148608887,0.0,0.0,0.10540180313238243,OK
GSM1235626,hc,0.0,0.14529074891489718,0.019603959650721918,0.0,0.0,0.835105291434381,0.0,0.0,0.09609076018026406,OK
GSM1235628,hc,0.015024323686516957,0.1361016277216339,0.0,0.0,0.0,0.848874048591849,0.0,0.0,0.07953642383219166,OK
GSM1235632,hc,0.0,0.1176555100349389,0.04081062540859531,0.0,0.0,0.8415338645564657,0.0,0.0,0.09946434303654844,OK
GSM1235633,hc,0.02860124649628696,0.08384608662994243,0.0,0.0,0.0,0.8875526668737705,0.0,0.0,0.06943561886815343,OK
GSM1235635,hc,0.012686579114985636,0.1099721507520314,0.0,0.0,0.0,0.8773412701329829,0.0,0.0,0.07711637579449672,OK
GSM1235639,hc,0.0,0.13512667685952887,0.040116536574174605,0.0,0.0,0.8247567865662965,0.0,0.0,0.09248977223185782,OK
GSM1235640,hc,0.027365109783293793,0.12329743243189699,0.0,0.0,0.0,0.8493374577848091,0.0,0.0,0.08722386750874912,OK
GSM1235641,hc,0.014177624987682436,0.12776797067493223,0.0033935483974948215,0.0,0.0,0.8546608559398905,0.0,0.0,0.08816674056436631,OK
GSM1235642,hc,0.01782213258777807,0.12111340136044564,0.0,0.0,0.0,0.8610644660517761,0.0,0.0,0.07939861624585762,OK
GSM1235643,hc,0.013112364799346875,0.12044561670364762,0.03873738590401901,0.0,0.0,0.8277046325929867,0.0,0.0,0.09663469618061529,OK
GSM1235644,hc,0.0318903123012647,0.1209949646639825,0.0,0.0,0.0,0.8471147230347528,0.0,0.0,0.08430042023238883,OK
GSM1235645,hc,0.023219281289879524,0.13071990393487332,0.0,0.0,0.0,0.8460608147752472,0.0,0.0,0.07243560878554225,OK
GSM1235647,hc,0.0,0.13313280770373895,0.0,0.0,0.0,0.8668671922962611,0.0,0.0,0.09242084520644483,OK
GSM1235648,hc,0.016376163551305216,0.06641330535849344,0.0,0.0,0.0,0.9172105310902013,0.0,0.0,0.07666154302125078,OK
GSM1235649,hc,0.029030607132447303,0.09674761860679847,0.02695155163884326,0.0,0.0,0.8472702226219109,0.0,0.0,0.09177937695635258,OK
GSM1235650,hc,0.012370989502219959,0.09544480171077285,0.0,0.0,0.0,0.8921842087870071,0.0,0.0,0.07257559482449437,OK
GSM1235651,hc,0.01128573695868973,0.10351433735324103,0.002780977483993724,0.0,0.0,0.8824189482040755,0.0,0.0,0.0814486438241982,OK
GSM1235653,hc,0.00017805873838049394,0.13816316036757506,0.0,0.0,0.0,0.8616587808940442,0.0,0.0,0.07789267278071096,OK
GSM1235654,hc,0.014695048013177392,0.15134642944724433,0.0,0.0,0.0,0.8339585225395783,0.0,0.0,0.09052072251888023,OK
GSM1235656,hc,0.008403854394451078,0.12117344796448956,0.0,0.0,0.0,0.8704226976410593,0.0,0.0,0.07802967236458994,OK
GSM1235658,hc,0.01468945764637222,0.10735123249471658,0.0,0.0,0.0,0.8779593098589112,0.0,0.0,0.08052833668638067,OK
GSM1235661,hc,0.027214531986502814,0.11295756077064013,0.0,0.0,0.0,0.8598279072428571,0.0,0.0,0.08407796534821149,OK
GSM1235664,hc,0.03145772251843683,0.11295236883063149,0.0,0.0,0.0,0.8555899086509318,0.0,0.0,0.0840686190588655,OK
GSM1235670,hc,0.03106963375455817,0.14268524604902114,0.0,0.0,0.0,0.8262451201964207,0.0,0.0,0.08416496314780576,OK
GSM1235672,hc,0.009193327745413434,0.12132507663600542,0.02607471733184069,0.0,0.0,0.8434068782867405,0.0,0.0,0.09330457880831673,OK
GSM1235673,hc,0.004619039660791316,0.11903732358727218,0.0,0.0,0.0,0.8763436367519365,0.0,0.0,0.07249909638319374,OK
GSM1235674,hc,0.013003932959863209,0.13734847335940623,0.0,0.0,0.0,0.8496475936807306,0.0,0.0,0.074406249415445,OK
GSM1235677,hc,0.023061422893850676,0.12366444535635975,0.0,0.0,0.0,0.8532741317497895,0.0,0.0,0.0813264053463457,OK
GSM1235681,hc,0.0025592383339185475,0.11517405726427014,0.0,0.0,0.0,0.8822667044018113,0.0,0.0,0.09205474577797099,OK
GSM1235685,hc,0.008639410181538604,0.10827014147152916,0.0,0.0,0.0,0.8830904483469322,0.0,0.0,0.0786217580905896,OK
GSM1235686,hc,0.011587024134912971,0.12106932905137274,0.04329670255149087,0.0,0.0,0.8240469442622234,0.0,0.0,0.08288580528291825,OK
GSM1235687,hc,0.035388327216920944,0.11823349349624057,0.0004870344658976025,0.0,0.0,0.8458911448209409,0.0,0.0,0.06550023454537152,OK
GSM1235689,hc,0.0,0.13223988231821493,0.047177239361008746,0.0,0.0,0.8205828783207764,0.0,0.0,0.0881778737567649,OK
GSM1235690,hc,0.0,0.1444013020270348,0.04135306925416318,0.0,0.0,0.8142456287188022,0.0,0.0,0.09534144268103069,OK
GSM1235691,hc,0.007993257704465118,0.12881512151382074,0.03689066355428364,0.0,0.0,0.8263009572274305,0.0,0.0,0.09048192576668768,OK
GSM1235693,hc,0.0,0.13512265890306938,0.025440308957100304,0.0,0.0,0.8394370321398303,0.0,0.0,0.09148187614522268,OK
GSM1235694,hc,0.006682837756506271,0.13539038993840505,0.0238988368674626,0.0,0.0,0.8340279354376259,0.0,0.0,0.08964094067209144,OK
GSM1235696,hc,0.01518838900333928,0.103234124009058,0.0,0.0,0.0,0.8815774869876026,0.0,0.0,0.07634509012644213,OK
GSM1235698,hc,0.002044734265979918,0.12066653663748014,0.04218936822099591,0.0,0.0,0.8350993608755439,0.0,0.0,0.08466395435467011,OK
GSM1235699,hc,0.010064927955940765,0.1251663086399969,0.0,0.0,0.0,0.8647687634040624,0.0,0.0,0.07464200062800673,OK
GSM1235701,hc,0.022095821090591966,0.10675931602236388,0.0,0.0,0.0,0.8711448628870442,0.0,0.0,0.08026257228829482,OK
GSM1235703,hc,0.009112433949323744,0.1406699654466148,0.0,0.0,0.0,0.8502176006040614,0.0,0.0,0.08643466219681688,OK
GSM1235709,hc,0.010742749379479902,0.11103340700738501,0.0,0.0,0.0,0.8782238436131351,0.0,0.0,0.0720982887214269,OK
GSM1235710,hc,0.019416856998676908,0.11727613868316852,0.0,0.0,0.0,0.8633070043181547,0.0,0.0,0.07240235610720211,OK
GSM1235712,hc,0.00555073789842201,0.10801571124773168,0.045124875598071185,0.0,0.0,0.8413086752557752,0.0,0.0,0.09721485567490941,OK
GSM1235713,hc,0.0,0.1344994397695738,0.00789679625687143,0.0,0.0,0.8576037639735546,0.0,0.0,0.08905230363244303,OK
GSM1235720,hc,0.0,0.1279114324695601,0.01804009691839177,0.0,0.0,0.854048470612048,0.0,0.0,0.09107501324463109,OK
GSM1235721,hc,0.027003955641955235,0.10733608887819296,0.0,0.0,0.0,0.8656599554798519,0.0,0.0,0.08247685380539986,OK
GSM1235722,hc,0.012461582283050159,0.11188298395608517,0.03856287300771273,0.0,0.0,0.8370925607531521,0.0,0.0,0.08669988854956977,OK
GSM1235724,hc,0.0006806118627036284,0.11960380300487583,0.043846553028309754,0.0,0.0,0.8358690321041109,0.0,0.0,0.0918895825641243,OK
GSM1235725,hc,0.01697961319163411,0.09635347569431794,0.02994814942306763,0.0,0.0,0.8567187616909802,0.0,0.0,0.07783601595420098,OK
GSM1235730,hc,0.02910782911409989,0.11582357296663856,0.0,0.0,0.0,0.8550685979192616,0.0,0.0,0.08958813358324785,OK
GSM1235731,hc,0.004932663307006514,0.13683043452538105,0.0,0.0,0.0,0.8582369021676126,0.0,0.0,0.08626136258944728,OK
GSM1235736,hc,0.0011674275326207552,0.13346933715896211,0.0,0.0,0.0,0.8653632353084172,0.0,0.0,0.07970411097745563,OK
GSM1235738,hc,0.019372695475422513,0.11967747550414894,0.0,0.0,0.0,0.8609498290204284,0.0,0.0,0.08320867419021404,OK
GSM1235740,hc,0.0,0.15677284151266918,0.0,0.0,0.0,0.8432271584873308,0.0,0.0,0.09115523242673126,OK
GSM1235741,hc,0.002819581631119502,0.11237207887170259,0.020371891246259488,0.0,0.0,0.8644364482509184,0.0,0.0,0.08734301187733773,OK
GSM1235743,hc,0.00433025816099494,0.14461657449727036,0.030190126132629502,0.0,0.0,0.8208630412091051,0.0,0.0,0.08631009979489103,OK
GSM1235745,hc,0.0,0.13663039188166462,0.05678217354413899,0.0,0.0,0.8065874345741965,0.0,0.0,0.10982382320383885,OK
GSM1235746,hc,0.0,0.14437748322244304,0.046293992070450415,0.0,0.0,0.8093285247071064,0.0,0.0,0.09113443652786066,OK
GSM1235748,hc,0.0,0.1256010436951972,0.0,0.0,0.0,0.8743989563048028,0.0,0.0,0.08636147449411936,OK
GSM1235751,hc,0.017319123814179632,0.1253456494646146,0.0013639053477918113,0.0,0.0,0.8559713213734139,0.0,0.0,0.07753651206090767,OK
GSM1235752,hc,0.03555045408615774,0.1255947839704929,0.0019458736916002778,0.0,0.0,0.8369088882517488,0.0,0.0,0.09037458252029908,OK
GSM1235753,hc,0.026678574602599366,0.10957890147102474,0.0,0.0,0.0,0.863742523926376,0.0,0.0,0.08626940238468757,OK
GSM1235754,hc,0.014081983875563774,0.09469848918082682,0.04130910059820626,0.0,0.0,0.849910426345403,0.0,0.0,0.08300533915744673,OK
GSM1235758,hc,0.005028136656398011,0.13975184467534826,0.0,0.0,0.0,0.8552200186682537,0.0,0.0,0.08274524040404098,OK
GSM1235759,hc,0.011059295256596893,0.15049628080136046,0.034265189977063126,0.0,0.0,0.8041792339649794,0.0,0.0,0.09322130267439094,OK
GSM1235765,hc,0.002121418327763268,0.11856402556449264,0.020388666345382833,0.0,0.0,0.8589258897623613,0.0,0.0,0.08646392686123468,OK
GSM1235769,hc,0.013836606570314422,0.12016953484157997,0.03186930869151566,0.0,0.0,0.8341245498965901,0.0,0.0,0.08834535445891867,OK
GSM1235770,hc,0.001224637522319369,0.13837561775003399,0.0,0.0,0.0,0.8603997447276467,0.0,0.0,0.0865807585732921,OK
GSM1235773,hc,0.009121237883875758,0.10595853139926899,0.0,0.0,0.0,0.8849202307168553,0.0,0.0,0.07723791847883471,OK
GSM1235774,hc,0.019291832772052587,0.11467917628570594,0.0,0.0,0.0,0.8660289909422415,0.0,0.0,0.07609668089892702,OK
GSM1235775,hc,0.008293078918301389,0.1075421646314868,0.0,0.0,0.0,0.8841647564502119,0.0,0.0,0.07982002966844018,OK
GSM1235779,hc,0.013050727806779124,0.145608965252206,0.0,0.0,0.0,0.8413403069410148,0.0,0.0,0.08233050172763044,OK
GSM1235782,hc,0.024975019475226127,0.10919351115368896,0.0,0.0,0.0,0.865831469371085,0.0,0.0,0.07922471858794787,OK
GSM1235784,hc,0.009758474790528413,0.12239012667720217,0.015666059270924352,0.0,0.0,0.8521853392613452,0.0,0.0,0.08561258322671583,OK
GSM1235786,hc,0.0,0.13239152618589714,0.02068313777166773,0.0,0.0,0.8469253360424353,0.0,0.0,0.09763556085201658,OK
GSM1235788,hc,0.00993299529932597,0.1347446917123424,0.0,0.0,0.0,0.8553223129883317,0.0,0.0,0.0897779183125842,OK
GSM1235790,hc,0.023832914309461273,0.1501228002232866,0.0,0.0,0.0,0.8260442854672521,0.0,0.0,0.08171537108105419,OK
GSM1235791,hc,0.007678200665693118,0.12369930873888303,0.0,0.0,0.0,0.8686224905954237,0.0,0.0,0.07797388549582566,OK
GSM1235794,hc,0.007560104038643777,0.15651258382406522,0.009520476040166835,0.0,0.0,0.8264068360971242,0.0,0.0,0.09093098748342371,OK
GSM1235795,hc,0.0,0.1381389254672242,0.0015547777861365138,0.0,0.0,0.8603062967466393,0.0,0.0,0.09292555663303846,OK
GSM1235798,hc,0.0038016567327732384,0.13862794555193536,0.040850841891520794,0.0,0.0,0.8167195558237706,0.0,0.0,0.09502102931160264,OK
GSM1235802,hc,0.0,0.16131117774879403,0.017254946740751623,0.0,0.0,0.8214338755104544,0.0,0.0,0.09459878696012054,OK
GSM1235803,hc,0.0,0.1382390330570623,0.06578232316830143,0.0,0.0,0.7959786437746362,0.0,0.0,0.1057548443472898,OK
GSM1235804,hc,0.0,0.11432214764016702,0.09337791518102107,0.0,0.0,0.7922999371788118,0.0,0.0,0.12018755030713892,OK
GSM1235807,hc,0.0,0.12028764612017868,0.0662735766913887,0.0,0.0,0.8134387771884326,0.0,0.0,0.09206626198841077,OK
GSM1235810,hc,0.0,0.09860556020019476,0.0,0.0,0.0,0.9013944397998053,0.0,0.0,0.08252781837140001,OK
GSM1235811,hc,0.03383946359554441,0.14370280556654488,0.0,0.0,0.0,0.8224577308379107,0.0,0.0,0.08708625702625129,OK
GSM1235812,hc,0.0,0.14506431979891027,0.017965724803239786,0.0,0.0,0.8369699553978498,0.0,0.0,0.0925745998655216,OK
GSM1235813,hc,0.004987931032132485,0.12869500835994754,0.008854412870128617,0.0,0.0,0.8574626477377914,0.0,0.0,0.08995257148665113,OK
GSM1235814,hc,0.02896424067477711,0.11139490531833127,0.017254119469874346,0.0,0.0,0.8423867345370172,0.0,0.0,0.08194536479239486,OK
GSM1235815,hc,0.0,0.10335301910700014,0.06438043245247675,0.0,0.0,0.8322665484405232,0.0,0.0,0.0949644271095386,OK
GSM1235816,hc,0.0,0.13449863210084856,0.010372118876431642,0.0,0.0,0.8551292490227198,0.0,0.0,0.08523681730277,OK
GSM1235817,hc,0.022452038040178125,0.0980896341694113,0.0,0.0,0.0,0.8794583277904108,0.0,0.0,0.08114271482394614,OK
GSM1235818,hc,0.0013739426754017132,0.11384638949300283,0.007246003208750119,0.0,0.0,0.8775336646228453,0.0,0.0,0.08655827229909441,OK
GSM1235819,hc,0.009524322484291511,0.12470557195824411,0.0,0.0,0.0,0.8657701055574643,0.0,0.0,0.07525920760837121,OK
GSM1235820,case,0.0,0.12136919590560037,0.07971879930562013,0.0,0.0,0.7989120047887796,0.0,0.0,0.0967038463862967,OK
GSM1235827,hc,0.018747675803821626,0.1273260473577822,0.0,0.0,0.0,0.8539262768383962,0.0,0.0,0.07785546962275607,OK
GSM1235829,hc,0.031521861597229715,0.11438707936591694,0.028568610039869866,0.0,0.0,0.8255224489969835,0.0,0.0,0.07510197478414715,OK
GSM1235830,hc,0.02371926459608698,0.10244809052265356,0.0,0.0,0.0,0.8738326448812594,0.0,0.0,0.08148776380140746,OK
GSM1235831,hc,0.013529518924849777,0.12235393514283391,0.0019238606094169157,0.0,0.0,0.8621926853228994,0.0,0.0,0.08204689942501017,OK
GSM1235834,hc,0.012169847761628112,0.1382227010034029,0.022933789540217603,0.0,0.0,0.8266736616947514,0.0,0.0,0.08353712885910859,OK
GSM1235843,hc,0.015516273135217112,0.12995516320307496,0.03984464230900453,0.0,0.0,0.8146839213527032,0.0,0.0,0.09004222676804739,OK
GSM1235846,hc,0.019320166225035185,0.13339087869547567,0.0,0.0,0.0,0.8472889550794893,0.0,0.0,0.07585139084790207,OK
GSM1235850,hc,0.006367969063918382,0.108229757597099,0.0,0.0,0.0,0.8854022733389827,0.0,0.0,0.0797080237013194,OK
GSM1235851,hc,0.0,0.14592621113353374,0.032832065380832776,0.0,0.0,0.8212417234856334,0.0,0.0,0.09069776725974311,OK
GSM1235852,hc,0.0,0.09769403813415331,0.07373640313014941,0.0,0.0,0.8285695587356972,0.0,0.0,0.10387327092542582,OK
GSM1235854,hc,0.010141199989624986,0.13220504011299442,0.0,0.0,0.0,0.8576537598973805,0.0,0.0,0.08689865367741573,OK
GSM1235859,case,0.022437562004442073,0.11820583149651315,0.0,0.0,0.0,0.8593566064990448,0.0,0.0,0.07296773899375746,OK
GSM1235862,hc,0.0,0.11038748485264417,0.0835594856714897,0.0,0.0,0.806053029475866,0.0,0.0,0.10452639523899891,OK
GSM1235866,hc,0.02217718733341455,0.10919825043334751,0.0,0.0,0.0,0.868624562233238,0.0,0.0,0.07822944135292148,OK
GSM1235868,hc,0.02001904865682734,0.10497974804908555,0.05362400560021284,0.0,0.0,0.8213771976938742,0.0,0.0,0.08172367896984212,OK
GSM1235869,hc,0.017117500796058352,0.14330968790143095,0.003677657643927537,0.0,0.0,0.8358951536585831,0.0,0.0,0.08473941099430168,OK
GSM1235871,hc,0.012143322888089721,0.11474306544691536,0.0,0.0,0.0,0.873113611664995,0.0,0.0,0.07671235485769407,OK
GSM1235872,hc,0.006155002056588019,0.03675842838847497,0.19034806114983618,0.0,0.0,0.7566518569962445,0.010086651408856409,0.0,0.09160609526917678,OK
GSM1235874,hc,0.015396309795951267,0.14544038545027801,0.009068542813074107,0.0,0.0,0.8300947619406966,0.0,0.0,0.08294670757417358,OK
GSM1235875,hc,0.0,0.12184028820996069,0.017213319424400884,0.0,0.0,0.8609463923656383,0.0,0.0,0.08935696352428527,OK
GSM1235876,hc,0.01186570414216694,0.14650902251857942,0.0,0.0,0.0,0.8416252733392536,0.0,0.0,0.08793729724790754,OK
GSM1235877,hc,0.0071010109939207144,0.13321739091251497,0.0,0.0,0.0,0.8596815980935644,0.0,0.0,0.08408798638309627,OK
GSM1235878,hc,0.013815406167363861,0.10089490569722065,0.03443349300725583,0.0,0.0,0.8508561951281595,0.0,0.0,0.07940975768456711,OK
GSM1235879,hc,0.005542832526781446,0.1411523215494009,0.013853617225745046,0.0,0.0,0.8394512286980725,0.0,0.0,0.09520788388596156,OK
GSM1235881,hc,0.02249984592515509,0.10589099037537661,0.04781823329046267,0.0,0.0,0.8237909304090059,0.0,0.0,0.08435967882914895,OK
GSM1235883,hc,0.018487701879310585,0.11126837346470264,0.0,0.0,0.0,0.8702439246559868,0.0,0.0,0.0811653978944086,OK
GSM1235885,hc,0.017596494773128142,0.12115810326341783,0.0,0.0,0.0,0.8612454019634539,0.0,0.0,0.07914979726783834,OK
GSM1235886,hc,0.0032856783376110574,0.1443483558694873,0.05219710644879044,0.0,0.0,0.8001688593441113,0.0,0.0,0.09806561047369967,OK
GSM1235887,hc,0.010686673696109792,0.13573081527182387,0.0,0.0,0.0,0.8535825110320663,0.0,0.0,0.0836462571447118,OK
GSM1235888,hc,0.00574065415162461,0.10821055172495879,0.03981174133433773,0.0,0.0,0.8462370527890788,0.0,0.0,0.10074537763497467,OK
GSM1235890,case,0.020950715534183477,0.06719184179743175,0.0734530814811596,0.0,0.0,0.8384043611872254,0.0,0.0,0.08932509473540777,OK
GSM1235891,hc,0.030668793508393914,0.12949938013734583,0.0,0.0,0.0,0.8398318263542605,0.0,0.0,0.0884729727636581,OK
GSM1235892,case,0.0,0.11087453871229995,0.09766826992038866,0.0,0.0,0.7914571913673114,0.0,0.0,0.0975361383840797,OK
GSM1235893,hc,0.014053083868764398,0.1292014042090201,0.02158694835866972,0.0,0.0,0.8351585635635458,0.0,0.0,0.08693037878329565,OK
GSM1235894,hc,0.014241498710381672,0.139260461074183,0.0,0.0,0.0,0.8464980402154354,0.0,0.0,0.07645587164815798,OK
GSM1235895,hc,0.0,0.09499965330142054,0.10438470955415528,0.0,0.0,0.8006156371444242,0.0,0.0,0.0893933356909986,OK
GSM1235897,hc,0.012551167649853971,0.14811774651436518,0.0,0.0,0.0,0.8393310858357809,0.0,0.0,0.07568870579798588,OK
GSM1235898,hc,0.0,0.09856972704944983,0.09416313796194524,0.0,0.0,0.807267134988605,0.0,0.0,0.09679994739370683,OK
GSM1235899,hc,0.0021817212259610773,0.13944470658065117,0.043777328664038676,0.0,0.0,0.814596243529349,0.0,0.0,0.08390898655999506,OK
GSM1235901,hc,0.03258464894776947,0.11046836201726382,0.0,0.0,0.0,0.8569469890349667,0.0,0.0,0.07060376930531861,OK
GSM1235903,hc,0.009765504504545199,0.1251833342234884,0.0,0.0,0.0,0.8650511612719665,0.0,0.0,0.07545954303455038,OK
GSM1235905,hc,0.015655332957232468,0.1348045110935787,0.0,0.0,0.0,0.849540155949189,0.0,0.0,0.07732744432748723,OK
GSM1235906,hc,0.015139449569147052,0.10078426417998272,0.0,0.0,0.0,0.8840762862508703,0.0,0.0,0.08450570748595737,OK
GSM1235907,hc,0.0067174742276546375,0.12160641098386024,0.009998275529903239,0.0,0.0,0.8611765594712644,0.0005012797873175569,0.0,0.09180448811033715,OK
GSM1235910,hc,0.0,0.12722935437388813,0.028503929636118634,0.0,0.0,0.8442667159899933,0.0,0.0,0.09784063554098488,OK
GSM1235911,hc,0.023229580659878523,0.08076981748978779,0.0,0.0,0.0,0.8960006018503337,0.0,0.0,0.07135048919235608,OK
GSM1235913,hc,0.02101976379627791,0.10609348503818358,0.014007617281505284,0.0,0.0,0.8588791338840331,0.0,0.0,0.07991444917152524,OK
GSM1235914,hc,0.022918000943822105,0.12595576420795931,0.022529386267990156,0.0,0.0,0.8285968485802284,0.0,0.0,0.07657326032238193,OK
GSM1235915,case,0.003717166305084077,0.1369248591135042,0.0,0.0,0.0,0.8593579745814116,0.0,0.0,0.08077819220510414,OK
GSM1235917,hc,0.006480133779694756,0.16709830040034396,0.017827372792256782,0.0,0.0,0.8085941930277045,0.0,0.0,0.09002085754128109,OK
GSM1235918,case,0.0,0.09402187637823467,0.06811782903895679,0.0,0.0,0.8378602945828085,0.0,0.0,0.10439414075455482,OK
GSM1235919,hc,0.014435151211659489,0.15361929905366994,0.0,0.0,0.0,0.8319455497346707,0.0,0.0,0.08031081731254525,OK
GSM1235920,case,0.0,0.11174640275727342,0.03378494385789786,0.0,0.0,0.8544686533848287,0.0,0.0,0.09445595442106842,OK
GSM1235922,hc,0.012146776059164869,0.16105572689471126,0.0,0.0,0.0,0.8267974970461238,0.0,0.0,0.07198117421514721,OK
GSM1235924,hc,0.001126923113045769,0.11650941783701574,0.04153115414644737,0.0,0.0,0.840832504903491,0.0,0.0,0.08847980074469779,OK
GSM1235926,case,0.027666230382637026,0.13239823434921538,0.012279604322317991,0.0,0.0,0.8276559309458297,0.0,0.0,0.07226802504290294,OK
GSM1235928,hc,0.02508784299526458,0.11779967463870107,0.0,0.0,0.0,0.8571124823660342,0.0,0.0,0.07321932594679324,OK
GSM1235929,hc,0.009460327072415665,0.13963328482244278,0.0,0.0,0.0,0.8509063881051413,0.0,0.0,0.07841675921955478,OK
GSM1235936,case,0.032619384358044436,0.13765141893440794,0.0,0.0,0.0,0.8292308789687469,0.0,0.0004983177388008277,0.0695918427872794,OK
GSM1235937,hc,0.0,0.13235328429240237,0.047001815982184864,0.0,0.0,0.8206448997254128,0.0,0.0,0.0948830456092344,OK
GSM1235939,case,0.0026600219720569144,0.16640999682325142,0.019082729317677086,0.0,0.0008705961175221547,0.8109766557694925,0.0,0.0,0.07222150348565916,OK
GSM1235940,hc,0.009157768501102705,0.12793388371095335,0.013820334742773437,0.0,0.0,0.8490880130451703,0.0,0.0,0.09244251475167904,OK
GSM1235941,hc,0.03298142165839685,0.13265059866001253,0.0,0.0,0.0,0.8343679796815906,0.0,0.0,0.07845800416910965,OK
GSM1235942,hc,0.009560114366260617,0.13936953363340626,0.024201878261095336,0.0,0.0,0.8268684737392377,0.0,0.0,0.09122043550773161,OK
GSM1235944,hc,0.00668123570707823,0.12742282793342574,0.023423993539998383,0.0,0.0,0.8424719428194978,0.0,0.0,0.09134443721931465,OK
GSM1235945,hc,0.0,0.13172199804836035,0.04161564434377632,0.0,0.0,0.8266623576078633,0.0,0.0,0.09922923518427965,OK
GSM1235946,hc,0.0,0.15321998910822573,0.021430649992147482,0.0,0.0,0.8253493608996266,0.0,0.0,0.10116197083402047,OK
GSM1235947,hc,0.0,0.11620189225841657,0.0,0.0,0.0,0.8837981077415835,0.0,0.0,0.07774834753948806,OK
GSM1235949,hc,0.012001794229178537,0.14909077831706236,0.021306143378874414,0.0,0.0,0.8162313709202387,0.0013699131546460915,0.0,0.08268674705760588,OK
GSM1235950,hc,0.01240564424264589,0.11601918508151288,0.028871719324351036,0.0,0.0,0.8427034513514902,0.0,0.0,0.08244484771025465,OK
GSM1235952,hc,0.0327606004660005,0.11424390157189296,0.02731750312606407,0.0,0.0,0.8256779948360423,0.0,0.0,0.07696569373587446,OK
GSM1235953,hc,0.0,0.135928504519281,0.0,0.0,0.0,0.8640714954807189,0.0,0.0,0.08677562511172957,OK
GSM1235955,hc,0.009240410807927452,0.1048060202867255,0.0,0.0,0.0,0.8859535689053469,0.0,0.0,0.07410570820642944,OK
GSM1235956,hc,0.013921668051299296,0.12916541882715105,0.0013770589209120276,0.0,0.0,0.8555358542006375,0.0,0.0,0.08701655500209128,OK
GSM1235957,hc,0.022938282175643497,0.1172730774935491,0.0021022416640046337,0.0,0.0,0.8576863986668029,0.0,0.0,0.08793613654762197,OK
GSM1235959,case,0.0,0.09700784039844787,0.061976077725247214,0.0,0.0,0.8410160818763048,0.0,0.0,0.09327390068481178,OK
GSM1235961,hc,0.01189080302043903,0.1252907561049787,0.044954254065707466,0.0,0.0,0.817864186808875,0.0,0.0,0.09154916569614936,OK
GSM1235962,hc,0.0015421416289073328,0.11193959979379015,0.05215301589609783,0.0,0.0,0.8343652426812045,0.0,0.0,0.09086642345399402,OK
GSM1235963,hc,0.023814111861621065,0.1248755560944661,0.010577463486392456,0.0,0.0,0.8407328685575204,0.0,0.0,0.08627456555947788,OK
GSM1235964,hc,0.02169239175534402,0.14403213485305813,0.0,0.0,0.0,0.8342754733915979,0.0,0.0,0.08567306223868887,OK
GSM1235965,hc,0.0,0.12641253296417823,0.03961173020491281,0.0,0.0,0.833975736830909,0.0,0.0,0.09444191823107774,OK
GSM1235969,hc,0.013118311262471899,0.12597895501215725,0.04557247815440854,0.0,0.0,0.8153302555709623,0.0,0.0,0.08920730739897349,OK
GSM1235975,hc,0.005231893329386915,0.13586049704627118,0.03146475492463097,0.0,0.0,0.8274428546997109,0.0,0.0,0.08654476024630042,OK
GSM1235977,hc,0.019281738039315488,0.11598555625271864,0.019205116698321117,0.0,0.0,0.8455275890096448,0.0,0.0,0.08027540450284353,OK
GSM1235978,hc,0.009292059207124087,0.13419030108523794,0.048542754439663355,0.0,0.0,0.8079748852679746,0.0,0.0,0.0846657096554183,OK
GSM1235979,hc,0.0,0.10936207927396654,0.06558282540720357,0.0,0.0,0.82505509531883,0.0,0.0,0.11445415329636854,OK
GSM1235980,hc,0.02095494968709542,0.1505934785009336,0.0,0.0,0.0,0.828451571811971,0.0,0.0,0.08636732758772125,OK
GSM1235981,hc,0.020372718797817213,0.10239582477688111,0.0,0.0,0.0,0.8772314564253019,0.0,0.0,0.07210097450110872,OK
GSM1235982,hc,0.0011207720004814403,0.12131356690564224,0.06862807315804409,0.0,0.0,0.8089375879358323,0.0,0.0,0.09292782619694083,OK
GSM1235984,hc,0.0,0.1403813652675702,0.060116831128143575,0.0,0.0,0.7995018036042864,0.0,0.0,0.08367738158486653,OK
GSM1235985,case,0.02133580905617921,0.09798660839493537,0.056255851390915414,0.0,0.0,0.8165276434249118,0.00789408773305821,0.0,0.09850449583295434,OK
GSM1235988,hc,0.013100459624214193,0.1344805152526774,0.03252964761937641,0.0,0.0,0.8198893775037321,0.0,0.0,0.08299756372690334,OK
GSM1235990,hc,0.017933058386537196,0.12586815505232463,0.0,0.0,0.0,0.856198786561138,0.0,0.0,0.07990246371357292,OK
GSM1235995,hc,0.008975061255845455,0.09872596783034793,0.06995393246748577,0.0,0.0,0.822345038446321,0.0,0.0,0.09672766221935716,OK
GSM1235997,hc,0.0,0.13120451481948675,0.05352023416026665,0.0,0.0,0.8152752510202466,0.0,0.0,0.093551274991521,OK
GSM1235999,hc,0.01344242308423435,0.09507480905164273,0.022735573404469897,0.0,0.0,0.868747194459653,0.0,0.0,0.0886773062457621,OK
GSM1236000,hc,0.015117515850170377,0.1309026583406799,0.010518127154229645,0.0,0.0,0.8434616986549202,0.0,0.0,0.08085814080863153,OK
GSM1236002,hc,0.0,0.12847428673293623,0.0437322527077602,0.0,0.0,0.8277934605593037,0.0,0.0,0.10181510055790803,OK
GSM1236004,hc,0.02681988602030721,0.14103215252650753,0.0,0.0,0.0,0.8284863219419002,0.003661639511284908,0.0,0.06882335503938157,OK
GSM1236007,hc,0.01019470729858013,0.1365094225580869,0.044726783896438846,0.0,0.0,0.8085690862468942,0.0,0.0,0.08960419788921528,OK
GSM1236008,case,0.013385413710063826,0.08615955781767301,0.0971500153764933,0.0,0.0,0.7883466109019156,0.014958402193854511,0.0,0.08432118869156882,OK
GSM1236009,hc,0.0,0.1182802958434552,0.03691755572745993,0.0,0.0,0.8448021484290849,0.0,0.0,0.08765714595265699,OK
GSM1236010,hc,0.017802080451312485,0.11796573957100492,0.00035967070361495046,0.0,0.0,0.8638725092740676,0.0,0.0,0.0783617595106178,OK
GSM1236012,case,0.0,0.09265858481653498,0.10400716864064992,0.0,0.0,0.803334246542815,0.0,0.0,0.09941838316293335,OK
GSM1236013,hc,0.018591020276086747,0.14872583643639092,0.0,0.0,0.0,0.8326831432875224,0.0,0.0,0.07477544544112316,OK
GSM1236015,hc,0.01175627034127056,0.12765412622555436,0.0,0.0,0.0,0.8597598853708587,0.0008297180623164299,0.0,0.0912435051512055,OK
GSM1236016,hc,0.0010036898701172928,0.15870600927573,0.02920351153426317,0.0,0.0,0.8110867893198896,0.0,0.0,0.07086750083208172,OK
GSM1236018,hc,0.023667519874476635,0.1427140825147177,0.022032302942121704,0.0,0.0,0.8115860946686839,0.0,0.0,0.07515441594452124,OK
GSM1236021,case,0.0,0.10599420084330778,0.07087806965718653,0.0,0.0,0.8231277294995059,0.0,0.0,0.0859316514748742,OK
GSM1236024,case,0.00654811863172778,0.12036482431627712,0.03187930062812587,0.0,0.0,0.8412077564238694,0.0,0.0,0.08782296199798763,OK
GSM1236025,hc,0.0,0.12859493785218645,0.03466170771318268,0.0,0.0,0.836743354434631,0.0,0.0,0.09770526774665447,OK
GSM1236026,hc,0.0,0.13387088030901767,0.01627243484700822,0.0,0.0,0.8498566848439741,0.0,0.0,0.09899816845589222,OK
GSM1236029,hc,0.024316099785890995,0.13026749267683327,0.0,0.0,0.0,0.8454164075372758,0.0,0.0,0.07838649583069804,OK
GSM1236031,hc,0.0,0.141485506268327,0.028540764952984594,0.0,0.0,0.8299737287786884,0.0,0.0,0.09054928652580789,OK
GSM1236032,hc,0.0,0.1586176218334384,0.0,0.0,0.0,0.8413823781665616,0.0,0.0,0.08704710103347184,OK
GSM1236034,case,0.0,0.1052455112771234,0.07297781416197184,0.0,0.0,0.8168314291137809,0.00494524544712361,0.0,0.08129921935470644,OK
GSM1236035,hc,0.004420226913961482,0.10033695328739785,0.036820570636778106,0.0,0.0,0.8584222491618627,0.0,0.0,0.08746090552467552,OK
GSM1236037,hc,0.0,0.06167398757667607,0.1992244485112357,0.0,0.0,0.7391015639120881,0.0,0.0,0.10287953800020637,OK
GSM1236038,hc,0.017394251357059735,0.16369274589559926,0.0,0.0,0.0,0.818913002747341,0.0,0.0,0.08836166018577843,OK
GSM1236040,hc,0.00265317772859628,0.13154288062728484,0.0,0.0,0.0,0.8658039416441189,0.0,0.0,0.08461741854956452,OK
GSM1236043,hc,0.021122795402702642,0.12591107991614706,0.0,0.0,0.0,0.8529661246811503,0.0,0.0,0.07593670766570709,OK
GSM1236044,hc,0.009048990127045142,0.1092842158773407,0.0,0.0,0.0,0.8816667939956142,0.0,0.0,0.08774017497232016,OK
GSM1236046,hc,0.01877663482580088,0.12704940689370037,0.01922574476364123,0.0,0.0,0.8349482135168576,0.0,0.0,0.08270991138089596,OK
GSM1236048,hc,0.004403024639714152,0.10623369299710961,0.004147679211424372,0.0,0.0,0.8852156031517519,0.0,0.0,0.08536716253361269,OK
GSM1236050,hc,0.026717951927033228,0.1250357468141885,0.0,0.0,0.0,0.8482463012587782,0.0,0.0,0.0833441619859265,OK
GSM1236052,hc,0.0,0.12796592734847842,0.03374894815151305,0.0,0.0,0.8382851245000086,0.0,0.0,0.09443653070853542,OK
GSM1236053,hc,0.0063037391359205275,0.1401904601772297,0.04042959623275581,0.0,0.0,0.8130762044540939,0.0,0.0,0.08216335205949729,OK
GSM1236054,hc,0.017928166034429732,0.10388564074220553,0.017571390416674243,0.0,0.0,0.8606148028066903,0.0,0.0,0.08972425999001324,OK
GSM1236055,hc,0.019911280376038884,0.11431809868961756,0.0,0.0,0.0,0.8657706209343436,0.0,0.0,0.07152946451391139,OK
GSM1236056,hc,0.0,0.03935174942720765,0.23059278407964626,0.0,0.0,0.7300554664931462,0.0,0.0,0.11206847873152528,OK
GSM1236058,hc,0.018199497872260544,0.11628151157141567,0.0030176907290986044,0.0,0.0,0.8625012998272252,0.0,0.0,0.07945095824733961,OK
GSM1236059,hc,0.0,0.0959590469860383,0.063316768366327,0.0,0.0,0.8407241846476347,0.0,0.0,0.09606415291828006,OK
GSM1236060,hc,0.02078048918004163,0.13009886034009105,0.0,0.0,0.0,0.8491206504798674,0.0,0.0,0.07327176963690903,OK
GSM1236061,hc,0.023396873035242426,0.14789150801751064,0.0,0.0,0.0,0.8287116189472469,0.0,0.0,0.08329860909000528,OK
GSM1236063,hc,0.0,0.15260456252041119,0.07714436392206223,0.0,0.0,0.7702510735575265,0.0,0.0,0.09498949175449045,OK
GSM1236065,hc,0.01812328809063139,0.13321791407137798,0.0,0.0,0.0,0.8486587978379906,0.0,0.0,0.07994101796321725,OK
GSM1236066,hc,0.01835311699689117,0.1525668985464063,0.0,0.0,0.0,0.8290799844567026,0.0,0.0,0.07373525878377178,OK
GSM1236067,hc,0.014393828081402056,0.11551113199015706,0.0,0.0,0.0,0.8700950399284408,0.0,0.0,0.0841486630518239,OK
GSM1236069,hc,0.010904345084196958,0.1094399744517199,0.042545021024799644,0.0,0.0,0.8371106594392834,0.0,0.0,0.08932413991814421,OK
GSM1236071,hc,0.0022478727459061543,0.12339704808786936,0.03355105824049275,0.0,0.0,0.8408040209257318,0.0,0.0,0.08295909628584493,OK
GSM1236074,hc,0.03558896368746733,0.148323838683518,0.0,0.0,0.0,0.8160871976290147,0.0,0.0,0.06783561745018288,OK
GSM1236077,hc,0.016405214552929155,0.0933154667156887,0.08540863989814768,0.0,0.0,0.8048706788332344,0.0,0.0,0.08831531097462007,OK
GSM1236080,case,0.0,0.0874732220054376,0.06864630461841521,0.0,0.0,0.8438804733761472,0.0,0.0,0.0931657664749041,OK
GSM1236083,hc,0.0,0.12402232183179772,0.028433457700560997,0.0,0.0,0.8475442204676411,0.0,0.0,0.08480590838041963,OK
GSM1236084,hc,0.0,0.1146786893650899,0.04518209639471141,0.0,0.0,0.8401392142401987,0.0,0.0,0.09407496348745596,OK
GSM1236085,hc,0.01311126463953638,0.10248280486520944,0.005835143439142487,0.0,0.0,0.8785707870561115,0.0,0.0,0.10784580706601275,OK
GSM1236086,hc,0.0,0.14237424111009844,0.016006343710197938,0.0,0.0,0.8416194151797036,0.0,0.0,0.09084922972786884,OK
GSM1236087,hc,0.007733861113384869,0.1277953371560206,0.03422239763543136,0.0,0.0,0.8234406852050871,0.006807718890076177,0.0,0.10053986069144516,OK
GSM1236088,hc,0.0,0.11795199135164881,0.10320193823677022,0.0,0.0,0.7788460704115809,0.0,0.0,0.0966784428585329,OK
GSM1236089,hc,0.031393166127888096,0.12328254033910552,0.006686101339688791,0.0,0.0,0.8386381921933178,0.0,0.0,0.07685074453945287,OK
GSM1236091,hc,0.00020694192263838798,0.17257812799319053,0.0,0.0,0.0,0.827214930084171,0.0,0.0,0.08793431131045099,OK
GSM1236092,hc,0.00714418060655506,0.13802585357678437,0.0,0.0,0.0,0.8548299658166605,0.0,0.0,0.0823298455230647,OK
GSM1236094,hc,0.0,0.12836190788843202,0.08268899237813668,0.0,0.0,0.7889490997334314,0.0,0.0,0.08667495377069527,OK
GSM1236095,case,0.0,0.08180420099559323,0.13921273563697428,0.0,0.0,0.7789830633674324,0.0,0.0,0.10466993748668699,OK
GSM1236097,hc,0.015204390476349718,0.14639107723964562,0.0,0.0,0.0,0.8384045322840047,0.0,0.0,0.08187248914485536,OK
GSM1236098,hc,0.005471639217852112,0.13423696891255338,0.021876459756508093,0.0,0.0,0.8384149321130864,0.0,0.0,0.09778733578033838,OK
GSM1236100,case,0.010308956251893445,0.12790510876780464,0.02199675340588994,0.0,0.0,0.839789181574412,0.0,0.0,0.07475229287043626,OK
GSM1236102,hc,0.0,0.11146875304299303,0.0514914932225273,0.0,0.0,0.8370397537344798,0.0,0.0,0.09946266954575093,OK
GSM1236106,case,0.0,0.10170630958941979,0.07989040815478508,0.0,0.0,0.8184032822557952,0.0,0.0,0.0960134936140359,OK
GSM1236107,hc,0.01392378629126833,0.1221116442410057,0.0,0.0,0.0,0.8639645694677262,0.0,0.0,0.07740146102273313,OK
GSM1236108,hc,0.020098172343685935,0.11561211070242143,0.0,0.0,0.0,0.8642897169538927,0.0,0.0,0.08187956891854951,OK
GSM1236109,hc,0.02544678492560962,0.15836174350530982,0.0,0.0,0.0,0.8161914715690807,0.0,0.0,0.07758369136147672,OK
GSM1236110,hc,0.007325710446712812,0.11020326314445764,0.059940428884495425,0.0,0.0,0.8225305975243342,0.0,0.0,0.08507613587265238,OK
GSM1236111,hc,0.008109194485754943,0.11415138891969104,0.05914334214271498,0.0,0.0,0.8185960744518391,0.0,0.0,0.08624400068425313,OK
GSM1236112,hc,0.0,0.15424068105190802,0.05506881280753784,0.0,0.0,0.790690506140554,0.0,0.0,0.08543417393429523,OK
GSM1236113,hc,0.004460970034799821,0.10087190811933207,0.036616900632976734,0.0,0.0,0.8580502212128914,0.0,0.0,0.08878911843018895,OK
GSM1236115,hc,0.01682076533657511,0.09134490755050223,0.0,0.0,0.0,0.8918343271129227,0.0,0.0,0.07242433883170457,OK
GSM1236116,hc,0.03876300200816614,0.07992429191169388,0.01857817331627022,0.0,0.0,0.8627345327638697,0.0,0.0,0.08122238864551418,OK
GSM1236118,hc,0.0,0.15686602558020304,0.018891185729430396,0.0,0.0,0.8242427886903665,0.0,0.0,0.09606323158330837,OK
GSM1236119,hc,0.0208378913426368,0.16664600348126157,0.0,0.0,0.0,0.8125161051761016,0.0,0.0,0.07797819068127519,OK
GSM1236120,case,0.0,0.07154389758236258,0.08323007427661314,0.0,0.0,0.8447570766426633,0.0004689514983608929,0.0,0.08517434374671398,OK
GSM1236121,hc,0.0,0.11923598278492466,0.04539533509185378,0.0,0.0,0.8353686821232217,0.0,0.0,0.09997507980672499,OK
GSM1236122,hc,0.0,0.1003860273799174,0.09768392668509342,0.0,0.0,0.8019300459349892,0.0,0.0,0.09719745016593373,OK
GSM1236123,hc,0.03322024212210536,0.11014845313274683,0.0,0.0,0.0,0.8566313047451479,0.0,0.0,0.07787151719542162,OK
GSM1236124,hc,0.025788795130600964,0.08978515630523362,0.026169505826686562,0.0,0.0,0.8582565427374786,0.0,0.0,0.08347984056765152,OK
GSM1236126,hc,0.001287203850289055,0.1649178766639905,0.02588415351888812,0.0,0.0,0.8079107659668322,0.0,0.0,0.10152798802230208,OK
GSM1236129,case,0.016182635705393397,0.12955342140830792,0.02729865121142154,0.0,0.0,0.8269652916748771,0.0,0.0,0.08126051357736479,OK
GSM1236131,hc,0.018357192501649286,0.14152133652043336,0.001463247833900505,0.0,0.0,0.838658223144017,0.0,0.0,0.07961757613539808,OK
GSM1236135,hc,0.023023409590413324,0.10986395854652842,0.0,0.0,0.0,0.8671126318630581,0.0,0.0,0.0784435169242018,OK
GSM1236136,hc,0.012405174096943986,0.13059659824312708,0.040496093302564325,0.0,0.0,0.8165021343573646,0.0,0.0,0.09089556315549062,OK
GSM1236138,hc,0.006539200034274474,0.1638484481363772,0.010884970876796577,0.0,0.0,0.8187273809525519,0.0,0.0,0.09643591721476547,OK
GSM1236139,case,0.011925174261066715,0.07541880580096959,0.05401392657117763,0.0,0.0026322063032485268,0.8532849682637942,0.002724918799743249,0.0,0.08186079579675637,OK
GSM1236142,hc,0.0,0.13149931569443019,0.035159161576535355,0.0,0.0,0.8333415227290346,0.0,0.0,0.10407013092323493,OK
GSM1236143,hc,0.010207440406661609,0.1252965234245294,0.04526682688657113,0.0,0.0,0.8192292092822377,0.0,0.0,0.09138331636343502,OK
GSM1236146,hc,0.00014552370373356258,0.11282627754439845,0.044416599222608516,0.0,0.0,0.8426115995292593,0.0,0.0,0.0958238538460552,OK
GSM1236147,hc,0.0,0.13590401455570822,0.039148318797167084,0.0,0.0,0.8249476666471246,0.0,0.0,0.08864902720104723,OK
GSM1236149,case,0.0,0.09862002736994682,0.07356145973930099,0.0,0.0,0.8278185128907521,0.0,0.0,0.09204248196121358,OK
GSM1236154,hc,0.0,0.12922818172548722,0.06708357631550843,0.0,0.0,0.8036882419590043,0.0,0.0,0.10601864857437587,OK
GSM1236155,hc,0.0016515413388877992,0.11721805992282128,0.03480224755442091,0.0,0.0,0.8463281511838698,0.0,0.0,0.10100517633493586,OK
GSM1236159,hc,0.01510754418872583,0.10936168977358018,0.04413981483779977,0.0,0.0,0.8313909511998943,0.0,0.0,0.08378934458642368,OK
GSM1236160,hc,0.0,0.11917657853373313,0.013672336090624976,0.0,0.0,0.8671510853756419,0.0,0.0,0.09051867757538291,OK
GSM1236162,hc,0.007007974263460618,0.1072860690674072,0.004049461374623635,0.0,0.0,0.8816564952945085,0.0,0.0,0.0880317533007954,OK
GSM1236163,hc,0.0,0.10533477397329259,0.08170493753616737,0.0,0.0,0.81296028849054,0.0,0.0,0.10787146018639458,OK
GSM1236164,hc,0.017801985629034213,0.1379604116358897,0.04563622770348107,0.0,0.0,0.7986013750315948,0.0,0.0,0.08220162085966339,OK
GSM1236165,case,0.0,0.10078592104510385,0.09319993730366295,0.0,0.0,0.8060141416512333,0.0,0.0,0.10146016270212282,OK
GSM1236166,hc,0.03212022386056415,0.11907501858332839,0.00716072109402071,0.0,0.0,0.8416440364620867,0.0,0.0,0.07966023110930022,OK
GSM1236167,hc,0.007436041966801095,0.10603361118144425,0.010866539188827427,0.0,0.0,0.8756638076629273,0.0,0.0,0.087474887918613,OK
GSM1236171,hc,0.03801371111209566,0.1509092709825633,0.0,0.0,0.0,0.811077017905341,0.0,0.0,0.07829437672976704,OK
GSM1236173,hc,0.023365185184416062,0.1299620131992861,0.01293138761330511,0.0,0.0,0.8337414140029926,0.0,0.0,0.07760172989622083,OK
GSM1236174,hc,0.0,0.06853599579132715,0.074219870513257,0.0,0.0,0.857244133695416,0.0,0.0,0.08506391051336055,OK
GSM1236175,hc,0.006879132486822766,0.1352413005811612,0.008841546459968857,0.0,0.0,0.8490380204720471,0.0,0.0,0.09068805804429365,OK
GSM1236180,hc,0.004745838546554977,0.13991122986635202,0.017436979383510076,0.0,0.0,0.8379059522035829,0.0,0.0,0.09576876262611494,OK
GSM1236181,hc,0.029646869369852134,0.10973312665415591,0.0,0.0,0.0,0.8606200039759919,0.0,0.0,0.0738120791655592,OK
GSM1236184,hc,0.0007647916389667345,0.1245079379120266,0.041988232778624374,0.0,0.0,0.8327390376703822,0.0,0.0,0.08958553178705891,OK
GSM1236186,hc,0.027113800937770785,0.14387444225829002,0.0,0.0,0.0,0.8290117568039392,0.0,0.0,0.0726645802760165,OK
GSM1236187,hc,0.0,0.1439681127689214,0.024377792769917944,0.0,0.0,0.8316540944611606,0.0,0.0,0.08666630383284611,OK
GSM1236189,hc,0.028705738116895377,0.15067841910845928,0.0,0.0,0.0,0.8206158427746453,0.0,0.0,0.061705878450378684,OK
GSM1236190,hc,0.021986458451278765,0.12824586930040335,0.0,0.0,0.0,0.8497676722483178,0.0,0.0,0.08400065255899357,OK
GSM1236191,case,0.02050529981898573,0.11574677005307224,0.023364955811997004,0.0,0.0,0.840382974315945,0.0,0.0,0.08244897580696586,OK
GSM1236192,hc,0.023313327181936027,0.14834876882507006,0.0,0.0,0.0,0.8283379039929938,0.0,0.0,0.07837732210370382,OK
GSM1236193,hc,0.008912033080482388,0.1327188700060992,0.026979957124933354,0.0,0.0,0.831389139788485,0.0,0.0,0.08890092434151413,OK
GSM1236195,hc,0.0225843315153839,0.14149077549374678,0.0,0.0,0.0,0.8359248929908693,0.0,0.0,0.07222836504422542,OK
GSM1236196,hc,0.016970064288359628,0.1423661361281428,0.0018024206932691078,0.0,0.0,0.8388613788902285,0.0,0.0,0.08153201754165469,OK
GSM1236197,hc,0.020335024911628464,0.14108188345755876,0.0,0.0,0.0,0.8385830916308129,0.0,0.0,0.07982437585763286,OK
GSM1236198,hc,0.0,0.11338690282036457,0.04440625221632781,0.0,0.0,0.8422068449633076,0.0,0.0,0.08972596791542509,OK
GSM1236199,hc,0.032109984121734866,0.12196823669176973,0.010093480173645936,0.0,0.0,0.8358282990128494,0.0,0.0,0.08021982799561198,OK
GSM1236200,case,0.0,0.058409048664434374,0.18844218232378976,0.0,0.0,0.753148769011776,0.0,0.0,0.10113388772080195,OK
GSM1236203,hc,0.022149431994273328,0.14227696995392802,0.004694104656633669,0.0,0.0,0.8308794933951651,0.0,0.0,0.08432458005246819,OK
GSM1236205,hc,0.022825365630465864,0.14332943710456955,0.0,0.0,0.0,0.8338451972649644,0.0,0.0,0.06975893641623251,OK
GSM1236208,hc,0.010642128527284134,0.131090187891264,0.0058679776432536135,0.0,0.0,0.8523997059381982,0.0,0.0,0.08037912395845187,OK
GSM1236209,hc,0.0,0.13404356997632266,0.040774176121012154,0.0,0.0,0.8251822539026653,0.0,0.0,0.09508888207745522,OK
GSM1236213,case,0.0,0.14055551778633082,0.040080004704993094,0.0,0.0,0.8193644775086759,0.0,0.0,0.09612601322401158,OK
GSM1236214,hc,0.017673161146298553,0.13943885997930863,0.0,0.0,0.0,0.8428879788743929,0.0,0.0,0.07231529780589996,OK
GSM1236216,hc,0.008624201126647957,0.13323372706202916,0.06273234739983177,0.0,0.0,0.7954097244114913,0.0,0.0,0.08937392527813331,OK
GSM1236217,case,0.014531892720212373,0.10698588237811993,0.03690167329221159,0.0,0.0,0.8415805516094561,0.0,0.0,0.09408203485385447,OK
GSM1236218,case,0.003998464190272246,0.16110333487973044,0.0,0.0,0.0,0.8348982009299974,0.0,0.0,0.06695040496225713,OK
GSM1236219,hc,0.030696292396794913,0.13605442869859283,0.0,0.0,0.0,0.8332492789046124,0.0,0.0,0.07708498558260155,OK
GSM1236221,hc,0.010612101260410525,0.11762916740410581,0.018493852826907346,0.0,0.0,0.8532648785085764,0.0,0.0,0.08240515333292264,OK
GSM1236222,hc,0.01110260187101842,0.12291596944400474,0.03455633849228856,0.0,0.0,0.8314250901926883,0.0,0.0,0.09009795322758513,OK
GSM1236224,hc,0.006095052169650835,0.121002577611319,0.048982572236407104,0.0,0.0,0.8239197979826233,0.0,0.0,0.0836289940869073,OK
GSM1236227,hc,0.0,0.13479528792147158,0.0731694881151224,0.0,0.0,0.7920352239634061,0.0,0.0,0.10389583967486453,OK
GSM1236230,hc,0.03030881689327766,0.14415818786819662,0.0,0.0,0.0,0.8255329952385256,0.0,0.0,0.0782769568880806,OK
GSM1236232,hc,0.011165312033641066,0.14656836498667591,0.011061822632587585,0.0,0.0,0.8312045003470954,0.0,0.0,0.08502343154315505,OK
GSM1236233,hc,0.0016729155635582561,0.13584751657203126,0.044411588574183196,0.0,0.0,0.8180679792902271,0.0,0.0,0.08865703813670735,OK
GSM1236234,hc,0.01716426596346057,0.15286231368955988,0.00026471661777255524,0.0,0.0,0.829708703729207,0.0,0.0,0.07967408003056092,OK
GSM1236237,hc,0.00811256441857319,0.12754429937754452,0.008735459847547321,0.0,0.0,0.855607676356335,0.0,0.0,0.0855851511076239,OK
GSM1236238,hc,0.0033721224316951293,0.10487665598579896,0.05512825194359554,0.0,0.0,0.8366229696389105,0.0,0.0,0.08861441837551462,OK
GSM1236239,hc,0.01643083370116858,0.1326769220748444,0.0008916787010456537,0.0,0.0,0.8398175900434235,0.010182975479518061,0.0,0.09013705448596196,OK
GSM1236243,hc,0.021877642758440254,0.13507711218487334,0.0,0.0,0.0,0.8430452450566863,0.0,0.0,0.07303675212155741,OK
GSM1236246,hc,0.0036159691488336053,0.08336803505774189,0.07196771510355786,0.0,0.0,0.8410482806898667,0.0,0.0,0.09391439983892468,OK
GSM1236247,hc,0.028616791673034582,0.14614432940458455,0.0,0.0,0.0,0.8116867106813399,0.013552168241040913,0.0,0.09392540093715894,OK
GSM1236248,hc,0.09150098679552673,0.09794048931215935,0.0,0.0,0.0,0.810558523892314,0.0,0.0,0.08667438245419237,OK
GSM1236250,hc,0.0,0.0783466592911489,0.11229761710514374,0.0,0.0,0.8093557236037074,0.0,0.0,0.11344313981643889,OK
GSM1236253,hc,0.02865896252707467,0.11882558516412442,0.0,0.0,0.0,0.8525154523088011,0.0,0.0,0.08963246550259614,OK
GSM1236254,hc,0.014559905046292988,0.1286212164273397,0.0,0.0,0.0,0.8568188785263673,0.0,0.0,0.0811818966682326,OK
GSM1236257,hc,0.01858269386110936,0.10789737962266174,0.0,0.0,0.0,0.8735199265162289,0.0,0.0,0.08358741242711804,OK
GSM1236260,hc,0.0064368928493609215,0.13563233059391763,0.0,0.0,0.0,0.8579307765567213,0.0,0.0,0.07854695337421677,OK
GSM1236261,hc,0.0,0.13490986443012007,0.03318674575201419,0.0,0.0,0.8319033898178657,0.0,0.0,0.08412592568467513,OK
GSM1236262,hc,0.027033268453940024,0.13325573187323111,0.0,0.0,0.0,0.8397109996728289,0.0,0.0,0.07248732124360707,OK
GSM1236264,hc,0.0,0.1024848946329557,0.0554089108964035,0.0,0.0,0.8421061944706407,0.0,0.0,0.0928430355971501,OK
GSM1236265,hc,0.001334813882473921,0.10278901862493611,0.025437299878818778,0.0,0.0,0.8704388676137713,0.0,0.0,0.09481134906904538,OK
GSM1236267,hc,0.020893926376796823,0.12855922671050585,0.0,0.0,0.0,0.8505468469126973,0.0,0.0,0.07844305989914808,OK
GSM1236268,hc,0.03488561276185665,0.1077134836375647,0.018355953539539102,0.0,0.0,0.8390449500610395,0.0,0.0,0.07726809120858891,OK
GSM1236269,hc,0.0,0.13334800659793133,0.0,0.0,0.0,0.8666519934020687,0.0,0.0,0.09176828693049169,OK
GSM1236270,hc,0.0,0.09776799927981837,0.1328656691043082,0.0,0.0,0.7693663316158735,0.0,0.0,0.09510217708505797,OK
GSM1236271,hc,0.0,0.1527585496835336,0.010502987142389095,0.0,0.0,0.8367384631740774,0.0,0.0,0.0899084425645541,OK
GSM1236273,hc,0.0,0.13846519573165303,0.03220272482703762,0.0,0.0,0.8293320794413094,0.0,0.0,0.08649417601545598,OK
GSM1236275,hc,0.019792362957789453,0.11939296117769077,0.0,0.0,0.0,0.8608146758645198,0.0,0.0,0.07904751388152133,OK
GSM1236276,hc,0.026357192643083935,0.11601271593158125,0.008081045006633203,0.0,0.0,0.8495490464187017,0.0,0.0,0.07932511940803902,OK
GSM1236278,hc,0.01690650983191993,0.12215451516533332,0.0,0.0,0.0,0.8609389750027467,0.0,0.0,0.07613375754770813,OK
GSM1236279,hc,0.0,0.12744255146959774,0.055180252651242254,0.0,0.0,0.81737719587916,0.0,0.0,0.0954387305745136,OK
GSM1236280,hc,0.0,0.12343729632565989,0.05155585753590569,0.0,0.0,0.8250068461384344,0.0,0.0,0.08106245428041509,OK
GSM1236282,hc,0.009876632452534666,0.1290636644199991,0.00903705767182228,0.0,0.0,0.852022645455644,0.0,0.0,0.08669575138784688,OK
GSM1236283,hc,0.002162753010644062,0.12687841602918623,0.0,0.0,0.0,0.8709588309601698,0.0,0.0,0.07675759016215619,OK
GSM1236288,hc,0.00903891477657573,0.11617661146508051,0.04286515049527034,0.0,0.0,0.8319193232630735,0.0,0.0,0.09033309089219689,OK
GSM1236289,hc,0.0,0.09476434313628024,0.0787441238481686,0.0,0.0,0.8264915330155512,0.0,0.0,0.08489345133195013,OK
GSM1236290,hc,0.001950419433550482,0.11922503757758693,0.05927729575376545,0.0,0.0,0.819547247235097,0.0,0.0,0.08996168566758292,OK
GSM1236291,hc,0.010493456631964215,0.13262470514931837,0.03960153053494588,0.0,0.0,0.8172803076837715,0.0,0.0,0.0787314649029392,OK
GSM1236292,hc,0.0,0.12691933649582385,0.03320720243541452,0.0,0.0,0.8398734610687616,0.0,0.0,0.09916283232746427,OK
GSM1236293,hc,0.0,0.13914798686232097,0.032180755490237974,0.0,0.0,0.828671257647441,0.0,0.0,0.08704644814468007,OK
GSM1236294,hc,0.0031786824910110673,0.14946199795419834,0.010324534576472144,0.0,0.0,0.8370347849783185,0.0,0.0,0.0889369769818608,OK
GSM1236295,case,0.027979916466957314,0.13977356595609097,0.0,0.0,0.0,0.8322465175769517,0.0,0.0,0.07620266014944882,OK
GSM1236296,hc,0.023510726959009402,0.12213055567074096,0.006547037476276888,0.0,0.0,0.8478116798939728,0.0,0.0,0.07881915982276777,OK
GSM1236298,hc,0.01628857705155459,0.15135189580218938,0.011127181088797886,0.0,0.0,0.8212323460574582,0.0,0.0,0.07524161483211297,OK
GSM1236299,hc,0.0,0.15067261221192021,0.013103765059177475,0.0,0.0,0.836223622728902,0.0,0.0,0.0869903134272555,OK
GSM1236300,hc,0.0,0.12100789287009166,0.0526424190784848,0.0,0.0,0.8263496880514235,0.0,0.0,0.09382719832030391,OK
GSM1236303,hc,0.0,0.10479307357960826,0.07506723065511786,0.0,0.0,0.8201396957652739,0.0,0.0,0.08895827965968765,OK
GSM1236305,hc,0.011843100571770522,0.13558573522208583,0.004860257184047659,0.0,0.0,0.8477109070220958,0.0,0.0,0.08818077372363055,OK
GSM1236306,hc,0.0,0.0921176210002237,0.07820797258371086,0.0,0.0,0.8296744064160655,0.0,0.0,0.09575702500978078,OK
GSM1236307,hc,0.0,0.11605934547624285,0.04405581895865497,0.0,0.0,0.8398848355651022,0.0,0.0,0.09867650636608258,OK
GSM1236309,hc,0.03794787321659299,0.14165327043055587,0.0,0.0,0.0,0.8203988563528511,0.0,0.0,0.07395086851341692,OK
GSM1236311,hc,0.004798173725336752,0.14584942221527786,0.028996800895120363,0.0,0.0,0.8203556031642649,0.0,0.0,0.0904490317134995,OK
GSM1236313,hc,0.02446448477303059,0.11810837198317574,0.0,0.0,0.0,0.8574271432437937,0.0,0.0,0.08239598187878247,OK
GSM1236314,hc,0.0,0.1253850647175456,0.0551015238464352,0.0,0.0,0.8186746642352656,0.0008387472007536853,0.0,0.09082455072307859,OK
GSM1236315,hc,0.01666167321823038,0.1228412419954755,0.06201255520725747,0.0,0.0,0.7984845295790367,0.0,0.0,0.08735303493177062,OK
GSM1236316,hc,0.02082026448300603,0.1007768579511998,0.019441380966115293,0.0,0.0,0.858961496599679,0.0,0.0,0.08510763936634078,OK
GSM1236320,hc,0.009250348925073194,0.11542668216832887,0.0,0.0,0.0,0.8753229689065981,0.0,0.0,0.08194822164422626,OK
GSM1236322,hc,0.0,0.14741092869611816,0.030148181992789694,0.0,0.0,0.8224408893110919,0.0,0.0,0.09822320825656936,OK
GSM1236323,hc,0.0,0.1314836010168101,0.07543519384400646,0.0,0.0,0.7930812051391836,0.0,0.0,0.0904178163246052,OK
GSM1236324,hc,0.014568945746575041,0.1545919541613785,0.0,0.0,0.0,0.8308391000920464,0.0,0.0,0.08370487091037082,OK
GSM1236325,hc,0.0,0.1670627154420149,0.01549867541075171,0.0,0.0,0.8174386091472333,0.0,0.0,0.09165096949739215,OK
GSM1236326,hc,0.007604511918295795,0.10983405323547182,0.04660254145281145,0.0,0.0,0.8359588933934209,0.0,0.0,0.09511187229082382,OK
GSM1236327,hc,0.019699963362196423,0.14473955482727113,0.0,0.0,0.0,0.8355604818105326,0.0,0.0,0.08943645281122048,OK
GSM1236328,hc,0.004850413576967763,0.13649681145339132,0.034772393057282,0.0,0.0,0.8238803819123588,0.0,0.0,0.0932052506762722,OK
GSM1236329,hc,0.01240861582048007,0.16394408266754285,0.0,0.0,0.0,0.823647301511977,0.0,0.0,0.08266138799645349,OK
GSM1236330,hc,0.0,0.1407919005444954,0.009808293303092526,0.0,0.0,0.8493998061524121,0.0,0.0,0.09164379342878898,OK
GSM1236331,hc,0.01730697717767408,0.10451001652046775,0.0,0.0,0.0,0.8781830063018582,0.0,0.0,0.08302035905195022,OK
GSM1236332,case,0.0,0.10255091458421843,0.06358339371415302,0.0,0.0,0.8338656917016286,0.0,0.0,0.09127438735588463,OK
GSM1236334,hc,0.018423822149094656,0.12096859861984978,0.0,0.0,0.0,0.8606075792310557,0.0,0.0,0.08143464219016665,OK
GSM1236336,hc,0.013230952953495495,0.16266267247536648,0.0,0.0,0.0,0.824106374571138,0.0,0.0,0.0745393462080617,OK
GSM1236338,hc,0.0,0.11751723229836439,0.05161404836747002,0.0,0.0,0.8308687193341655,0.0,0.0,0.08707804851284776,OK
GSM1236339,case,0.009093387282129897,0.1431896853291906,0.0,0.0,0.0,0.8477169273886794,0.0,0.0,0.08633539614147188,OK
GSM1236342,hc,0.008854110720728767,0.1137714435671287,0.0,0.0,0.0,0.8773744457121426,0.0,0.0,0.08350175122573014,OK
GSM1236343,hc,0.010032181108059524,0.1201035858894296,0.011167732101611393,0.0,0.0,0.8586965009008996,0.0,0.0,0.08862445918559257,OK
GSM1236345,case,0.03253797617492067,0.08266957625029346,0.05159719706915046,0.0,0.0,0.8331952505056355,0.0,0.0,0.07523268509187125,OK
GSM1236346,hc,0.0,0.1160292577286217,0.06391016604519688,0.0,0.0,0.8200605762261814,0.0,0.0,0.09999003090117776,OK
GSM1236348,hc,0.0033965523259528695,0.09594082087309892,0.0,0.0,0.0,0.9006626268009482,0.0,0.0,0.07992541186989255,OK
GSM1236351,hc,0.0,0.11865940456831052,0.07085174818842298,0.0,0.0,0.8104888472432665,0.0,0.0,0.09197585041080764,OK
GSM1236354,hc,0.0326619400002754,0.12332166755980697,0.0,0.0,0.0,0.8440163924399177,0.0,0.0,0.07192750693426521,OK
GSM1236355,hc,0.013535900433240914,0.06537982198422711,0.10710185693982108,0.0,0.0,0.7941407516031826,0.019841669039528165,0.0,0.09516434042138945,OK
GSM1236358,hc,0.03205775483159774,0.12686230595780187,0.0,0.011011942131469582,0.0,0.8300679970791307,0.0,0.0,0.07268586982261899,OK
GSM1236360,hc,0.025253549777961185,0.14999314019444268,0.0,0.0,0.0,0.824753310027596,0.0,0.0,0.08768939089600065,OK
GSM1236363,hc,0.034683501066057075,0.11092050779941087,0.0,0.0,0.0,0.854395991134532,0.0,0.0,0.07743308798727598,OK
GSM1236366,hc,0.014665615425212507,0.11516148564836563,0.0,0.0,0.0,0.8701728989264219,0.0,0.0,0.08326592656432415,OK
GSM1236367,hc,0.025030261037523285,0.12534713186689894,0.0,0.0,0.0,0.8496226070955779,0.0,0.0,0.08609298392670671,OK
GSM1236368,hc,0.021182383665183154,0.12789894613549643,0.0,0.0,0.0,0.8509186701993204,0.0,0.0,0.08136262982855681,OK
GSM1236370,hc,0.03178096981987715,0.15548405085516798,0.0024113304965007326,0.0,0.0,0.8103236488284542,0.0,0.0,0.08239636669525999,OK
GSM1236372,hc,0.015512597442808005,0.1496710136308411,0.0,0.0,0.0,0.8348163889263509,0.0,0.0,0.08385366417894817,OK
GSM1236373,hc,0.015505808475246158,0.1159853771872078,0.0,0.0,0.0,0.868508814337546,0.0,0.0,0.07882620532040181,OK
GSM1236375,hc,0.016954973435717904,0.13116992528742008,0.0,0.0,0.0,0.8518751012768621,0.0,0.0,0.08659765727341429,OK
GSM1236378,hc,0.012632918632406703,0.10246705705116549,0.0,0.0,0.0,0.8849000243164278,0.0,0.0,0.08053873427468376,OK
