marker_ID,CM,EC,FB,MP,SMC,weight
972,0.24037954358207297,0.0,0.24037954358207297,0.0,0.24037954358207297,0.24037954358207297
8743,0.16703951957365112,0.0,0.0,0.16703951957365112,0.16703951957365112,0.16703951957365112
5552,0.6956465413453106,0.0,0.6956465413453106,0.0,0.6956465413453106,0.6956465413453106
22918,0.6015441923324496,0.0,0.6015441923324496,0.0,0.6015441923324496,0.6015441923324496
684,0.47955696369916034,0.0,0.47955696369916034,0.0,0.47955696369916034,0.47955696369916034
7140,0.6557024899029193,0.0,0.0,0.6557024899029193,0.6557024899029193,0.6557024899029193
306,0.5346490183330583,0.0,0.5346490183330583,0.5346490183330583,0.5346490183330583,0.5346490183330583
64129,0.1632138375250183,0.0,0.1632138375250183,0.1632138375250183,0.0,0.1632138375250183
92162,0.6266734822516336,0.0,0.6266734822516336,0.6266734822516336,0.6266734822516336,0.6266734822516336
11170,0.9052146955131395,0.0,0.9052146955131395,0.9052146955131395,0.9052146955131395,0.9052146955131395
10791,0.1823809523809524,0.0,0.0,0.1823809523809524,0.1823809523809524,0.1823809523809524
161198,0.7816798560661681,0.0,0.7816798560661681,0.7816798560661681,0.7816798560661681,0.7816798560661681
168537,0.7504331019515231,0.0,0.7504331019515231,0.0,0.7504331019515231,0.7504331019515231
7122,0.8970095005763045,0.0,0.8970095005763045,0.8970095005763045,0.8970095005763045,0.8970095005763045
3122,0.20331295829546508,0.0,0.20331295829546508,0.0,0.20331295829546508,0.20331295829546508
3113,0.1968861997488558,0.0,0.1968861997488558,0.0,0.1968861997488558,0.1968861997488558
11185,0.7620453602778802,0.0,0.0,0.7620453602778802,0.7620453602778802,0.7620453602778802
7035,0.8362337608776216,0.0,0.0,0.8362337608776216,0.0,0.8362337608776216
9689,0.07350372669411705,0.07350372669411705,0.0,0.0,0.07350372669411705,0.07350372669411705
3956,0.16486333558187188,0.16486333558187188,0.0,0.16486333558187188,0.0,0.16486333558187188
152503,0.0,0.49606495686951596,0.0,0.49606495686951596,0.49606495686951596,0.49606495686951596
4256,0.7755827599189722,0.0,0.0,0.7755827599189722,0.7755827599189722,0.7755827599189722
6678,0.046633120415021934,0.0,0.0,0.046633120415021934,0.0,0.046633120415021934
5159,0.3025070457888689,0.3025070457888689,0.0,0.3025070457888689,0.0,0.3025070457888689
55268,0.0,0.033936672379338895,0.0,0.033936672379338895,0.033936672379338895,0.033936672379338895
9590,0.6576617356201644,0.6576617356201644,0.0,0.6576617356201644,0.0,0.6576617356201644
2752,0.0,0.7249970237586538,0.0,0.0,0.7249970237586538,0.7249970237586538
83442,0.24662709598192523,0.24662709598192523,0.0,0.0,0.24662709598192523,0.24662709598192523
4921,0.8676396071280623,0.8676396071280623,0.0,0.8676396071280623,0.8676396071280623,0.8676396071280623
1281,0.6525388179447409,0.6525388179447409,0.0,0.6525388179447409,0.0,0.6525388179447409
26471,0.7710404384812783,0.7710404384812783,0.0,0.7710404384812783,0.0,0.7710404384812783
219348,0.25101371346469753,0.25101371346469753,0.0,0.25101371346469753,0.0,0.25101371346469753
2217,0.47158324183793204,0.47158324183793204,0.0,0.0,0.47158324183793204,0.47158324183793204
3115,0.37525694306935975,0.0,0.37525694306935975,0.0,0.37525694306935975,0.37525694306935975
397,0.94,0.94,0.94,0.0,0.94,0.94
7534,0.48883692759968794,0.48883692759968794,0.48883692759968794,0.0,0.48883692759968794,0.48883692759968794
1675,0.5968421921321027,0.5968421921321027,0.0,0.5968421921321027,0.5968421921321027,0.5968421921321027
5176,0.7419971136334578,0.7419971136334578,0.0,0.7419971136334578,0.7419971136334578,0.7419971136334578
10351,0.7297820130040555,0.7297820130040555,0.0,0.7297820130040555,0.7297820130040555,0.7297820130040555
3075,0.7173035734485255,0.7173035734485255,0.0,0.7173035734485255,0.7173035734485255,0.7173035734485255
718,0.5835689820236495,0.5835689820236495,0.0,0.5835689820236495,0.5835689820236495,0.5835689820236495
1293,0.7825930826507164,0.7825930826507164,0.0,0.7825930826507164,0.7825930826507164,0.7825930826507164
2200,0.3399919444800981,0.3399919444800981,0.0,0.3399919444800981,0.3399919444800981,0.3399919444800981
11167,0.4609586366716288,0.4609586366716288,0.0,0.4609586366716288,0.4609586366716288,0.4609586366716288
3912,0.0095609256426193,0.0095609256426193,0.0,0.0095609256426193,0.0095609256426193,0.0095609256426193
2012,0.52,0.52,0.0,0.52,0.52,0.52
1292,0.14089492297460177,0.14089492297460177,0.0,0.14089492297460177,0.14089492297460177,0.14089492297460177
5376,0.6086609214368442,0.6086609214368442,0.0,0.6086609214368442,0.6086609214368442,0.6086609214368442
3429,0.5792166453647069,0.0,0.0,0.5792166453647069,0.5792166453647069,0.5792166453647069
358,0.557120275326885,0.0,0.557120275326885,0.557120275326885,0.0,0.557120275326885
4071,0.78,0.0,0.78,0.78,0.78,0.78
2022,0.742288624065208,0.0,0.0,0.742288624065208,0.742288624065208,0.742288624065208
2,0.9135720165548153,0.0,0.9135720165548153,0.9135720165548153,0.0,0.9135720165548153
23345,0.0,0.0,0.8314374630126548,0.8314374630126548,0.8314374630126548,0.8314374630126548
4892,0.0,0.9137965230212797,0.9137965230212797,0.9137965230212797,0.9137965230212797,0.9137965230212797
845,0.0,0.8955184799799583,0.8955184799799583,0.8955184799799583,0.8955184799799583,0.8955184799799583
8988,0.0,0.8123861473200256,0.8123861473200256,0.8123861473200256,0.8123861473200256,0.8123861473200256
27145,0.0,0.5790395307327117,0.5790395307327117,0.5790395307327117,0.5790395307327117,0.5790395307327117
6345,0.0,0.7404679661241733,0.7404679661241733,0.7404679661241733,0.7404679661241733,0.7404679661241733
51650,0.0,0.09235012093712003,0.09235012093712003,0.09235012093712003,0.09235012093712003,0.09235012093712003
127294,0.0,0.3688236323604274,0.3688236323604274,0.3688236323604274,0.3688236323604274,0.3688236323604274
161247,0.0,0.6129655517896199,0.6129655517896199,0.6129655517896199,0.6129655517896199,0.6129655517896199
9086,0.0,0.1906674792584884,0.1906674792584884,0.1906674792584884,0.1906674792584884,0.1906674792584884
5507,0.0,0.022631578947368423,0.022631578947368423,0.022631578947368423,0.022631578947368423,0.022631578947368423
1653,0.0,0.07273804663641857,0.07273804663641857,0.07273804663641857,0.07273804663641857,0.07273804663641857
137735,0.0,0.8194750489744207,0.8194750489744207,0.8194750489744207,0.8194750489744207,0.8194750489744207
5264,0.0,0.5870924597633734,0.5870924597633734,0.5870924597633734,0.5870924597633734,0.5870924597633734
2274,0.0,0.600913267118698,0.600913267118698,0.600913267118698,0.600913267118698,0.600913267118698
6123,0.0,0.5908747863937261,0.5908747863937261,0.5908747863937261,0.5908747863937261,0.5908747863937261
5621,0.0,0.7706267071910954,0.7706267071910954,0.7706267071910954,0.7706267071910954,0.7706267071910954
115701,0.0,0.6363473107441886,0.6363473107441886,0.6363473107441886,0.6363473107441886,0.6363473107441886
6442,0.0,0.8675258902286307,0.8675258902286307,0.8675258902286307,0.8675258902286307,0.8675258902286307
10457,0.0,0.9178044117763801,0.9178044117763801,0.9178044117763801,0.9178044117763801,0.9178044117763801
3959,0.0,0.4047556354765514,0.4047556354765514,0.4047556354765514,0.4047556354765514,0.4047556354765514
84700,0.0,0.7268421116361203,0.7268421116361203,0.7268421116361203,0.7268421116361203,0.7268421116361203
2697,0.0,0.41,0.41,0.41,0.41,0.41
6445,0.0,0.7728411915283393,0.7728411915283393,0.7728411915283393,0.7728411915283393,0.7728411915283393
51020,0.0,0.5848596642559106,0.5848596642559106,0.5848596642559106,0.5848596642559106,0.5848596642559106
2745,0.0,0.3255100017259675,0.3255100017259675,0.3255100017259675,0.3255100017259675,0.3255100017259675
201294,0.0,0.6131863580719219,0.6131863580719219,0.6131863580719219,0.6131863580719219,0.6131863580719219
4016,0.0,0.333857788544925,0.333857788544925,0.333857788544925,0.333857788544925,0.333857788544925
4000,0.0,0.03115114765730204,0.03115114765730204,0.03115114765730204,0.03115114765730204,0.03115114765730204
55679,0.0,0.9529290067816291,0.9529290067816291,0.9529290067816291,0.9529290067816291,0.9529290067816291
8692,0.878,0.0,0.878,0.878,0.878,0.878
2327,0.675,0.0,0.0,0.675,0.675,0.675
4820,0.3275,0.0,0.0,0.3275,0.3275,0.3275
10268,0.024,0.0,0.024,0.024,0.024,0.024
55303,0.91,0.0,0.91,0.0,0.91,0.91
153579,0.845,0.0,0.845,0.845,0.845,0.845
79812,0.87,0.0,0.87,0.87,0.87,0.87
947,0.28,0.0,0.0,0.28,0.28,0.28
2157,0.05411764705882353,0.0,0.05411764705882353,0.05411764705882353,0.05411764705882353,0.05411764705882353
7095,0.024320692034437333,0.0,0.0,0.024320692034437333,0.024320692034437333,0.024320692034437333
10404,0.029375000000000002,0.029375000000000002,0.0,0.029375000000000002,0.029375000000000002,0.029375000000000002
283383,0.0,0.8275,0.0,0.8275,0.8275,0.8275
2252,0.0,0.64,0.0,0.64,0.64,0.64
10550,0.0,0.0029065640240116576,0.0,0.0029065640240116576,0.0029065640240116576,0.0029065640240116576
710,0.75,0.75,0.0,0.75,0.0,0.75
10252,0.028888888888888888,0.0,0.0,0.028888888888888888,0.0,0.028888888888888888
8722,0.0,0.88125,0.0,0.88125,0.88125,0.88125
5320,0.9299999999999999,0.9299999999999999,0.0,0.9299999999999999,0.0,0.9299999999999999
6277,0.023636363636363636,0.023636363636363636,0.0,0.0,0.023636363636363636,0.023636363636363636
2878,0.0,0.088,0.0,0.088,0.088,0.088
23741,0.0,0.041020499894326753,0.0,0.041020499894326753,0.041020499894326753,0.041020499894326753
3320,0.0,0.03416988669741102,0.03416988669741102,0.0,0.03416988669741102,0.03416988669741102
1522,0.4261904761904762,0.4261904761904762,0.4261904761904762,0.0,0.4261904761904762,0.4261904761904762
1997,0.365,0.0,0.365,0.0,0.365,0.365
10398,0.0,0.1652941176470588,0.1652941176470588,0.1652941176470588,0.0,0.1652941176470588
800,0.9,0.9,0.0,0.9,0.0,0.9
11034,0.0,0.028221079301623615,0.0,0.028221079301623615,0.0,0.028221079301623615
8404,0.58,0.0,0.0,0.58,0.0,0.58
1465,0.8013888888888889,0.8013888888888889,0.0,0.8013888888888889,0.0,0.8013888888888889
10395,0.7766666666666666,0.0,0.7766666666666666,0.7766666666666666,0.0,0.7766666666666666
11142,0.0,0.10837589924274679,0.0,0.10837589924274679,0.0,0.10837589924274679
151230,0.039047619047619046,0.039047619047619046,0.039047619047619046,0.039047619047619046,0.0,0.039047619047619046
3488,0.5125,0.5125,0.0,0.5125,0.0,0.5125
3280,0.029166666666666667,0.029166666666666667,0.0,0.029166666666666667,0.0,0.029166666666666667
730,0.47,0.47,0.0,0.47,0.47,0.47
715,0.0325,0.0325,0.0,0.0325,0.0325,0.0325
125,0.675,0.675,0.0,0.675,0.675,0.675
347,0.815,0.815,0.0,0.815,0.815,0.815
5764,0.08333333333333333,0.08333333333333333,0.0,0.08333333333333333,0.08333333333333333,0.08333333333333333
8076,0.8600000000000001,0.8600000000000001,0.0,0.8600000000000001,0.8600000000000001,0.8600000000000001
25890,0.45,0.45,0.0,0.45,0.45,0.45
1805,0.885,0.885,0.0,0.885,0.885,0.885
94031,0.05348484848484848,0.05348484848484848,0.0,0.05348484848484848,0.05348484848484848,0.05348484848484848
6035,0.0,0.0,0.0,0.0,0.875,0.875
3399,0.02857142857142857,0.0,0.0,0.02857142857142857,0.0,0.02857142857142857
9452,0.3,0.0,0.3,0.3,0.3,0.3
9351,0.060909090909090906,0.0,0.060909090909090906,0.060909090909090906,0.060909090909090906,0.060909090909090906
2040,0.6945092197867575,0.0,0.6945092197867575,0.6945092197867575,0.6945092197867575,0.6945092197867575
11343,0.1170242656449553,0.0,0.1170242656449553,0.1170242656449553,0.0,0.1170242656449553
10345,0.0,0.78,0.78,0.78,0.78,0.78
1160,0.0,0.1676923076923077,0.1676923076923077,0.1676923076923077,0.1676923076923077,0.1676923076923077
23676,0.0,0.92,0.92,0.92,0.92,0.92
165904,0.0,0.885,0.885,0.885,0.885,0.885
6546,0.0,0.9025000000000001,0.9025000000000001,0.9025000000000001,0.9025000000000001,0.9025000000000001
79933,0.0,0.8866666666666667,0.8866666666666667,0.8866666666666667,0.8866666666666667,0.8866666666666667
26521,0.0,0.029391161645323783,0.029391161645323783,0.029391161645323783,0.029391161645323783,0.029391161645323783
4719,0.0,0.01630829870476965,0.01630829870476965,0.01630829870476965,0.01630829870476965,0.01630829870476965
50486,0.0,0.024880952380952382,0.024880952380952382,0.024880952380952382,0.024880952380952382,0.024880952380952382
84676,0.0,0.7366666666666667,0.7366666666666667,0.7366666666666667,0.7366666666666667,0.7366666666666667
401265,0.0,0.41545454545454547,0.41545454545454547,0.41545454545454547,0.41545454545454547,0.41545454545454547
167838,0.0,0.55,0.55,0.55,0.55,0.55
90523,0.0,0.81,0.81,0.81,0.81,0.81
6236,0.0,0.057692307692307696,0.057692307692307696,0.057692307692307696,0.057692307692307696,0.057692307692307696
150572,0.0,0.77,0.77,0.77,0.77,0.77
5019,0.0,0.22272727272727275,0.22272727272727275,0.22272727272727275,0.22272727272727275,0.22272727272727275
4724,0.0,0.029652933710829155,0.029652933710829155,0.029652933710829155,0.029652933710829155,0.029652933710829155
146862,0.0,0.5725,0.5725,0.5725,0.5725,0.5725
10231,0.0,0.158,0.158,0.158,0.158,0.158
91807,0.0,0.70625,0.70625,0.70625,0.70625,0.70625
54539,0.0,0.10884663683322914,0.10884663683322914,0.10884663683322914,0.10884663683322914,0.10884663683322914
56942,0.0,0.0315343003381411,0.0315343003381411,0.0315343003381411,0.0315343003381411,0.0315343003381411
10267,0.0,0.11156250000000001,0.11156250000000001,0.11156250000000001,0.11156250000000001,0.11156250000000001
113622,0.0,0.835,0.835,0.835,0.835,0.835
157310,0.0,0.7350000000000001,0.7350000000000001,0.7350000000000001,0.7350000000000001,0.7350000000000001
22906,0.0,0.8279936274667171,0.8279936274667171,0.8279936274667171,0.8279936274667171,0.8279936274667171
4695,0.0,0.04090963328176907,0.04090963328176907,0.04090963328176907,0.04090963328176907,0.04090963328176907
1891,0.0,0.04388162656039407,0.04388162656039407,0.04388162656039407,0.04388162656039407,0.04388162656039407
2287,0.0,0.03403221657942094,0.03403221657942094,0.03403221657942094,0.03403221657942094,0.03403221657942094
6638,0.0,0.525209218848025,0.525209218848025,0.525209218848025,0.525209218848025,0.525209218848025
84033,0.0,0.46399999999999997,0.46399999999999997,0.46399999999999997,0.46399999999999997,0.46399999999999997
92235,0.0,0.91,0.91,0.91,0.91,0.91
27309,0.0,0.030395304298774038,0.030395304298774038,0.030395304298774038,0.030395304298774038,0.030395304298774038
50808,0.0,0.08434221027745024,0.08434221027745024,0.08434221027745024,0.08434221027745024,0.08434221027745024
5092,0.0,0.17453080225484432,0.17453080225484432,0.17453080225484432,0.17453080225484432,0.17453080225484432
22808,0.0,0.6283333333333334,0.6283333333333334,0.6283333333333334,0.6283333333333334,0.6283333333333334
311,0.0,0.16153846153846155,0.16153846153846155,0.16153846153846155,0.16153846153846155,0.16153846153846155
477,0.0,0.44,0.44,0.44,0.44,0.44
3316,0.0,0.398,0.398,0.398,0.398,0.398
57159,0.0,0.71,0.71,0.71,0.71,0.71
8803,0.0,0.0166513754246187,0.0166513754246187,0.0166513754246187,0.0166513754246187,0.0166513754246187
9215,0.0,0.024285714285714285,0.024285714285714285,0.024285714285714285,0.024285714285714285,0.024285714285714285
29103,0.0,0.9630000000000001,0.9630000000000001,0.9630000000000001,0.9630000000000001,0.9630000000000001
6418,0.0,0.942507842623867,0.942507842623867,0.942507842623867,0.942507842623867,0.942507842623867
51142,0.0,0.010631980914774472,0.010631980914774472,0.010631980914774472,0.010631980914774472,0.010631980914774472
8682,0.0,0.8650621654388206,0.8650621654388206,0.8650621654388206,0.8650621654388206,0.8650621654388206
140467,0.0,0.03168746004804739,0.03168746004804739,0.03168746004804739,0.03168746004804739,0.03168746004804739
25915,0.0,0.3076474182129313,0.3076474182129313,0.3076474182129313,0.3076474182129313,0.3076474182129313
84266,0.0,0.345798848604935,0.345798848604935,0.345798848604935,0.345798848604935,0.345798848604935
6271,0.0,0.7683333333333333,0.7683333333333333,0.7683333333333333,0.7683333333333333,0.7683333333333333
4338,0.0,0.028540133338533984,0.028540133338533984,0.028540133338533984,0.028540133338533984,0.028540133338533984
27258,0.0,0.021740313346685348,0.021740313346685348,0.021740313346685348,0.021740313346685348,0.021740313346685348
10987,0.0,0.003119125284966185,0.003119125284966185,0.003119125284966185,0.003119125284966185,0.003119125284966185
28958,0.0,0.1046179593917489,0.1046179593917489,0.1046179593917489,0.1046179593917489,0.1046179593917489
5269,0.0,0.061644362051660996,0.061644362051660996,0.061644362051660996,0.061644362051660996,0.061644362051660996
85437,0.0,0.023035622492640694,0.023035622492640694,0.023035622492640694,0.023035622492640694,0.023035622492640694
27249,0.0,0.012015747812817409,0.012015747812817409,0.012015747812817409,0.012015747812817409,0.012015747812817409
2739,0.0,0.024990425380049027,0.024990425380049027,0.024990425380049027,0.024990425380049027,0.024990425380049027
9167,0.0,0.8030216956805416,0.8030216956805416,0.8030216956805416,0.8030216956805416,0.8030216956805416
5202,0.0,0.018138627736844645,0.018138627736844645,0.018138627736844645,0.018138627736844645,0.018138627736844645
128,0.0,0.01148856929480641,0.01148856929480641,0.01148856929480641,0.01148856929480641,0.01148856929480641
5239,0.0,0.017857142857142856,0.017857142857142856,0.017857142857142856,0.017857142857142856,0.017857142857142856
22931,0.0,0.029399991360818264,0.029399991360818264,0.029399991360818264,0.029399991360818264,0.029399991360818264
5885,0.0,0.029394980334533864,0.029394980334533864,0.029394980334533864,0.029394980334533864,0.029394980334533864
23412,0.0,0.02631578947368421,0.02631578947368421,0.02631578947368421,0.02631578947368421,0.02631578947368421
5048,0.0,0.05460111544087698,0.05460111544087698,0.05460111544087698,0.05460111544087698,0.05460111544087698
51574,0.0,0.18363636363636363,0.18363636363636363,0.18363636363636363,0.18363636363636363,0.18363636363636363
6342,0.0,0.0187772027288867,0.0187772027288867,0.0187772027288867,0.0187772027288867,0.0187772027288867
3913,0.0,0.935,0.935,0.935,0.935,0.935
10241,0.0,0.13362707433539533,0.13362707433539533,0.13362707433539533,0.13362707433539533,0.13362707433539533
54873,0.0,0.5275000000000001,0.5275000000000001,0.5275000000000001,0.5275000000000001,0.5275000000000001
23190,0.0,0.00912638854270297,0.00912638854270297,0.00912638854270297,0.00912638854270297,0.00912638854270297
3550,0.0,0.022317944772471107,0.022317944772471107,0.022317944772471107,0.022317944772471107,0.022317944772471107
8991,0.0,0.875,0.875,0.875,0.875,0.875
4154,0.0,0.6025,0.6025,0.6025,0.6025,0.6025
