marker_ID,acinar,alpha,beta,delta,ductal,endothelial,gamma,IC,Stellate
1292,0.0,0.0,0.0,0.0,0.0,0.0,0.0,0.0,6.556831052399082
1277,0.0,0.0,0.0,0.0,0.0,0.0,0.0,0.0,6.844226442164662
387763,0.0,0.0,0.0,0.0,0.0,0.0,0.0,0.0,6.529794482586497
633,0.0,0.0,0.0,0.0,0.0,0.0,0.0,0.0,6.372467865808564
1291,0.0,0.0,0.0,0.0,0.0,0.0,0.0,0.0,6.383638210702164
1281,0.0,0.0,0.0,0.0,0.0,0.0,0.0,0.0,6.101496528006131
5159,0.0,0.0,0.0,0.0,0.0,0.0,0.0,0.0,5.510375466289741
1278,0.0,0.0,0.0,0.0,0.0,0.0,0.0,0.0,5.371323915124938
114757,0.0,0.0,0.0,0.0,0.0,0.0,0.0,0.0,4.847816145208226
1293,0.0,0.0,0.0,0.0,0.0,0.0,0.0,0.0,4.924745127808419
4854,0.0,0.0,0.0,0.0,0.0,0.0,0.0,0.0,4.515080366829761
800,0.0,0.0,0.0,0.0,0.0,0.0,0.0,0.0,4.471859851039924
2335,0.0,0.0,0.0,0.0,0.0,0.0,0.0,0.0,3.813422970387621
1306,0.0,0.0,0.0,0.0,0.0,0.0,0.0,0.0,4.1042610671900475
83716,0.0,0.0,0.0,0.0,0.0,0.0,0.0,0.0,3.8267997829829277
3624,0.0,0.0,0.0,0.0,0.0,0.0,0.0,0.0,4.459921181302025
23704,0.0,0.0,0.0,0.0,0.0,0.0,0.0,0.0,3.841924588146786
165,0.0,0.0,0.0,0.0,0.0,0.0,0.0,0.0,3.7604391609915173
687,0.0,0.0,0.0,0.0,0.0,0.0,0.0,0.0,3.639803373362601
1289,0.0,0.0,0.0,0.0,0.0,0.0,0.0,0.0,3.339942935844805
85027,0.0,0.0,0.0,0.0,0.0,0.0,0.0,0.0,3.6321083507821923
4240,0.0,0.0,0.0,0.0,0.0,0.0,0.0,0.0,3.4629837566262123
7078,0.0,0.0,0.0,0.0,0.0,0.0,0.0,0.0,2.8500338246488797
10417,0.0,0.0,0.0,0.0,0.0,0.0,0.0,0.0,3.007025284246249
60681,0.0,0.0,0.0,0.0,0.0,0.0,0.0,0.0,3.7575481723430606
3976,0.0,0.0,0.0,0.0,0.0,0.0,0.0,0.0,3.479047914607537
3488,0.0,0.0,0.0,0.0,0.0,0.0,0.0,0.0,2.5048532105828825
11117,0.0,0.0,0.0,0.0,0.0,0.0,0.0,0.0,3.387265111598963
50509,0.0,0.0,0.0,0.0,0.0,0.0,0.0,0.0,3.288720749895869
11167,0.0,0.0,0.0,0.0,0.0,0.0,0.0,0.0,3.671757772309597
6926,0.0,0.0,0.0,0.0,0.0,0.0,0.0,0.0,3.332995641810805
9244,0.0,0.0,0.0,0.0,0.0,0.0,0.0,0.0,2.9470323282908595
4313,0.0,0.0,0.0,0.0,0.0,0.0,0.0,0.0,3.072949421655014
1290,0.0,0.0,0.0,0.0,0.0,0.0,0.0,0.0,3.119481267066211
2331,0.0,0.0,0.0,0.0,0.0,0.0,0.0,0.0,2.510105614632326
813,0.0,0.0,0.0,0.0,0.0,0.0,0.0,0.0,3.8562541448933936
716,0.0,0.0,0.0,0.0,0.0,0.0,0.0,0.0,3.0774741442455356
10491,0.0,0.0,0.0,0.0,0.0,0.0,0.0,0.0,3.6595131868995843
857,0.0,0.0,0.0,0.0,0.0,0.0,0.0,0.0,2.800440213231334
109,0.0,0.0,0.0,0.0,0.0,0.0,0.0,0.0,2.411752172113915
4035,0.0,0.0,0.0,0.0,0.0,0.0,0.0,0.0,3.020573013551781
861,0.0,0.0,0.0,0.0,0.0,0.0,0.0,0.0,2.895071067678867
5327,0.0,0.0,0.0,0.0,0.0,0.0,0.0,0.0,2.5005682276218066
7169,0.0,0.0,0.0,0.0,0.0,0.0,0.0,0.0,2.6547986749536507
4017,0.0,0.0,0.0,0.0,0.0,0.0,0.0,0.0,2.444926406885007
10319,0.0,0.0,0.0,0.0,0.0,0.0,0.0,0.0,2.418306535080794
7474,0.0,0.0,0.0,0.0,0.0,0.0,0.0,0.0,1.9939514443802573
94031,0.0,0.0,0.0,0.0,0.0,0.0,0.0,0.0,2.1996886963797855
1909,0.0,0.0,0.0,0.0,0.0,0.0,0.0,0.0,2.0927851438127556
8877,0.0,0.0,0.0,0.0,0.0,0.0,0.0,0.0,2.89444997264572
3090,0.0,0.0,0.0,0.0,0.0,0.0,0.0,0.0,2.4261740243005883
10398,0.0,0.0,0.0,0.0,0.0,0.0,0.0,0.0,2.520780136144915
5937,0.0,0.0,0.0,0.0,0.0,0.0,0.0,0.0,2.740236417538678
196740,0.0,0.0,0.0,0.0,0.0,0.0,0.0,0.0,2.027208970056675
55824,0.0,0.0,0.0,0.0,0.0,0.0,0.0,0.0,1.9488784108541015
1075,0.0,0.0,0.0,0.0,0.0,0.0,0.0,0.0,2.41261313563941
5396,0.0,0.0,0.0,0.0,0.0,0.0,0.0,0.0,2.1278523450152638
22856,0.0,0.0,0.0,0.0,0.0,0.0,0.0,0.0,2.2695253644962663
4921,0.0,0.0,0.0,0.0,0.0,0.0,0.0,0.0,2.329843989518117
3554,0.0,0.0,0.0,0.0,0.0,0.0,0.0,0.0,2.801751179534819
7035,0.0,0.0,0.0,0.0,0.0,0.0,0.0,0.0,2.635601936099605
54407,0.0,0.0,0.0,0.0,0.0,0.0,0.0,0.0,2.8259740821654535
83871,0.0,0.0,0.0,0.0,0.0,0.0,0.0,0.0,2.3740703247197454
7026,0.0,0.0,0.0,0.0,0.0,0.0,0.0,0.0,2.295852993323254
7041,0.0,0.0,0.0,0.0,0.0,0.0,0.0,0.0,2.274298360495579
3098,0.0,0.0,0.0,0.0,0.0,0.0,0.0,0.0,2.5066583371489033
8543,0.0,0.0,0.0,0.0,0.0,0.0,0.0,0.0,2.5005682276218066
7145,0.0,0.0,0.0,0.0,0.0,0.0,0.0,0.0,2.590084423183385
64943,0.0,0.0,0.0,0.0,0.0,0.0,0.0,0.0,2.3740703247197454
51429,0.0,0.0,0.0,0.0,0.0,0.0,0.0,0.0,3.020573013551781
3720,0.0,0.0,0.0,0.0,0.0,0.0,0.0,0.0,1.8508680708088845
3693,0.0,0.0,0.0,0.0,0.0,0.0,0.0,0.0,2.5199952501339733
389792,0.0,0.0,0.0,0.0,0.0,0.0,0.0,0.0,2.5641795935310285
11237,0.0,0.0,0.0,0.0,0.0,0.0,0.0,0.0,2.1040030778283936
5351,0.0,0.0,0.0,0.0,0.0,0.0,0.0,0.0,2.34887654810503
23433,0.0,0.0,0.0,0.0,0.0,0.0,0.0,0.0,2.8157575418225207
8871,0.0,0.0,0.0,0.0,0.0,0.0,0.0,0.0,2.538114099309631
80381,0.0,0.0,0.0,0.0,0.0,0.0,0.0,0.0,2.538114099309631
253461,0.0,0.0,0.0,0.0,0.0,0.0,0.0,0.0,1.5231258901289686
3164,0.0,0.0,0.0,0.0,0.0,0.0,0.0,0.0,2.3841352430854017
3992,0.0,0.0,0.0,0.0,0.0,0.0,0.0,0.0,2.265784747248658
6464,0.0,0.0,0.0,0.0,0.0,0.0,0.0,0.0,2.606268015871919
2908,0.0,0.0,0.0,0.0,0.0,0.0,0.0,0.0,2.8260907336235475
7414,0.0,0.0,0.0,0.0,0.0,0.0,0.0,0.0,1.409763775073856
665,0.0,0.0,0.0,0.0,0.0,0.0,0.0,0.0,2.451419502198183
5728,0.0,0.0,0.0,0.0,0.0,0.0,0.0,0.0,2.1697776200227716
1346,0.0,0.0,0.0,0.0,0.0,0.0,0.0,0.0,2.1915136137990987
54741,0.0,0.0,0.0,0.0,0.0,0.0,0.0,0.0,2.41261313563941
64778,0.0,0.0,0.0,0.0,0.0,0.0,0.0,0.0,1.5414268095755783
10423,0.0,0.0,0.0,0.0,0.0,0.0,0.0,0.0,2.421224829146882
5713,0.0,0.0,0.0,0.0,0.0,0.0,0.0,0.0,2.411752172113915
5709,0.0,0.0,0.0,0.0,0.0,0.0,0.0,0.0,2.1323258629971527
51035,0.0,0.0,0.0,0.0,0.0,0.0,0.0,0.0,2.0927851438127556
5719,0.0,0.0,0.0,0.0,0.0,0.0,0.0,0.0,2.274298360495579
5710,0.0,0.0,0.0,0.0,0.0,0.0,0.0,0.0,1.4212676991489428
10955,0.0,0.0,0.0,0.0,0.0,0.0,0.0,0.0,2.268951517785307
7532,0.0,0.0,0.0,0.0,0.0,0.0,0.0,0.0,2.1371728105381624
10121,0.0,0.0,0.0,0.0,0.0,0.0,0.0,0.0,2.0201468880813858
5479,0.0,0.0,0.0,0.0,0.0,0.0,0.0,0.0,2.2923878955070514
5202,0.0,0.0,0.0,0.0,0.0,0.0,0.0,0.0,2.146175870359089
10467,0.0,0.0,0.0,0.0,0.0,0.0,0.0,0.0,2.1323258629971527
55069,0.0,0.0,0.0,0.0,0.0,0.0,0.0,0.0,2.274298360495579
3189,0.0,0.0,0.0,0.0,0.0,0.0,0.0,0.0,2.3428065114457666
7805,0.0,0.0,0.0,0.0,0.0,0.0,0.0,6.687428120738394,0.0
5552,0.0,0.0,0.0,0.0,0.0,0.0,0.0,5.786095880312563,0.0
7305,0.0,0.0,0.0,0.0,0.0,0.0,0.0,5.916121493959828,0.0
54,0.0,0.0,0.0,0.0,0.0,0.0,0.0,6.125577921235244,0.0
5996,0.0,0.0,0.0,0.0,0.0,0.0,0.0,4.982319061322205,0.0
2207,0.0,0.0,0.0,0.0,0.0,0.0,0.0,4.894683111447532,0.0
822,0.0,0.0,0.0,0.0,0.0,0.0,0.0,4.757595336524901,0.0
241,0.0,0.0,0.0,0.0,0.0,0.0,0.0,4.448495957364631,0.0
10993,0.0,0.0,0.0,0.0,0.0,0.0,0.0,5.0466010680201885,0.0
3936,0.0,0.0,0.0,0.0,0.0,0.0,0.0,4.380270059765422,0.0
963,0.0,0.0,0.0,0.0,0.0,0.0,0.0,4.411783245367225,0.0
397,0.0,0.0,0.0,0.0,0.0,0.0,0.0,4.218049504887533,0.0
6688,0.0,0.0,0.0,0.0,0.0,0.0,0.0,4.305183745564728,0.0
4069,0.0,0.0,0.0,0.0,0.0,0.0,0.0,3.485865477039941,0.0
348,0.0,0.0,0.0,0.0,0.0,0.0,0.0,3.2138312317553757,0.0
714,0.0,0.0,0.0,0.0,0.0,0.0,0.0,4.159752949928196,0.0
9123,0.0,0.0,0.0,0.0,0.0,0.0,0.0,4.054935436290664,0.0
864,0.0,0.0,0.0,0.0,0.0,0.0,0.0,3.1553915869709868,0.0
4046,0.0,0.0,0.0,0.0,0.0,0.0,0.0,3.387964983195418,0.0
11314,0.0,0.0,0.0,0.0,0.0,0.0,0.0,3.632575706184679,0.0
1520,0.0,0.0,0.0,0.0,0.0,0.0,0.0,3.66406068198536,0.0
6275,0.0,0.0,0.0,0.0,0.0,0.0,0.0,3.0629425068605105,0.0
3162,0.0,0.0,0.0,0.0,0.0,0.0,0.0,3.600909840837689,0.0
409,0.0,0.0,0.0,0.0,0.0,0.0,0.0,3.544877801118944,0.0
3689,0.0,0.0,0.0,0.0,0.0,0.0,0.0,3.335915846041014,0.0
10123,0.0,0.0,0.0,0.0,0.0,0.0,0.0,3.908389694370122,0.0
10457,0.0,0.0,0.0,0.0,0.0,0.0,0.0,2.9456657520558513,0.0
2760,0.0,0.0,0.0,0.0,0.0,0.0,0.0,3.8399894503914442,0.0
7133,0.0,0.0,0.0,0.0,0.0,0.0,0.0,2.814718072793924,0.0
5376,0.0,0.0,0.0,0.0,0.0,0.0,0.0,3.224972006268209,0.0
5777,0.0,0.0,0.0,0.0,0.0,0.0,0.0,3.462475665512697,0.0
4814,0.0,0.0,0.0,0.0,0.0,0.0,0.0,3.66406068198536,0.0
10501,0.0,0.0,0.0,0.0,0.0,0.0,0.0,2.6529126501379516,0.0
391,0.0,0.0,0.0,0.0,0.0,0.0,0.0,3.915898028154605,0.0
2885,0.0,0.0,0.0,0.0,0.0,0.0,0.0,4.1506931576991875,0.0
6001,0.0,0.0,0.0,0.0,0.0,0.0,0.0,2.9954055499230154,0.0
7351,0.0,0.0,0.0,0.0,0.0,0.0,0.0,2.6529126501379516,0.0
2217,0.0,0.0,0.0,0.0,0.0,0.0,0.0,3.9075150037727293,0.0
5226,0.0,0.0,0.0,0.0,0.0,0.0,0.0,3.6951414997179115,0.0
3071,0.0,0.0,0.0,0.0,0.0,0.0,0.0,2.1106880135074033,0.0
7456,0.0,0.0,0.0,0.0,0.0,0.0,0.0,2.3521098874870927,0.0
140885,0.0,0.0,0.0,0.0,0.0,0.0,0.0,2.8472944757131304,0.0
427,0.0,0.0,0.0,0.0,0.0,0.0,0.0,3.544877801118944,0.0
80727,0.0,0.0,0.0,0.0,0.0,0.0,0.0,2.2296258122697377,0.0
3059,0.0,0.0,0.0,0.0,0.0,0.0,0.0,1.8625890554695592,0.0
56975,0.0,0.0,0.0,0.0,0.0,0.0,0.0,2.715166578757545,0.0
220002,0.0,0.0,0.0,0.0,0.0,0.0,0.0,1.610157639300822,0.0
6195,0.0,0.0,0.0,0.0,0.0,0.0,0.0,2.7581590934166518,0.0
4067,0.0,0.0,0.0,0.0,0.0,0.0,0.0,1.9732797651049496,0.0
10628,0.0,0.0,0.0,0.0,0.0,0.0,0.0,2.9954055499230154,0.0
55819,0.0,0.0,0.0,0.0,0.0,0.0,0.0,3.409219278687218,0.0
8031,0.0,0.0,0.0,0.0,0.0,0.0,0.0,2.9954055499230154,0.0
5641,0.0,0.0,0.0,0.0,0.0,0.0,0.0,3.2382926248696053,0.0
6867,0.0,0.0,0.0,0.0,0.0,0.0,0.0,2.446869893559291,0.0
2799,0.0,0.0,0.0,0.0,0.0,0.0,0.0,3.0629425068605105,0.0
162,0.0,0.0,0.0,0.0,0.0,0.0,0.0,1.9732797651049496,0.0
79143,0.0,0.0,0.0,0.0,0.0,0.0,0.0,2.1106880135074033,0.0
7392,0.0,0.0,0.0,0.0,0.0,0.0,0.0,2.9954055499230154,0.0
3074,0.0,0.0,0.0,0.0,0.0,0.0,0.0,2.3521098874870927,0.0
526,0.0,0.0,0.0,0.0,0.0,0.0,0.0,2.433664503079543,0.0
10066,0.0,0.0,0.0,0.0,0.0,0.0,0.0,2.7581590934166518,0.0
10618,0.0,0.0,0.0,0.0,0.0,0.0,0.0,2.1106880135074033,0.0
5539,0.0,0.0,0.0,0.0,0.0,0.0,12.339365550392385,0.0,0.0
360,0.0,0.0,0.0,3.720230254645526,0.0,0.0,5.862062296083703,0.0,0.0
1114,0.0,6.252713113943791,4.9927122860646405,6.293963816198206,0.0,0.0,6.905264306518207,0.0,0.0
27344,0.0,7.046740712986038,6.390873666031626,6.583107587737874,0.0,0.0,7.551215723695152,0.0,0.0
486,0.0,2.5473408330294203,4.292056784934728,3.2044829462502418,0.0,0.0,5.601278208451926,0.0,0.0
7857,0.0,5.592894310184292,5.188298860512219,4.1210952546202675,0.0,0.0,6.65426818488002,0.0,0.0
5080,0.0,3.8248878655235874,3.9295660335764153,2.335760540305571,0.0,0.0,5.289448685778072,0.0,0.0
11075,0.0,2.300638610164505,0.0,0.0,0.0,0.0,4.427828133126853,0.0,0.0
23089,0.0,0.0,0.0,3.154922019137048,0.0,0.0,4.653436291702712,0.0,0.0
4212,0.0,0.0,0.0,0.0,0.0,0.0,3.7124755162526624,0.0,0.0
5798,0.0,5.011770038498538,5.099591332008162,5.061431440865676,0.0,0.0,5.399737138329825,0.0,0.0
3398,0.0,0.0,0.0,2.5488193090480378,2.686059255968216,3.076702521880419,4.248307753737697,0.0,0.0
11156,0.0,2.651674117822468,0.0,0.0,0.0,0.0,3.639842557650818,0.0,0.0
7832,2.5631441698112623,3.085991495279756,0.0,2.5917662278390683,0.0,0.0,4.300820881192051,0.0,0.0
1809,0.0,0.0,0.0,0.0,0.0,0.0,2.9129842000714423,0.0,0.0
5066,0.0,4.880768952776188,5.008340866281833,3.9473876330236846,0.0,0.0,5.304432813743408,0.0,0.0
7111,0.0,2.8400033610664286,3.735548022546329,3.5530625581707675,0.0,0.0,4.253165602193677,0.0,0.0
56654,0.0,3.058909727154803,2.6904696629526206,2.836758771005288,0.0,0.0,4.14808613038646,0.0,0.0
170302,0.0,0.0,0.0,0.0,0.0,0.0,2.923898780640693,0.0,0.0
53826,0.0,2.959474728269231,0.0,2.807011000158191,0.0,2.1506172193784447,3.4720638636921715,0.0,0.0
3670,0.0,0.0,0.0,2.6745563229678124,0.0,0.0,3.209721837832274,0.0,0.0
2260,0.0,0.0,0.0,2.400550218812031,0.0,0.0,3.67224044033191,0.0,0.0
23654,0.0,2.1732463944934324,2.055185089799552,2.3575721924767934,3.461967788954192,0.0,3.86763897040423,0.0,0.0
9148,0.0,0.0,0.0,0.0,0.0,0.0,3.13814396778278,0.0,0.0
81618,0.0,0.0,0.0,2.312874607924681,0.0,0.0,3.087757957415116,0.0,0.0
55450,0.0,3.3594492188164446,2.8322912513458536,3.2423355494999444,0.0,0.0,4.045965853952181,0.0,0.0
6844,0.0,3.8927399501915545,3.932832770706756,3.793089955995966,0.0,0.0,4.426810485119661,0.0,0.0
3400,0.0,0.0,0.0,0.0,0.0,0.0,2.655892138544768,0.0,0.0
4760,0.0,2.9557267252320765,3.262762812642306,2.684525069902069,0.0,0.0,3.420938321627544,0.0,0.0
114131,0.0,2.31335674473026,2.6567876403222677,0.0,0.0,0.0,3.176403675919979,0.0,0.0
6609,0.0,2.9994249147082543,2.618190131093193,0.0,0.0,0.0,3.5357758615942316,0.0,0.0
5909,0.0,0.0,0.0,0.0,0.0,0.0,2.3825391414052173,0.0,0.0
5045,1.5726269121469372,0.0,0.0,0.0,2.4627753440096933,0.0,3.1176619030417805,0.0,0.0
9500,0.0,2.6771411723900553,3.1572717753023603,2.995133588312715,0.0,0.0,3.6833942626051304,0.0,2.406602121284905
134187,0.0,0.0,0.0,0.0,0.0,0.0,2.6610767418142225,0.0,0.0
309,0.0,3.0110864567228246,2.7020444433822868,2.73518572789182,0.0,0.0,3.554377247583508,0.0,3.1767225851964174
333,0.0,3.3572602965850638,2.9020513705063014,2.605225404613662,0.0,0.0,3.498779349592192,0.0,0.0
7102,0.0,0.0,1.9167458749475939,0.0,0.0,0.0,2.856252595446913,0.0,0.0
4246,0.0,0.0,0.0,0.0,0.0,0.0,2.3825391414052173,0.0,0.0
5799,0.0,3.0445404986260147,2.267400497657089,2.4098763112924444,0.0,0.0,3.1176619030417805,0.0,0.0
6638,0.0,4.093646865415186,4.177993621299717,3.6837596772343373,2.4504428354100427,0.0,4.364238731394097,0.0,0.0
27253,0.0,2.6399517772783536,0.0,0.0,0.0,0.0,2.834170076643247,0.0,0.0
29106,0.0,2.6529126924174395,3.075428490500683,2.6636786882457084,0.0,0.0,3.1783184532176114,0.0,0.0
25957,0.0,2.6147903060282682,0.0,0.0,0.0,0.0,3.1778394613499277,0.0,0.0
26119,0.0,0.0,2.4291952758009168,0.0,0.0,0.0,2.859255038208428,0.0,0.0
4947,0.0,0.0,1.8468448332035678,0.0,0.0,0.0,2.963233137764371,0.0,0.0
81671,2.201037609501847,0.0,0.0,2.873173408791145,3.192134600243767,0.0,3.26723614181241,0.0,3.1813566867866725
140735,0.0,2.5663668438131433,2.4327051142696385,2.3070967845711414,0.0,0.0,3.1754474759496683,0.0,0.0
54361,0.0,0.0,0.0,0.0,0.0,0.0,2.4591033313302666,0.0,0.0
23466,0.0,3.2942641618935555,0.0,2.5917662278390683,0.0,0.0,3.305608044080004,0.0,0.0
667,0.0,0.0,0.0,0.0,2.209899066703688,0.0,2.723033679422695,0.0,0.0
83982,0.0,0.0,0.0,2.5597285266590384,0.0,0.0,2.818186853066385,0.0,0.0
29081,0.0,2.6214091563470987,2.562360496023233,2.681157699620562,2.306183979513216,0.0,3.2533559772869687,0.0,0.0
573,0.0,2.7088208140426726,1.9431322437524197,0.0,2.1331999028090567,0.0,3.117358956638486,0.0,0.0
47,0.0,2.487357352868756,2.5321855765229975,0.0,0.0,0.0,3.087757957415116,0.0,0.0
84926,0.0,0.0,2.433984505652809,0.0,0.0,0.0,2.77984615227125,0.0,0.0
1639,0.0,0.0,0.0,0.0,0.0,0.0,2.808731703782885,0.0,0.0
401115,0.0,2.627875918024762,0.0,2.453702119659471,0.0,0.0,2.8660105765453547,0.0,0.0
84316,0.0,0.0,2.1923838479199738,0.0,0.0,0.0,2.905809086062947,0.0,0.0
8775,0.0,0.0,2.6191498440200025,0.0,0.0,0.0,2.916779385484031,0.0,0.0
53635,0.0,0.0,0.0,0.0,0.0,0.0,2.8192296549383262,0.0,0.0
4642,0.0,0.0,2.919952025424972,0.0,0.0,0.0,3.035412509780793,0.0,0.0
81876,0.0,0.0,0.0,0.0,2.1457029087554043,0.0,2.802892444248599,0.0,0.0
10809,0.0,0.0,0.0,0.0,2.2262659331399393,0.0,2.808731703782885,0.0,0.0
192683,0.0,2.3730927282663203,2.2288493834762355,0.0,0.0,0.0,2.488581703539142,0.0,0.0
80762,0.0,2.8644990651380144,3.212514643377495,2.9713229124194873,1.6021081009744689,0.0,3.251313595516836,0.0,0.0
2664,0.0,3.0732408803493154,3.0003121703010964,2.626279398304617,0.0,0.0,3.1615134524319,0.0,0.0
10299,0.0,0.0,0.0,0.0,0.0,0.0,2.228784710156667,0.0,0.0
11165,0.0,2.874087344250607,2.857332524846713,2.534570531425432,0.0,0.0,3.1615134524319,0.0,0.0
80700,0.0,0.0,0.0,0.0,2.0430334175689167,0.0,2.856252595446913,0.0,0.0
377,0.0,2.842902606185329,2.4478430616905387,2.60712184283063,2.5154722104218457,0.0,3.027408515305629,0.0,0.0
100131187,1.4825610560551707,0.0,2.4630499165818573,2.5713050579283134,0.0,0.0,2.8368765853744313,0.0,0.0
22836,1.6221823273771196,0.0,2.7498664617230055,2.7845508689931733,0.0,0.0,2.834170076643247,0.0,0.0
1642,0.0,2.386077780217724,0.0,0.0,0.0,0.0,2.7239880225611963,0.0,1.4895670525372693
5049,0.0,0.0,2.4835240180341023,2.3927687303936924,2.6409807808484556,0.0,2.978935563179047,0.0,2.2858387106372184
23524,0.0,0.0,0.0,0.0,2.3667199025061265,0.0,2.377841980427081,0.0,0.0
83483,0.0,0.0,0.0,0.0,0.0,7.391465609008284,0.0,0.0,0.0
28984,0.0,0.0,0.0,0.0,0.0,6.281161405554835,0.0,0.0,0.0
5175,0.0,0.0,0.0,0.0,0.0,5.6881264691031586,0.0,0.0,0.0
6781,0.0,0.0,0.0,0.0,0.0,5.865412731023673,0.0,0.0,0.0
5420,0.0,0.0,0.0,0.0,0.0,5.635432050084417,0.0,0.0,0.0
22918,0.0,0.0,0.0,0.0,0.0,5.2943907416343645,0.0,0.0,0.0
2321,0.0,0.0,0.0,0.0,0.0,5.181449557005518,0.0,0.0,0.0
90952,0.0,0.0,0.0,0.0,0.0,4.914022017433144,0.0,0.0,0.0
94,0.0,0.0,0.0,0.0,0.0,4.8655243549096685,0.0,0.0,0.0
1543,0.0,0.0,0.0,0.0,0.0,5.1827952971220554,0.0,0.0,0.0
54345,0.0,0.0,0.0,0.0,0.0,4.9783649996399575,0.0,0.0,0.0
6925,0.0,0.0,0.0,0.0,0.0,4.698111952081904,0.0,0.0,0.0
51162,0.0,0.0,0.0,0.0,0.0,4.985556796664869,0.0,0.0,0.0
7852,0.0,0.0,0.0,0.0,0.0,4.672981341126576,0.0,0.0,0.0
3791,0.0,0.0,0.0,0.0,0.0,4.611100772986537,0.0,0.0,0.0
11082,0.0,0.0,0.0,0.0,0.0,4.357446934471755,0.0,0.0,0.0
23178,0.0,0.0,0.0,0.0,0.0,4.179770054552835,0.0,0.0,0.0
2171,0.0,0.0,0.0,0.0,0.0,4.774172311304434,0.0,0.0,0.0
7075,0.0,0.0,0.0,0.0,0.0,4.23293418096169,0.0,0.0,0.0
5654,0.0,0.0,0.0,0.0,0.0,4.336516584661002,0.0,0.0,0.0
7450,0.0,0.0,0.0,0.0,0.0,4.322774568470398,0.0,0.0,0.0
2012,0.0,0.0,0.0,0.0,0.0,4.0040899153423855,0.0,0.0,0.0
9537,0.0,0.0,0.0,0.0,0.0,4.198325697662812,0.0,0.0,0.0
54538,0.0,0.0,0.0,0.0,0.0,3.9141258891635773,0.0,0.0,0.0
9021,0.0,0.0,0.0,0.0,0.0,4.270562595635381,0.0,0.0,0.0
7122,0.0,0.0,0.0,0.0,0.0,3.8444875649695427,0.0,0.0,0.0
7057,0.0,0.0,0.0,0.0,0.0,4.123959991164383,0.0,0.0,0.0
285,0.0,0.0,0.0,0.0,0.0,3.699902527418029,0.0,0.0,0.0
6624,0.0,0.0,0.0,0.0,0.0,3.8244646122976924,0.0,0.0,0.0
64123,0.0,0.0,0.0,0.0,0.0,3.752130326092105,0.0,0.0,0.0
131583,0.0,0.0,0.0,0.0,0.0,3.779580889482034,0.0,0.0,0.0
3429,0.0,0.0,0.0,0.0,0.0,3.6878328448224265,0.0,0.0,0.0
221395,0.0,0.0,0.0,0.0,0.0,3.675328963336537,0.0,0.0,0.0
6405,0.0,0.0,0.0,0.0,0.0,3.7562100518486856,0.0,0.0,0.0
3643,0.0,0.0,0.0,0.0,0.0,4.131519430225849,0.0,0.0,0.0
8828,0.0,0.0,0.0,0.0,0.0,3.8075447622809424,0.0,0.0,0.0
7056,0.0,0.0,0.0,0.0,0.0,3.857094132773706,0.0,0.0,0.0
23452,0.0,0.0,0.0,0.0,0.0,3.734910232690082,0.0,0.0,0.0
1901,0.0,0.0,0.0,0.0,0.0,3.519412610535738,0.0,0.0,0.0
3910,0.0,0.0,0.0,0.0,0.0,3.448059313795928,0.0,0.0,0.0
11007,0.0,0.0,0.0,0.0,0.0,3.8611274620813294,0.0,0.0,0.0
25937,0.0,0.0,0.0,0.0,0.0,3.761677098449442,0.0,0.0,0.0
10365,0.0,0.0,0.0,0.0,0.0,3.588531701342384,0.0,0.0,0.0
641700,0.0,0.0,0.0,0.0,0.0,3.4947164574113767,0.0,0.0,0.0
9351,0.0,0.0,0.0,0.0,0.0,3.923029316935665,0.0,0.0,0.0
340061,0.0,0.0,0.0,0.0,0.0,3.3426206762382513,0.0,0.0,0.0
678,0.0,0.0,0.0,0.0,0.0,3.6768678115179627,0.0,0.0,0.0
7525,0.0,0.0,0.0,0.0,0.0,3.563469147437403,0.0,0.0,0.0
2040,0.0,0.0,0.0,0.0,0.0,3.6255263964840845,0.0,0.0,0.0
26064,0.0,0.0,0.0,0.0,0.0,3.4149797440090683,0.0,0.0,0.0
23129,0.0,0.0,0.0,0.0,0.0,3.38688355200538,0.0,0.0,0.0
8692,0.0,0.0,0.0,0.0,0.0,3.7610668200931703,0.0,0.0,0.0
4851,0.0,0.0,0.0,0.0,0.0,3.069757036609623,0.0,0.0,0.0
2078,0.0,0.0,0.0,0.0,0.0,3.0093131199320133,0.0,0.0,0.0
7378,0.0,0.0,0.0,0.0,0.0,3.389672881207048,0.0,0.0,0.0
9467,0.0,0.0,0.0,0.0,0.0,3.184631968984573,0.0,0.0,0.0
8291,0.0,0.0,0.0,0.0,0.0,2.91227173105001,0.0,0.0,0.0
639,0.0,0.0,0.0,0.0,0.0,2.7260039314100526,0.0,0.0,0.0
54861,0.0,0.0,0.0,0.0,0.0,3.246392529871163,0.0,0.0,0.0
57572,0.0,0.0,0.0,0.0,0.0,3.068737355951817,0.0,0.0,0.0
81619,0.0,0.0,0.0,0.0,0.0,3.320057351208085,0.0,0.0,0.0
30844,0.0,0.0,0.0,0.0,0.0,3.320057351208085,0.0,0.0,0.0
5155,0.0,0.0,0.0,0.0,0.0,2.4322466647586873,0.0,0.0,0.0
9535,0.0,0.0,0.0,0.0,0.0,2.309448012929251,0.0,0.0,0.0
1848,0.0,0.0,0.0,0.0,0.0,2.8515285100391914,0.0,0.0,0.0
8682,0.0,0.0,0.0,0.0,0.0,3.7450052045001154,0.0,0.0,0.0
3340,0.0,0.0,0.0,0.0,0.0,3.0937972049486926,0.0,0.0,0.0
29015,0.0,0.0,0.0,0.0,0.0,2.8110386060542485,0.0,0.0,0.0
6397,0.0,0.0,0.0,0.0,0.0,3.0479596373887863,0.0,0.0,0.0
3383,0.0,0.0,0.0,0.0,0.0,3.173862972951591,0.0,0.0,0.0
10625,0.0,0.0,0.0,0.0,0.0,2.7899132983057773,0.0,0.0,0.0
5829,0.0,0.0,0.0,0.0,0.0,3.6560342029969854,0.0,0.0,0.0
1889,0.0,0.0,0.0,0.0,0.0,3.6608454057516626,0.0,0.0,0.0
2995,0.0,0.0,0.0,0.0,0.0,1.064361039446462,0.0,0.0,0.0
659,0.0,0.0,0.0,0.0,0.0,3.023723708671114,0.0,0.0,0.0
57153,0.0,0.0,0.0,0.0,0.0,2.7865359890572035,0.0,0.0,0.0
11346,0.0,0.0,0.0,0.0,0.0,3.4072791376113782,0.0,0.0,0.0
4739,0.0,0.0,0.0,0.0,0.0,2.3232080180507806,0.0,0.0,0.0
5906,0.0,0.0,0.0,0.0,0.0,3.197715794217098,0.0,0.0,0.0
57655,0.0,0.0,0.0,0.0,0.0,3.083081728934612,0.0,0.0,0.0
3065,0.0,0.0,0.0,0.0,0.0,2.7444624974040597,0.0,0.0,0.0
1808,0.0,0.0,0.0,0.0,0.0,2.8527808593875976,0.0,0.0,0.0
51465,0.0,0.0,0.0,0.0,0.0,3.017102283052555,0.0,0.0,0.0
23365,0.0,0.0,0.0,0.0,0.0,3.006785982424495,0.0,0.0,0.0
51100,0.0,0.0,0.0,0.0,0.0,2.270550165879409,0.0,0.0,0.0
4070,2.4968958586064662,0.0,0.0,0.0,5.759759282649178,0.0,0.0,0.0,0.0
3880,0.0,0.0,0.0,0.0,5.9173155529427275,0.0,0.0,0.0,0.0
3855,2.1570401186415005,0.0,0.0,0.0,5.824373683142648,0.0,0.0,0.0,0.0
3934,1.218921369170611,0.0,0.0,0.0,5.516600295265571,0.0,0.0,0.0,0.0
100133941,5.07951895280537,0.0,0.0,0.0,5.537536340544311,0.0,0.0,0.0,0.0
4071,4.907189994352439,0.0,0.0,0.0,5.342010599000147,4.8768807811854575,0.0,0.0,0.0
6385,3.26631986642126,0.0,0.0,0.0,4.4941914939135055,0.0,0.0,0.0,0.0
3875,4.509188886327316,0.0,0.0,0.0,5.187376466696384,0.0,0.0,0.0,0.0
307,0.0,0.0,0.0,0.0,4.2111944321657,0.0,0.0,0.0,0.0
6281,2.025774582468067,0.0,0.0,0.0,4.875007593688059,0.0,0.0,3.493680619320471,0.0
347735,1.6288850761162168,0.0,0.0,0.0,4.236194972897984,0.0,0.0,0.0,0.0
718,0.0,0.0,0.0,0.0,4.016302446178052,0.0,0.0,0.0,0.0
710,0.0,0.0,0.0,0.0,4.057064744454544,0.0,0.0,0.0,3.4740454090666315
1364,3.458064777786113,0.0,0.0,0.0,4.7306478227913535,0.0,0.0,0.0,0.0
7168,1.5336721807094187,0.0,0.0,0.0,4.492270109922447,0.0,0.0,0.0,2.895071067678867
5652,2.2231109102805178,0.0,0.0,0.0,3.9489929034589824,0.0,0.0,0.0,0.0
1999,3.301142133713026,3.021270817744521,0.0,0.0,5.154514390499104,0.0,0.0,0.0,0.0
4316,0.0,0.0,0.0,0.0,3.454173461918384,0.0,0.0,0.0,0.0
11135,2.8937069122496233,0.0,0.0,0.0,3.9823155206993714,0.0,0.0,0.0,0.0
1316,3.11135608998934,0.0,0.0,0.0,4.604505796695035,0.0,0.0,2.649200175817344,0.0
6347,0.0,0.0,0.0,0.0,2.987815462073728,0.0,0.0,0.0,0.0
64129,0.0,0.0,0.0,0.0,3.435154396771919,0.0,0.0,0.0,0.0
25825,1.839893076290267,0.0,0.0,0.0,3.7969540103440376,0.0,0.0,0.0,0.0
57402,0.0,0.0,0.0,0.0,3.192134600243767,0.0,0.0,0.0,0.0
5209,0.0,0.0,0.0,0.0,3.5688224195249636,0.0,0.0,0.0,0.0
3728,2.1064620874738598,0.0,0.0,0.0,4.054553627723152,3.7887086164104797,0.0,0.0,0.0
10158,2.7915918094040606,0.0,0.0,0.0,3.3373786566742902,0.0,0.0,0.0,0.0
3918,0.0,0.0,0.0,0.0,2.9009265489922895,0.0,0.0,0.0,0.0
9076,0.0,0.0,0.0,0.0,3.058187610468136,0.0,0.0,0.0,0.0
3898,1.5734317547517118,0.0,0.0,0.0,3.1709956471618677,0.0,0.0,0.0,0.0
1843,0.0,0.0,0.0,0.0,4.308631466491504,0.0,0.0,0.0,0.0
6692,2.3606900198370537,0.0,0.0,0.0,4.056900825613828,0.0,2.450768284665057,0.0,0.0
5104,0.0,0.0,0.0,0.0,2.4852913159055805,0.0,0.0,0.0,0.0
706,2.1816903135752552,0.0,0.0,0.0,3.4650182699836716,0.0,0.0,0.0,0.0
3914,2.4042902308118803,0.0,0.0,0.0,3.237536134085577,0.0,0.0,0.0,0.0
999,2.9237393939899654,2.5949531270264354,0.0,0.0,4.318828901674059,0.0,0.0,0.0,0.0
3960,0.0,0.0,0.0,0.0,2.7263244730336202,0.0,0.0,0.0,0.0
3159,2.9168427654827775,0.0,0.0,0.0,3.930837785526722,0.0,0.0,0.0,0.0
467,0.0,0.0,0.0,0.0,3.5734902015536374,0.0,0.0,0.0,0.0
1080,0.0,0.0,0.0,0.0,2.0319836186410383,0.0,0.0,0.0,0.0
8671,0.0,0.0,0.0,0.0,2.7965168325584076,0.0,0.0,0.0,0.0
3576,0.0,0.0,0.0,0.0,2.6527143187012427,0.0,0.0,0.0,0.0
6768,1.4403610564023872,0.0,0.0,0.0,3.788508585692779,0.0,0.0,0.0,0.0
375790,0.0,0.0,0.0,0.0,2.9474882273596403,0.0,0.0,0.0,0.0
57648,1.8410963164842977,0.0,0.0,0.0,3.1096608030461352,0.0,0.0,0.0,0.0
4088,0.0,0.0,0.0,0.0,2.991468550260038,0.0,0.0,0.0,0.0
7851,0.0,0.0,0.0,0.0,2.5782033998243143,0.0,0.0,0.0,0.0
11030,0.0,0.0,0.0,0.0,3.1714718086446374,0.0,0.0,0.0,2.3841352430854017
3675,0.0,0.0,0.0,0.0,3.0886437649513843,0.0,0.0,0.0,0.0
23555,0.0,0.0,0.0,0.0,2.780293335578352,0.0,0.0,0.0,0.0
57222,2.237148902647995,0.0,0.0,0.0,3.3751149808087444,0.0,0.0,0.0,1.6681771581963365
54206,0.0,0.0,0.0,0.0,2.838920729693807,0.0,0.0,0.0,0.0
7262,0.0,0.0,0.0,0.0,2.5397127351082665,0.0,0.0,0.0,0.0
51704,0.0,0.0,0.0,0.0,2.130347819926538,0.0,0.0,0.0,0.0
163732,0.0,0.0,0.0,0.0,2.4467888391372834,0.0,0.0,0.0,0.0
11282,1.9842940120843715,0.0,0.0,0.0,3.613788824671683,2.8527808593875976,0.0,0.0,0.0
10318,0.0,0.0,0.0,0.0,2.9958136160685336,0.0,0.0,0.0,0.0
7357,0.0,0.0,0.0,0.0,2.627633748057295,0.0,0.0,0.0,0.0
5792,1.89565491634721,0.0,0.0,0.0,3.6765929761867246,0.0,0.0,0.0,0.0
824,2.137468954581687,0.0,0.0,0.0,3.2649973408403703,0.0,0.0,0.0,0.0
1847,0.0,0.0,0.0,0.0,3.0115690742163785,0.0,0.0,0.0,0.0
26010,0.0,0.0,0.0,0.0,3.362340076189181,0.0,0.0,0.0,3.0163391151386505
1512,0.0,0.0,0.0,0.0,1.3614596744175276,0.0,0.0,0.0,0.0
135112,0.0,0.0,0.0,0.0,2.627440161579191,0.0,0.0,0.0,0.0
745,0.0,0.0,0.0,0.0,2.7824199975424997,0.0,0.0,0.0,0.0
64332,0.0,0.0,0.0,0.0,2.7815240487126025,0.0,0.0,0.0,0.0
1500,1.886150887760174,0.0,0.0,0.0,3.4470310188775937,3.0633778295554297,0.0,0.0,0.0
5768,0.0,0.0,0.0,0.0,3.0015421856756865,0.0,0.0,0.0,0.0
10801,0.0,0.0,0.0,0.0,2.899678092404861,0.0,0.0,2.539001920692778,2.8032921717265773
23589,1.8786057639477793,0.0,0.0,0.0,3.159076506909002,0.0,0.0,0.0,0.0
114569,0.0,0.0,0.0,0.0,2.862506964979683,0.0,0.0,0.0,0.0
4357,1.8401832999392314,0.0,0.0,0.0,2.6019149736341265,0.0,0.0,0.0,0.0
330,0.0,0.0,0.0,0.0,2.4114392807140046,0.0,0.0,0.0,0.0
51280,0.0,0.0,0.0,0.0,2.7629896065388957,0.0,0.0,0.0,0.0
30851,0.0,0.0,0.0,0.0,2.8814873523380453,0.0,0.0,0.0,0.0
7534,2.1216923614045093,0.0,0.0,0.0,3.3970367897247518,0.0,0.0,0.0,2.1323258629971527
80149,0.0,0.0,0.0,0.0,1.8619287386482255,0.0,0.0,0.0,0.0
8553,2.31997102461781,0.0,0.0,0.0,3.3358549348417434,0.0,0.0,0.0,2.8673424720447698
2683,0.0,0.0,0.0,0.0,2.733685880323637,0.0,0.0,0.0,0.0
823,0.6393709051756767,0.0,0.0,0.0,3.252291791398944,0.0,0.0,0.0,0.0
8714,0.0,0.0,0.0,0.0,1.387748060356061,0.0,0.0,0.0,0.0
26472,2.9677353407676175,0.0,0.0,0.0,3.507958176912176,0.0,0.0,0.0,2.9554640586842043
55748,0.0,0.0,0.0,0.0,3.260361159006739,0.0,0.0,2.7767767888411474,0.0
10135,0.0,0.0,0.0,0.0,3.28951106489888,0.0,0.0,0.0,0.0
54997,0.0,0.0,0.0,0.0,2.7613403935189647,0.0,0.0,0.0,0.0
5947,2.5080379521622698,0.0,0.0,2.5140845573305377,3.295676168299262,0.0,0.0,0.0,0.0
9334,0.0,0.0,0.0,0.0,2.4104230687895636,0.0,0.0,0.0,0.0
26136,0.0,0.0,0.0,0.0,2.587939432478257,0.0,0.0,0.0,0.0
5480,0.0,0.0,0.0,0.0,1.9473674496741837,0.0,0.0,0.0,0.0
80223,3.283488582425916,2.1806737310634294,0.0,0.0,3.55602261008336,0.0,0.0,0.0,0.0
1829,0.0,0.0,0.0,0.0,2.460745847870416,0.0,0.0,0.0,0.0
3418,2.19978973209256,0.0,0.0,0.0,2.6925788038541665,0.0,0.0,0.0,0.0
9368,0.0,0.0,0.0,0.0,2.972721350023477,0.0,0.0,0.0,0.0
9208,1.724843680034887,0.0,0.0,0.0,2.82947908630059,0.0,0.0,2.649200175817344,0.0
8754,0.0,0.0,0.0,0.0,2.1281421635040223,0.0,0.0,0.0,0.0
114908,1.489017742883362,0.0,0.0,0.0,2.9703250998022823,0.0,0.0,1.610157639300822,0.0
55353,0.0,0.0,0.0,0.0,3.289071935378691,0.0,0.0,0.0,0.0
7430,1.801168257082732,2.7783412111296117,0.0,0.0,3.008400251377575,0.0,0.0,0.0,0.0
133,0.0,0.0,0.0,0.0,2.3092065839294564,0.0,0.0,0.0,0.0
27242,0.0,0.0,0.0,0.0,2.8860377098102834,0.0,0.0,0.0,0.0
9686,0.0,0.0,0.0,0.0,2.197747605212608,0.0,0.0,0.0,0.0
57804,2.6762301934228043,0.0,0.0,0.0,2.766406038991172,0.0,0.0,0.0,1.85271870363215
57111,0.0,0.0,0.0,0.0,2.7596937142156825,0.0,0.0,0.0,0.0
7052,0.0,0.0,0.0,0.0,3.0688296234753434,0.0,0.0,0.0,2.5005682276218066
4026,0.0,0.0,0.0,0.0,2.6221306003865434,0.0,0.0,0.0,0.0
5214,0.0,0.0,0.0,0.0,2.6310273514004487,0.0,0.0,0.0,0.0
1365,0.0,0.0,0.0,0.0,2.9080698761814374,0.0,0.0,0.0,0.0
6709,0.0,0.0,0.0,0.0,2.4602528092718714,0.0,0.0,0.0,0.0
977,2.0039095726198335,0.0,0.0,0.0,2.695569678154357,0.0,0.0,0.0,0.0
23204,0.0,0.0,2.319896957819112,0.0,3.304955172532511,0.0,0.0,2.8472944757131304,0.0
55740,0.0,0.0,0.0,0.0,2.208695727326405,0.0,0.0,0.0,0.0
64866,0.0,0.0,0.0,0.0,2.3666451831439526,0.0,0.0,0.0,0.0
55092,0.0,0.0,0.0,0.0,2.3514108670201135,0.0,0.0,0.0,0.0
5359,0.0,0.0,0.0,0.0,1.3145085724209462,0.0,0.0,0.0,0.0
382,0.0,0.0,0.0,0.0,2.4796636213447263,0.0,0.0,0.0,0.0
598,1.1607245093286305,0.0,0.0,0.0,3.0504496505639835,0.0,0.0,0.0,0.0
3993,0.0,0.0,0.0,0.0,2.673746700218156,0.0,0.0,0.0,0.0
9414,0.0,0.0,0.0,0.0,1.940273704089856,0.0,0.0,0.0,0.0
30001,0.0,0.0,0.0,0.0,2.033650488849493,0.0,0.0,0.0,0.0
359948,0.0,0.0,0.0,0.0,3.098433357797213,0.0,0.0,2.504423893362237,1.409763775073856
602,1.6470498959712214,0.0,0.0,0.0,2.380794012474306,0.0,0.0,0.0,0.0
132299,1.5562646882836386,0.0,0.0,0.0,2.8679484151102024,0.0,0.0,0.0,0.0
2309,0.0,0.0,0.0,0.0,1.5297781377625197,0.0,0.0,0.0,0.0
91663,0.0,0.0,0.0,0.0,3.008675446813178,0.0,0.0,0.0,2.451419502198183
50848,0.0,0.0,0.0,0.0,1.9691560762041265,0.0,0.0,0.0,0.0
7408,0.0,0.0,0.0,0.0,2.042664597750276,0.0,0.0,0.0,0.0
55970,0.0,0.0,0.0,0.0,2.563360600177226,0.0,0.0,0.0,0.0
9448,0.0,0.0,0.0,0.0,2.673746700218156,2.2924453063649297,0.0,0.0,0.0
9961,1.9356499270364758,0.0,0.0,0.0,2.3012837849713383,0.0,0.0,0.0,0.0
831,1.8624186279008752,0.0,0.0,0.0,2.8761005520564944,0.0,0.0,0.0,0.0
51599,1.8734213562298474,0.0,0.0,0.0,2.4114392807140046,0.0,0.0,0.0,0.0
79572,0.0,0.0,0.0,0.0,2.2452910407354185,0.0,0.0,0.0,0.0
64065,1.4797363641802224,0.0,2.7387294541507683,0.0,3.0905653806544184,0.0,0.0,0.0,0.0
11261,1.6383043798615993,0.0,0.0,0.0,2.6310273514004487,0.0,0.0,0.0,0.0
10397,2.3221217799141973,0.0,0.0,0.0,2.817665827931703,0.0,0.0,0.0,0.0
10449,0.0,0.0,0.0,0.0,2.563724516458523,0.0,0.0,0.0,0.0
481,0.0,0.0,0.0,0.0,2.7191192460744786,0.0,0.0,0.0,0.0
10509,0.0,0.0,0.0,0.0,2.467177577148153,0.0,0.0,0.0,0.0
10555,0.0,0.0,0.0,0.0,2.0812107791913244,0.0,0.0,0.0,0.0
6780,1.8727090909426218,0.0,0.0,0.0,2.545655536821731,0.0,0.0,0.0,0.0
1729,2.1474481731203205,0.0,0.0,0.0,2.5502551904614337,0.0,0.0,0.0,0.0
3005,0.0,0.0,0.0,0.0,2.780293335578352,0.0,0.0,0.0,0.0
64834,1.8052964363973727,0.0,0.0,0.0,2.3086435162984054,0.0,0.0,0.0,0.0
55573,2.7559980147699994,0.0,0.0,0.0,2.8071256286450628,0.0,0.0,0.0,0.0
5606,0.0,0.0,0.0,0.0,1.999799370257057,0.0,0.0,0.0,0.0
3685,0.0,0.0,0.0,0.0,2.1435776160305196,0.0,0.0,0.0,0.0
2222,1.8050372062563143,0.0,0.0,0.0,2.6610767418142225,0.0,0.0,0.0,0.0
1212,0.0,0.0,0.0,0.0,2.5987092371065703,0.0,0.0,0.0,0.0
5500,0.0,0.0,2.567827497460637,2.315563985490989,3.196993244640483,0.0,0.0,0.0,0.0
54502,0.0,0.0,0.0,0.0,2.0030653773975646,0.0,0.0,0.0,0.0
399665,0.0,0.0,2.61569902050267,2.8427836165510505,3.0488798616888513,0.0,0.0,0.0,0.0
3927,1.44570703476497,0.0,0.0,0.0,2.227685947411066,0.0,0.0,0.0,0.0
22913,0.0,0.0,0.0,0.0,2.4166147205614408,0.0,0.0,0.0,0.0
4134,0.0,0.0,0.0,0.0,2.079232181139752,0.0,0.0,0.0,1.9390115244143455
8566,0.0,0.0,0.0,0.0,2.4622264250147268,0.0,0.0,0.0,0.0
25777,0.0,0.0,0.0,0.0,2.1081895118435807,0.0,0.0,0.0,0.0
6386,0.0,0.0,0.0,0.0,2.7466106708280362,0.0,0.0,2.715166578757545,1.85271870363215
10552,2.6424526187939765,0.0,0.0,0.0,2.9629688901959916,0.0,0.0,0.0,0.0
26528,1.3965594815974067,0.0,0.0,0.0,1.6021081009744689,0.0,0.0,0.0,0.0
29956,2.041349340121746,0.0,0.0,0.0,2.799017051621281,0.0,0.0,0.0,0.0
6993,0.0,0.0,0.0,0.0,2.8483655758320827,0.0,0.0,0.0,0.0
10890,1.394411600737631,0.0,0.0,0.0,2.766406038991172,0.0,0.0,0.0,0.0
83641,1.5292499771896229,0.0,0.0,0.0,1.8450491759495955,0.0,0.0,0.0,0.0
2317,2.659821665794645,2.7875302626078358,0.0,0.0,2.9992199540005213,0.0,0.0,0.0,0.0
10096,0.0,0.0,0.0,0.0,2.4602528092718714,0.0,0.0,0.0,1.8598235384221447
10550,0.0,0.0,0.0,0.0,2.0324521053966915,0.0,0.0,0.0,0.0
6238,1.9066711009311417,0.0,0.0,0.0,2.231375136246335,0.0,0.0,0.0,0.0
1891,0.0,2.738622676105309,0.0,0.0,2.828660240094065,0.0,0.0,0.0,0.0
1312,0.0,0.0,0.0,0.0,2.3110388417955106,0.0,0.0,0.0,0.0
7328,1.5987748157081065,0.0,0.0,0.0,2.5911118669693307,0.0,0.0,0.0,0.0
51107,1.9540467450965802,0.0,0.0,0.0,2.5902711550652917,0.0,0.0,0.0,0.0
11313,1.2834326284897264,0.0,0.0,0.0,2.2152378258840035,0.0,0.0,0.0,0.0
23558,1.8831738928225086,0.0,0.0,0.0,2.227685947411066,0.0,0.0,0.0,0.0
3692,1.6673956338751208,0.0,0.0,0.0,2.1872983798533205,0.0,0.0,0.0,0.0
81631,2.0248184934024405,0.0,0.0,0.0,2.7466106708280362,0.0,0.0,0.0,2.1400464539885564
353,2.0352304027984696,0.0,0.0,0.0,2.324392592362824,0.0,0.0,0.0,0.0
5859,1.8562904594179743,0.0,0.0,0.0,2.033650488849493,0.0,0.0,0.0,0.0
3030,2.1474481731203205,0.0,0.0,0.0,2.755314904045098,0.0,0.0,0.0,0.0
1431,2.055986938964921,0.0,0.0,0.0,2.2861822840331296,0.0,0.0,0.0,0.0
28956,1.9415378325964676,0.0,0.0,0.0,2.547833309964128,0.0,0.0,0.0,0.0
4720,0.0,0.0,0.0,0.0,1.989331170451857,0.0,0.0,0.0,0.0
3032,0.0,0.0,0.0,0.0,1.2743465062414239,0.0,0.0,0.0,0.0
10342,0.0,0.0,0.0,0.0,2.3667199025061265,0.0,0.0,0.0,0.0
5127,0.0,0.0,0.0,0.0,2.1712959145407273,0.0,0.0,0.0,0.0
54926,1.8694367675441614,0.0,0.0,0.0,2.0253993503675147,0.0,0.0,0.0,0.0
3799,0.0,0.0,0.0,0.0,2.286044839791011,0.0,0.0,0.0,0.0
5245,0.0,0.0,0.0,0.0,1.9145650149253823,0.0,0.0,0.0,0.0
8570,0.0,0.0,0.0,0.0,1.9145650149253823,0.0,0.0,0.0,0.0
51246,1.6046015886676805,1.9981209552111494,0.0,0.0,2.562724057371796,0.0,0.0,0.0,0.0
1108,0.0,0.0,0.0,0.0,2.278106870773857,0.0,0.0,0.0,0.0
3337,0.0,0.0,0.0,0.0,2.506916475726835,0.0,0.0,0.0,0.0
60685,0.0,2.3675777777356206,0.0,0.0,2.5152986498013536,0.0,0.0,0.0,0.0
56889,1.9581205780385786,0.0,1.8401832734969719,0.0,2.7263244730336202,0.0,0.0,0.0,0.0
7341,0.0,0.0,0.0,0.0,1.9728908057723324,0.0,0.0,0.0,0.0
51123,2.481258524716469,0.0,0.0,0.0,2.527695861323106,0.0,0.0,0.0,0.0
6881,2.150892489238588,0.0,0.0,0.0,2.5735993651017233,0.0,0.0,0.0,0.0
10658,0.0,0.0,0.0,0.0,2.377841980427081,0.0,0.0,0.0,0.0
58485,1.2484508872167341,0.0,0.0,0.0,2.487525919698995,0.0,0.0,0.0,0.0
6950,1.5372859674434427,0.0,0.0,0.0,2.076984119205697,0.0,0.0,0.0,0.0
3184,1.8877305157916584,0.0,0.0,0.0,2.4114392807140046,0.0,0.0,0.0,2.0201468880813858
6391,0.0,0.0,2.4623087436495408,0.0,2.587939432478257,0.0,0.0,0.0,2.5009103579142677
3608,0.0,0.0,0.0,0.0,2.1872983798533205,0.0,0.0,0.0,0.0
84299,0.0,0.0,0.0,0.0,1.3614596744175276,0.0,0.0,0.0,0.0
11338,0.0,0.0,0.0,0.0,1.5761287117739546,0.0,0.0,0.0,0.0
5434,0.0,0.0,0.0,0.0,2.103664490529347,0.0,0.0,0.0,0.0
9921,1.7036250063812906,0.0,0.0,0.0,2.0709262635194006,0.0,0.0,0.0,0.0
5589,1.8620363376971154,0.0,0.0,0.0,2.306183979513216,0.0,0.0,0.0,0.0
2288,1.6219730511471688,0.0,0.0,0.0,2.1810114044047286,0.0,0.0,0.0,0.0
387082,0.0,0.0,0.0,0.0,2.0811007417264173,0.0,0.0,0.0,0.0
192286,1.4825610560551707,0.0,0.0,0.0,2.324392592362824,0.0,0.0,0.0,2.052464286539791
2130,0.0,0.0,0.0,0.0,1.9488784108541015,0.0,0.0,0.0,0.0
51160,1.8200965272902534,0.0,0.0,0.0,1.8619287386482255,0.0,0.0,0.0,0.0
5887,0.0,0.0,1.9431322437524197,0.0,2.337861689979581,0.0,0.0,0.0,0.0
10313,0.0,0.0,0.0,0.0,2.0258643233810827,0.0,0.0,0.0,0.0
51652,0.0,0.0,0.0,0.0,1.830128414891103,0.0,0.0,0.0,0.0
4713,1.6901655727290636,0.0,0.0,0.0,2.0034178367900544,0.0,0.0,0.0,0.0
10542,0.0,0.0,0.0,0.0,1.992209727475395,0.0,0.0,0.0,0.0
10412,1.967367333567572,0.0,0.0,0.0,2.0325041749519164,0.0,0.0,0.0,0.0
7322,0.0,0.0,0.0,0.0,2.123343152487719,0.0,0.0,0.0,0.0
10236,0.0,0.0,0.0,0.0,2.1281421635040223,0.0,0.0,0.0,2.1278523450152638
26001,0.0,0.0,0.0,0.0,1.9397592554247132,0.0,0.0,0.0,0.0
10694,1.7944614188487966,0.0,2.148485080413674,0.0,2.170506088097094,0.0,0.0,0.0,0.0
126003,1.6944889559749545,0.0,0.0,0.0,1.9188868106476131,0.0,0.0,0.0,0.0
8815,1.877128313209345,0.0,0.0,0.0,1.9397592554247132,0.0,0.0,0.0,0.0
5950,0.0,0.0,2.6084514184614904,6.126127978703606,0.0,0.0,0.0,0.0,0.0
5122,0.0,0.0,4.266691429441883,4.841450490730953,0.0,0.0,0.0,0.0,0.0
90701,0.0,2.5015526448141645,3.727024149893351,4.950425842659302,0.0,0.0,3.885699296439087,0.0,0.0
22861,0.0,3.169172507993755,4.1726019096796705,4.895509187872735,0.0,0.0,3.7070014672705227,0.0,0.0
3953,0.0,0.0,0.0,2.8152954324967103,0.0,0.0,0.0,0.0,0.0
5121,0.0,0.0,2.654898033576448,3.879650353671005,0.0,0.0,0.0,0.0,0.0
10202,0.0,0.0,0.0,3.3382022833078446,0.0,0.0,0.0,0.0,0.0
5997,0.0,0.0,0.0,2.8978080562167716,0.0,0.0,0.0,0.0,0.0
55859,0.0,3.8558359850442274,3.7385579976352084,4.381533001927276,0.0,0.0,4.280729796953473,0.0,0.0
4131,0.0,2.3871064799520734,3.1523428137996774,3.8844108670548465,0.0,0.0,3.813882800694138,0.0,0.0
2643,0.0,3.0901961272565255,0.0,3.7101087520942335,0.0,0.0,0.0,0.0,0.0
3423,0.0,4.420938131139344,4.0123918974815105,4.832746605114833,0.0,0.0,4.5553094772530125,0.0,0.0
57221,0.0,2.828894189846997,0.0,3.3582362709542735,0.0,0.0,2.7858988581224264,0.0,0.0
5860,0.0,3.0018841980767474,0.0,3.271034657765655,0.0,0.0,3.21531417901196,0.0,0.0
8938,0.0,0.0,0.0,2.3746728115400564,0.0,0.0,0.0,0.0,0.0
2562,0.0,0.0,0.0,2.628602220865066,0.0,0.0,0.0,0.0,0.0
6653,0.0,0.0,2.6332634692194143,2.7651925105552073,0.0,0.0,0.0,0.0,0.0
4192,0.0,3.3035616163832535,0.0,3.5310352780540484,3.0355534386826557,0.0,3.068587747189723,0.0,0.0
23705,0.0,0.0,2.8231781999952266,2.8959411898811314,0.0,0.0,0.0,0.0,0.0
8572,0.0,0.0,0.0,2.254019574528116,0.0,0.0,0.0,0.0,0.0
29780,0.0,0.0,2.5453277815932536,2.857092448283857,0.0,0.0,0.0,0.0,0.0
6616,0.0,0.0,0.0,2.4734844014807784,0.0,0.0,0.0,0.0,0.0
5063,0.0,0.0,2.156224940810929,2.7209159792052664,0.0,0.0,2.655892138544768,0.0,0.0
258010,0.0,0.0,2.628021029061555,2.956514322639569,0.0,0.0,0.0,0.0,0.0
8140,0.0,0.0,0.0,2.3560928610283556,0.0,0.0,0.0,0.0,0.0
4013,0.0,0.0,0.0,2.638532413472831,0.0,0.0,0.0,0.0,0.0
6860,0.0,0.0,0.0,2.31606022011298,0.0,0.0,0.0,0.0,0.0
11163,0.0,0.0,0.0,2.0270537129106514,0.0,0.0,0.0,0.0,0.0
25797,0.0,0.0,0.0,2.284671488078822,0.0,0.0,0.0,0.0,0.0
3858,0.0,1.8451959929296453,2.7826441013129326,2.8959411898811314,0.0,0.0,2.7239880225611963,0.0,0.0
374882,0.0,0.0,0.0,2.8102251963133806,2.3572021483665386,0.0,0.0,0.0,0.0
23741,0.0,0.0,2.514604704505595,2.7087159081162677,0.0,0.0,0.0,0.0,2.411752172113915
25915,0.0,2.9058813316798724,2.761999774293348,3.0349898285936714,2.2514985098583415,0.0,0.0,0.0,2.5130450637056794
4718,1.5830857097261868,0.0,2.1960602851778774,2.808043093970747,1.9549968715956694,0.0,0.0,0.0,2.52989422515317
4707,0.0,0.0,2.262293395046969,2.5713050579283134,0.0,0.0,0.0,0.0,0.0
8766,0.0,2.528443046342135,2.31040420225922,2.6249268091077056,2.2510348381453573,0.0,0.0,0.0,0.0
4717,0.0,0.0,2.24141569127509,2.3223919380810387,0.0,0.0,0.0,0.0,0.0
116,0.0,0.0,4.018315237525353,0.0,0.0,0.0,0.0,0.0,0.0
3033,0.0,0.0,4.320435755623381,2.8163354556798947,0.0,0.0,0.0,0.0,0.0
7345,0.0,2.765582171381726,5.083120331839879,4.620156998991659,0.0,0.0,4.368679953533635,0.0,0.0
1363,0.0,6.405892193832901,6.877033745888276,6.602589645618707,0.0,0.0,6.2010081751285195,0.0,0.0
2572,0.0,2.9470325590802324,4.777316069637696,3.9430835200339267,0.0,0.0,3.7084919904358253,0.0,0.0
8788,0.0,0.0,3.173537447402696,0.0,0.0,0.0,0.0,0.0,0.0
3481,0.0,0.0,3.365989439538557,0.0,0.0,0.0,0.0,0.0,0.0
1028,0.0,0.0,3.8648183018766407,0.0,0.0,0.0,0.0,0.0,0.0
56605,0.0,0.0,4.190420012352826,2.3773130710534978,0.0,0.0,2.8192296549383262,0.0,0.0
5502,0.0,4.619867063493492,5.259456785711771,4.197957977743683,0.0,0.0,0.0,0.0,0.0
10590,0.0,4.708853555239302,5.296296090321102,4.839229607449282,0.0,0.0,4.847417408408875,0.0,0.0
6833,0.0,0.0,3.6910907730762235,2.444441127706326,0.0,0.0,2.9960857426943446,0.0,0.0
10400,0.0,5.1704808157115325,5.2445199734254135,2.6812595832034125,0.0,0.0,0.0,0.0,0.0
10882,0.0,0.0,3.4765783297279325,2.560998288471394,0.0,0.0,0.0,0.0,0.0
57818,0.0,0.0,3.221845133673281,0.0,0.0,0.0,0.0,0.0,0.0
1917,0.0,3.659276783859309,4.327893293555029,3.3787091199245842,0.0,0.0,3.1586839333855257,0.0,0.0
169026,0.0,3.0187664878857055,4.144922513268708,0.0,0.0,0.0,0.0,0.0,0.0
51655,0.0,2.8210861034056967,4.179074670008767,1.9692044749093518,0.0,0.0,3.7901665606394013,0.0,0.0
389692,0.0,0.0,2.009228841834734,0.0,0.0,0.0,0.0,0.0,0.0
9060,0.0,3.0841482361412025,3.976854580279919,0.0,0.0,0.0,0.0,0.0,0.0
6804,0.0,0.0,3.240930167828209,0.0,0.0,0.0,0.0,0.0,0.0
2934,0.0,0.0,3.262762812642306,0.0,2.55133342711267,0.0,0.0,0.0,0.0
55384,0.0,0.0,2.446221642904754,0.0,0.0,0.0,0.0,0.0,0.0
56521,0.0,0.0,3.395883013981291,2.671018816133115,0.0,0.0,2.802892444248599,0.0,0.0
9066,0.0,2.721656741877181,3.292501505435028,2.4994571044202853,0.0,0.0,3.080109689569279,0.0,0.0
9844,0.0,0.0,1.6555374999287515,0.0,0.0,0.0,0.0,0.0,0.0
3651,0.0,0.0,1.6555374999287515,0.0,0.0,0.0,0.0,0.0,0.0
84525,0.0,0.0,2.267400497657089,0.0,0.0,0.0,0.0,0.0,0.0
345557,0.0,0.0,2.5443451469417333,0.0,0.0,0.0,0.0,0.0,0.0
27075,1.8666280456740714,0.0,3.153983457573291,0.0,0.0,0.0,0.0,0.0,0.0
145741,0.0,2.995541761717429,3.2611040014189934,0.0,0.0,0.0,0.0,0.0,0.0
25849,0.0,3.2917091807297814,3.4885618004846966,0.0,0.0,0.0,3.4620693471095265,0.0,0.0
124540,0.0,0.0,2.7772784492992577,0.0,0.0,0.0,0.0,0.0,0.0
5217,0.0,0.0,3.1615134524319,2.4765692539555797,0.0,0.0,0.0,0.0,0.0
3642,0.0,0.0,2.5665492550478604,2.5590036545539276,0.0,0.0,0.0,0.0,0.0
4189,0.0,0.0,2.817492208508102,0.0,0.0,0.0,0.0,0.0,0.0
7267,0.0,2.7291990132903265,3.5414023466488467,3.2538671308843763,0.0,0.0,3.498779349592192,0.0,0.0
7163,0.0,2.729305598508599,3.216468892050307,3.1869744154595585,0.0,0.0,2.8368765853744313,0.0,0.0
6319,0.0,2.5617708299146718,3.1022383170469183,2.348069895430603,0.0,0.0,2.834170076643247,0.0,0.0
25793,0.0,0.0,3.1602550306243424,0.0,0.0,0.0,0.0,0.0,0.0
79971,0.0,0.0,2.2580139798903285,0.0,0.0,0.0,0.0,0.0,0.0
1362,0.0,0.0,2.1808271408062705,0.0,0.0,0.0,0.0,0.0,0.0
4925,0.0,0.0,2.7564079291685197,0.0,0.0,0.0,0.0,0.0,0.0
5168,0.0,0.0,2.5088977305579387,2.2779705890725097,0.0,0.0,0.0,0.0,0.0
214,0.0,0.0,2.5159930707373634,2.2363167774233266,0.0,0.0,0.0,0.0,0.0
9501,0.0,0.0,2.562360496023233,0.0,0.0,0.0,0.0,0.0,0.0
51673,0.0,0.0,2.351374090419712,0.0,0.0,0.0,0.0,0.0,0.0
55893,0.0,0.0,2.5291902313611634,0.0,0.0,0.0,0.0,0.0,0.0
6812,0.0,0.0,2.6065525466610837,0.0,0.0,0.0,0.0,0.0,0.0
58528,0.0,0.0,2.450768284665057,0.0,0.0,0.0,0.0,0.0,0.0
1267,0.0,0.0,2.803349287718806,2.464203945513571,0.0,0.0,0.0,0.0,0.0
157574,1.8795114574419147,0.0,2.8703148016185116,0.0,0.0,0.0,0.0,0.0,0.0
57515,0.0,0.0,3.025451280271003,2.4376719707767918,1.2125484578394539,0.0,2.5253269576128736,0.0,0.0
1804,0.0,0.0,2.325108120907775,0.0,0.0,0.0,0.0,0.0,0.0
9581,0.0,0.0,2.24239943517924,0.0,0.0,0.0,0.0,0.0,0.0
2026,0.0,0.0,2.1923838479199738,0.0,0.0,0.0,0.0,0.0,0.0
64374,0.0,0.0,2.2288493834762355,0.0,0.0,0.0,0.0,0.0,0.0
79006,0.0,0.0,2.843139059119188,2.5805131678471915,0.0,0.0,2.7436889167252843,0.0,0.0
10950,0.0,0.0,2.4872304986511584,2.3948428993080766,0.0,0.0,0.0,0.0,0.0
8237,0.0,0.0,2.489765497947298,0.0,0.0,0.0,0.0,0.0,0.0
79586,0.0,0.0,2.6363825920459645,0.0,0.0,0.0,0.0,0.0,0.0
6990,0.0,0.0,2.1242085610853363,0.0,0.0,0.0,0.0,0.0,0.0
3275,0.0,0.0,2.260953993702091,0.0,0.0,0.0,0.0,0.0,0.0
3998,0.0,0.0,2.883575716508385,2.4130830690306673,0.0,0.0,0.0,0.0,2.7433647702066253
547,0.0,0.0,2.4572177709103205,0.0,0.0,0.0,0.0,0.0,0.0
9289,0.0,0.0,1.8276749064372,0.0,0.0,0.0,0.0,0.0,0.0
54386,0.0,0.0,2.622034313393797,2.2363167774233266,0.0,0.0,0.0,0.0,0.0
81552,0.0,0.0,2.7996999352285896,2.666488018053413,0.0,0.0,0.0,0.0,0.0
153339,0.0,0.0,2.164875529059065,0.0,0.0,0.0,0.0,0.0,0.0
523,0.0,0.0,2.3489499134692404,0.0,0.0,0.0,0.0,0.0,0.0
9867,0.0,0.0,2.4743172100047297,2.3990044280754645,0.0,0.0,0.0,0.0,0.0
10424,0.0,0.0,2.3019822777540213,0.0,0.0,0.0,0.0,0.0,0.0
51382,0.0,0.0,2.0245217426192306,0.0,0.0,0.0,0.0,0.0,0.0
54940,0.0,0.0,2.81517993594577,2.2719934890056512,0.0,0.0,0.0,0.0,0.0
400,0.0,0.0,2.3622468588073757,0.0,0.0,0.0,0.0,0.0,0.0
23479,0.0,0.0,2.7814121075266223,2.4415344141107402,0.0,0.0,2.228784710156667,0.0,0.0
10776,0.0,2.6749620701595194,2.952450058359001,2.5651814745587727,2.2032684414165478,0.0,2.488581703539142,0.0,0.0
10905,0.0,0.0,2.4770703955435973,0.0,0.0,0.0,0.0,0.0,0.0
10159,0.0,2.568925090930702,2.6850362172752353,0.0,0.0,0.0,0.0,0.0,0.0
9612,0.0,0.0,2.0137528979951176,0.0,0.0,0.0,0.0,0.0,0.0
2286,0.0,3.4688427576629204,3.4956423362254716,3.2818062672475796,2.1457029087554043,0.0,2.882469617247563,0.0,0.0
10079,0.0,0.0,2.047948182491846,0.0,0.0,0.0,0.0,0.0,0.0
10525,0.0,0.0,2.600122307892162,2.3026812811340553,0.0,0.0,0.0,0.0,0.0
9789,1.7271205975999533,0.0,3.009226039931692,2.8076989533078067,2.3086435162984054,0.0,0.0,0.0,2.813333663366909
51124,0.0,0.0,2.6674931746584916,0.0,0.0,0.0,0.0,0.0,0.0
2673,0.0,0.0,2.4706580175325734,0.0,0.0,0.0,0.0,0.0,0.0
23753,0.0,2.6476712072060415,2.8617834784780625,2.770276420682112,0.0,0.0,0.0,0.0,2.5130450637056794
23344,0.0,2.4122259470802496,2.4714884796703185,0.0,0.0,0.0,0.0,0.0,0.0
2803,1.4620595228976088,0.0,2.744445641452314,0.0,0.0,0.0,0.0,0.0,0.0
497661,0.0,0.0,2.5836627920984556,0.0,0.0,0.0,0.0,0.0,0.0
28972,1.7919972578395886,3.074115452870033,3.0771816825517564,2.628602220865066,2.1794769994428878,0.0,0.0,0.0,0.0
51014,0.0,0.0,2.2386013249250887,0.0,0.0,0.0,0.0,0.0,0.0
2801,0.0,0.0,1.903566012550558,0.0,0.0,0.0,0.0,0.0,0.0
29883,0.0,0.0,2.4339044953322553,0.0,0.0,0.0,0.0,0.0,0.0
10456,1.7306334451418028,2.9426156210712135,2.946837000204198,2.515645800778744,0.0,0.0,2.488581703539142,0.0,0.0
3336,1.8672488535954845,2.888134999540485,3.0042803883533944,2.5488193090480378,2.2399747286612235,0.0,0.0,0.0,0.0
11231,1.45058176074625,0.0,2.144993926526702,0.0,0.0,0.0,0.0,0.0,0.0
51119,0.0,0.0,2.634334615419383,0.0,1.5179142593494848,0.0,0.0,0.0,2.3740703247197454
6745,0.0,2.7074696335324777,2.736365661878928,2.6791220946869307,0.0,0.0,0.0,0.0,0.0
5516,0.0,0.0,2.604657149730875,0.0,2.1566435694841872,0.0,0.0,0.0,0.0
11171,0.0,0.0,2.417479938058439,0.0,0.0,0.0,0.0,0.0,0.0
6009,0.0,0.0,2.562360496023233,0.0,2.0502299081217443,0.0,0.0,0.0,0.0
1349,1.3438672742657394,0.0,2.7811882600761377,2.668599959109493,2.2410880055149756,0.0,0.0,0.0,2.3651519984107825
9804,2.3278322056865264,0.0,2.685138476492434,0.0,2.337861689979581,0.0,0.0,0.0,2.1040030778283936
81892,1.9897777838626123,0.0,2.7215508463630815,2.69252731124104,0.0,0.0,0.0,0.0,2.526203685444391
372,0.0,0.0,2.337064164052344,2.2896248544112496,0.0,0.0,0.0,0.0,2.1323258629971527
54890,0.0,2.724997015802484,2.768173624871185,0.0,2.06902466305613,0.0,2.55728413699347,0.0,2.761120690037
54499,0.0,0.0,2.024728159251932,0.0,0.0,0.0,0.0,0.0,0.0
4706,0.0,0.0,2.0420853361881495,0.0,0.0,0.0,0.0,0.0,0.0
4695,0.0,2.6981553880214832,2.710599851342005,2.3746728115400564,1.8450491759495955,0.0,2.4591033313302666,0.0,0.0
10575,1.86280239139047,0.0,2.1658417689644818,0.0,0.0,0.0,0.0,0.0,0.0
2029,0.0,2.0807541553844384,2.313015966348104,0.0,0.0,0.0,0.0,0.0,0.0
27069,0.0,2.4686265999401,2.744337505086473,2.584590988077564,2.464203945513571,0.0,0.0,0.0,2.295852993323254
3300,0.0,0.0,1.969737041405904,0.0,0.0,0.0,0.0,0.0,0.0
78988,0.0,0.0,1.8877742263041777,0.0,0.0,0.0,0.0,0.0,0.0
65991,0.0,0.0,2.1454665200159853,0.0,0.0,0.0,0.0,0.0,0.0
10330,0.0,0.0,1.9051348710294467,0.0,0.0,0.0,0.0,0.0,0.0
119504,0.0,0.0,2.148959488501627,0.0,0.0,0.0,0.0,0.0,0.0
51258,1.615997707863241,0.0,2.0533169692997832,0.0,0.0,0.0,0.0,0.0,1.6681771581963365
51506,2.2025139686593413,0.0,2.2562809936613295,0.0,0.0,0.0,0.0,0.0,0.0
25844,1.7899878053492009,2.488497288747534,2.608166365728209,0.0,2.5790343192188825,0.0,0.0,0.0,2.451419502198183
7276,0.0,10.61016387872824,5.64665567166148,5.048450163676227,0.0,0.0,7.014111239644321,0.0,0.0
7425,0.0,6.639015587611898,4.894837962246413,2.6301536536711456,0.0,0.0,4.455160992583843,0.0,0.0
7104,0.0,5.557829552791143,0.0,2.478491657388572,0.0,0.0,5.485806149302362,0.0,0.0
2878,0.0,6.088005330778461,3.2015464301645316,5.313671035558051,0.0,0.0,2.6610767418142225,0.0,2.562360496023233
5126,0.0,5.7247866230097575,3.1409233595168176,4.127140680890991,0.0,0.0,4.771463516573252,0.0,0.0
2638,0.0,4.361387740306669,0.0,0.0,0.0,0.0,0.0,0.0,0.0
28959,0.0,5.250475524010566,0.0,3.3018737618077916,0.0,0.0,4.6508519035453455,4.448495957364631,0.0
55365,0.0,5.031921133642909,0.0,3.017933633459743,0.0,0.0,4.36895803073562,3.6951414997179115,0.0
1113,0.0,6.864617245583615,6.138484578069093,5.194824624997736,0.0,0.0,4.698511754415856,0.0,0.0
153572,0.0,3.897212131826805,0.0,0.0,0.0,0.0,0.0,0.0,0.0
5265,0.0,5.9342905876478635,0.0,5.353280952971498,5.235412835182837,0.0,0.0,0.0,0.0
6447,0.0,6.569369173779611,5.8984392723422,5.580924335081904,0.0,0.0,6.258215152945737,0.0,0.0
216,3.814898874506171,5.429742717440982,2.0420853361881495,2.01743010293113,0.0,0.0,5.1086998213424195,0.0,0.0
56667,0.0,3.900979561543844,0.0,0.0,0.0,0.0,0.0,0.0,0.0
5999,0.0,3.9237957307336266,0.0,0.0,0.0,0.0,0.0,0.0,0.0
5166,0.0,4.734384769646457,0.0,0.0,0.0,0.0,3.322831378882783,0.0,0.0
6542,0.0,4.635267256576839,2.6439264206838873,2.584590988077564,0.0,0.0,2.905809086062947,0.0,0.0
53827,0.0,4.170093908657089,0.0,0.0,0.0,3.7234976610184036,0.0,3.9423842325988283,2.222661058968857
54738,0.0,2.9781319130471147,0.0,0.0,0.0,0.0,0.0,0.0,0.0
3485,2.672629714406546,3.5508799127396404,0.0,0.0,0.0,0.0,0.0,0.0,0.0
1412,0.0,2.7180179953228514,0.0,0.0,0.0,0.0,0.0,0.0,0.0
2159,0.0,2.855893178398074,0.0,0.0,0.0,0.0,0.0,0.0,0.0
51310,0.0,3.9605150127489006,2.614838103885113,3.2804108112867683,0.0,0.0,3.230916808430161,0.0,0.0
2744,0.0,3.445777959627269,0.0,0.0,0.0,0.0,0.0,0.0,0.0
64093,0.0,3.1806378477412327,0.0,2.7651925105552073,0.0,0.0,2.488581703539142,0.0,0.0
23022,0.0,3.3451803386428747,0.0,0.0,0.0,0.0,0.0,0.0,0.0
9935,0.0,3.9214958191668745,2.7965168325584076,0.0,0.0,0.0,0.0,3.2382926248696053,0.0
284361,0.0,4.668351895486566,3.4983606101682594,4.067764765710172,2.6993461245139834,0.0,4.492357384911802,0.0,0.0
57535,0.0,4.4507139637368915,3.7403419874980184,3.6148250202545498,0.0,0.0,4.356364938526029,0.0,0.0
284422,0.0,2.5032385241563526,0.0,0.0,0.0,0.0,0.0,0.0,0.0
60676,0.0,2.581392291507903,0.0,0.0,0.0,0.0,0.0,0.0,0.0
50632,0.0,2.922689336383213,0.0,2.2035831141927957,0.0,0.0,2.896936458042071,0.0,0.0
115207,0.0,2.426899219668426,0.0,0.0,0.0,0.0,0.0,0.0,0.0
388125,0.0,3.8636224729326063,2.9491832055640548,0.0,0.0,0.0,0.0,0.0,0.0
26470,0.0,4.07090943263386,3.4347572188861837,3.114333895289627,0.0,0.0,3.615401063446843,0.0,0.0
818,0.0,2.039764426853181,0.0,0.0,0.0,0.0,0.0,0.0,0.0
2786,0.0,3.458925132595759,3.1277043599242123,0.0,0.0,0.0,3.1216075187783745,0.0,0.0
4924,0.0,3.7687206988834423,2.1320347034950635,0.0,2.7237758722727694,0.0,3.060346455421049,0.0,0.0
29937,0.0,4.154348707594609,3.292061257276601,3.2933824967030634,0.0,0.0,3.8182189148658123,0.0,2.0927851438127556
3732,0.0,2.866736870820772,0.0,0.0,0.0,0.0,0.0,0.0,0.0
22936,2.4183468213450072,3.5927957918497864,2.462391069064407,2.2779705890725097,0.0,0.0,3.4439257649583306,0.0,0.0
5865,0.0,3.648829147358912,3.561027196975275,2.779957930675973,0.0,0.0,3.1999182390776033,0.0,0.0
7991,0.0,3.5900827740140597,2.9121005297301696,3.3519218211768793,0.0,0.0,3.338293832784106,0.0,0.0
57414,0.0,3.5846764179370787,3.020294892530248,2.807011000158191,0.0,0.0,3.4702219032154735,0.0,0.0
222962,0.0,2.7144304072724212,0.0,0.0,0.0,0.0,0.0,0.0,0.0
8941,0.0,2.7236180578680114,0.0,2.4038819197348387,0.0,0.0,2.5253269576128736,0.0,0.0
25994,0.0,2.8658898161819426,0.0,0.0,0.0,0.0,0.0,0.0,0.0
10814,0.0,2.480083644496883,0.0,0.0,0.0,0.0,0.0,0.0,0.0
10226,0.0,2.5819015372678193,0.0,0.0,0.0,0.0,0.0,0.0,0.0
55997,0.0,2.4950253259363695,0.0,0.0,0.0,0.0,0.0,0.0,0.0
51126,1.819652432412207,3.2777991184292663,2.446221642904754,0.0,0.0,0.0,0.0,0.0,0.0
23428,0.0,2.9738881142596445,2.724200215183,2.6812595832034125,0.0,0.0,0.0,0.0,0.0
254263,0.0,3.1423158417078847,2.908447125317679,3.0790840294438038,0.0,0.0,0.0,0.0,0.0
387882,0.0,3.274412108591617,2.7649720164316616,0.0,3.0907133315648245,0.0,0.0,0.0,0.0
25874,0.0,2.959341874006725,0.0,0.0,0.0,0.0,0.0,0.0,0.0
4121,0.0,2.785955238358919,0.0,0.0,0.0,0.0,0.0,0.0,0.0
54681,0.0,2.8780261540232615,0.0,2.445897675828114,0.0,0.0,2.7479117973611014,0.0,0.0
392,0.0,2.838173794728766,0.0,0.0,0.0,0.0,0.0,0.0,2.1278523450152638
55766,2.313812618628595,3.0293691887560463,0.0,2.22163364573358,0.0,0.0,0.0,0.0,0.0
5092,1.9858205045094972,2.9824255866613556,0.0,2.2779705890725097,1.9767883627133251,0.0,0.0,0.0,0.0
51604,0.0,2.755697348465177,0.0,0.0,0.0,0.0,0.0,0.0,0.0
3073,0.0,1.9924869924231419,0.0,0.0,0.0,0.0,0.0,0.0,0.0
402,0.0,3.0424811536378185,2.5192980831797196,0.0,0.0,0.0,2.8192296549383262,0.0,0.0
27020,0.0,2.517296427534477,0.0,0.0,0.0,0.0,0.0,0.0,0.0
91689,0.0,3.2214306931438568,2.9958136160685336,2.8959411898811314,0.0,0.0,3.027408515305629,0.0,0.0
127687,0.0,3.2048104213302557,2.864196963176693,2.9347932614027545,0.0,0.0,2.923898780640693,0.0,0.0
51374,0.0,3.245969296912101,2.957171241071479,2.584590988077564,2.1566435694841872,0.0,0.0,0.0,2.1316272372035665
6342,0.0,2.6791221388706674,0.0,0.0,0.0,0.0,2.6610767418142225,0.0,0.0
252839,0.0,2.5635612084805253,0.0,0.0,0.0,0.0,0.0,0.0,0.0
9524,0.0,2.3229282316357662,0.0,0.0,0.0,0.0,0.0,0.0,0.0
3281,0.0,2.938534834674323,2.054223848367057,0.0,2.5191238662963977,0.0,0.0,0.0,0.0
84987,0.0,3.0107416984593716,2.810800165583598,2.698517255329076,0.0,0.0,2.7239880225611963,0.0,0.0
9230,1.5438781641966963,2.8388224056334317,0.0,0.0,2.1047936115555466,0.0,0.0,0.0,0.0
310,0.0,2.879464286049579,2.6294746173702,0.0,0.0,0.0,0.0,0.0,0.0
91582,1.4057801147941258,2.9134263023192792,2.299121695272452,0.0,2.096471562047936,0.0,0.0,0.0,2.1089837373596336
83590,2.0955776701375237,2.195034441545369,0.0,0.0,1.3856581319350583,0.0,0.0,0.0,0.0
222068,0.0,2.671321608687075,2.482515527000773,0.0,0.0,0.0,0.0,0.0,0.0
54344,0.0,2.7285595179505187,2.5618153956930034,2.489850107990278,0.0,0.0,2.488581703539142,0.0,0.0
10726,2.2201269712553335,2.8067818767208204,0.0,0.0,2.493919773204842,0.0,0.0,0.0,0.0
10963,0.0,2.440453045527452,0.0,0.0,2.286044839791011,0.0,0.0,0.0,0.0
1209,0.0,2.5075238071795614,0.0,0.0,2.0325041749519164,0.0,0.0,0.0,0.0
25824,1.3944988660844098,2.888937619536632,2.5950442681003194,0.0,2.5782956910713875,0.0,0.0,0.0,0.0
51150,0.0,2.9000525091531384,2.183656572418507,0.0,2.60371075085225,0.0,2.654699325756185,0.0,2.7204929450442226
204,0.0,2.5718562727534087,2.009228841834734,0.0,0.0,0.0,0.0,0.0,0.0
1716,0.0,2.312494623528888,2.225685639416726,0.0,0.0,0.0,0.0,0.0,0.0
9538,2.1676081441571604,3.145958800051956,2.65778354075754,0.0,2.953890518399538,0.0,0.0,0.0,2.8144872150164466
10907,1.3782104507154223,2.8205055598127693,2.5351012811635005,2.3560928610283556,0.0,0.0,0.0,0.0,0.0
54205,0.0,2.457340641314205,2.0798362866468425,0.0,0.0,0.0,0.0,0.0,2.274298360495579
10921,1.5795417294707197,2.6847295784064285,0.0,0.0,2.1596393611582907,0.0,0.0,0.0,1.85271870363215
51690,0.5484073579400989,2.400478761075233,0.0,0.0,0.0,0.0,0.0,0.0,0.0
8896,0.0,2.495579011117248,1.9651485014054428,0.0,0.0,0.0,0.0,0.0,0.0
664,2.1123476344171026,2.718381639186614,2.291419919795254,0.0,2.00902606546489,0.0,0.0,0.0,0.0
11258,0.0,2.5474303396792806,2.5379366278234756,0.0,0.0,0.0,0.0,0.0,0.0
29101,1.3782104507154223,2.4295537633944972,2.359127918393874,2.3049215306523947,0.0,0.0,0.0,0.0,0.0
54460,2.484285365359734,2.900614346436195,2.834052554935402,0.0,2.389474451063884,0.0,0.0,0.0,2.6896477252082542
200185,2.3777297298250404,2.7678419806881007,2.6918066781524446,2.694795364146096,2.100454263954249,0.0,0.0,0.0,0.0
10136,10.254192588959906,0.0,0.0,0.0,0.0,0.0,0.0,0.0,0.0
1504,10.195820750510904,0.0,0.0,0.0,0.0,0.0,0.0,0.0,0.0
440387,10.165201547377777,0.0,0.0,0.0,0.0,0.0,0.0,0.0,0.0
5644,9.447659475934056,0.0,0.0,0.0,0.0,0.0,0.0,0.0,0.0
23436,8.759730349003256,0.0,0.0,0.0,0.0,0.0,0.0,0.0,0.0
1208,8.77132709235769,0.0,0.0,0.0,0.0,0.0,0.0,0.0,0.0
1357,8.922810305393206,0.0,0.0,0.0,0.0,0.0,0.0,0.0,0.0
5319,8.505472275588758,0.0,0.0,0.0,0.0,0.0,0.0,0.0,0.0
6690,8.529086203413218,0.0,0.0,0.0,0.0,0.0,0.0,0.0,0.0
5968,8.821402668724058,0.0,0.0,0.0,0.0,0.0,0.0,0.0,0.0
63036,7.701773767886694,0.0,0.0,0.0,0.0,0.0,0.0,0.0,0.0
1360,7.658860394461352,0.0,0.0,0.0,0.0,0.0,0.0,0.0,0.0
1358,6.862329214886196,0.0,0.0,0.0,0.0,0.0,0.0,0.0,0.0
11330,6.880575415749265,0.0,0.0,0.0,0.0,0.0,0.0,0.0,0.0
342898,6.475114167188455,0.0,0.0,0.0,0.0,0.0,0.0,0.0,0.0
5407,6.084353753559119,0.0,0.0,0.0,0.0,0.0,0.0,0.0,0.0
5406,6.011362035422775,0.0,0.0,0.0,0.0,0.0,0.0,0.0,0.0
5646,6.045605014442149,0.0,0.0,0.0,0.0,0.0,0.0,0.0,0.0
3816,5.2000206677683884,0.0,0.0,0.0,0.0,0.0,0.0,0.0,0.0
50624,5.087500583766672,0.0,0.0,0.0,0.0,0.0,0.0,0.0,0.0
5408,4.79551649542482,0.0,0.0,0.0,0.0,0.0,0.0,0.0,0.0
2813,4.7789499335454675,0.0,0.0,0.0,0.0,0.0,0.0,0.0,0.0
6035,4.349220425301157,0.0,0.0,0.0,0.0,0.0,0.0,0.0,0.0
7358,5.066900161113801,0.0,0.0,0.0,0.0,0.0,0.0,0.0,0.0
51032,4.129442793283351,0.0,0.0,0.0,0.0,0.0,0.0,0.0,0.0
4257,3.812936304590099,0.0,0.0,0.0,0.0,0.0,0.0,0.0,0.0
290,3.8940823534110898,0.0,0.0,0.0,0.0,0.0,0.0,0.0,0.0
130120,3.3552380965175383,0.0,0.0,0.0,0.0,0.0,0.0,0.0,0.0
1506,3.544633619251271,0.0,0.0,0.0,0.0,0.0,0.0,0.0,0.0
2306,3.7318181608173084,0.0,0.0,0.0,0.0,0.0,0.0,0.0,0.0
229,2.9671083396840854,0.0,0.0,0.0,0.0,0.0,0.0,0.0,0.0
50486,2.640468424474348,0.0,0.0,0.0,0.0,0.0,0.0,0.0,0.0
2628,2.9921092123671107,0.0,0.0,0.0,0.0,0.0,0.0,0.0,0.0
51312,3.132337603368095,0.0,0.0,0.0,0.0,0.0,0.0,0.0,0.0
5360,2.782518558397399,0.0,0.0,0.0,0.0,0.0,0.0,0.0,0.0
8644,2.676584522686504,0.0,0.0,0.0,0.0,0.0,0.0,0.0,0.0
279,2.054722618913683,0.0,0.0,0.0,0.0,0.0,0.0,0.0,0.0
1056,2.2834764640749636,0.0,0.0,0.0,0.0,0.0,0.0,0.0,0.0
57085,2.8658291217064216,0.0,0.0,0.0,0.0,0.0,0.0,0.0,0.0
4493,2.758843920713191,0.0,0.0,0.0,0.0,0.0,0.0,0.0,0.0
220323,2.4777538941119097,0.0,0.0,0.0,0.0,0.0,0.0,0.0,0.0
4495,1.586632558948688,0.0,0.0,0.0,0.0,0.0,0.0,0.0,0.0
8761,3.2062690632448394,0.0,0.0,0.0,0.0,0.0,0.0,0.0,0.0
22949,2.4586388125361953,0.0,0.0,0.0,0.0,0.0,0.0,0.0,0.0
2152,2.2978117308489425,0.0,0.0,0.0,0.0,0.0,0.0,0.0,0.0
64714,2.081270156235994,0.0,0.0,0.0,0.0,0.0,0.0,0.0,0.0
1672,2.2750467751987067,0.0,0.0,0.0,0.0,0.0,0.0,0.0,0.0
2939,1.7189539345823777,0.0,0.0,0.0,0.0,0.0,0.0,0.0,0.0
29923,1.8071198249787803,0.0,0.0,0.0,0.0,0.0,0.0,0.0,0.0
79180,2.5819580381094007,0.0,0.0,0.0,0.0,0.0,0.0,0.0,0.0
563,1.8016625774822848,0.0,0.0,0.0,0.0,0.0,0.0,0.0,0.0
837,2.2252531856585835,0.0,0.0,0.0,0.0,0.0,0.0,0.0,0.0
200634,2.256449675982245,0.0,0.0,0.0,0.0,0.0,0.0,0.0,0.0
56131,1.7826404551709047,0.0,0.0,0.0,0.0,0.0,0.0,0.0,0.0
1978,2.75758494948846,0.0,0.0,0.0,0.0,0.0,0.0,0.0,0.0
5919,1.7401576729923713,0.0,0.0,0.0,0.0,0.0,0.0,0.0,0.0
123036,1.945729770642894,0.0,0.0,0.0,0.0,0.0,0.0,0.0,0.0
28987,2.2133279760361946,0.0,0.0,0.0,0.0,0.0,0.0,0.0,0.0
9455,2.0462811631494313,0.0,0.0,0.0,0.0,0.0,0.0,0.0,0.0
283375,1.50604006657226,0.0,0.0,0.0,0.0,0.0,0.0,0.0,0.0
26232,1.663599387040048,0.0,0.0,0.0,0.0,0.0,0.0,0.0,0.0
25816,1.5644206688215916,0.0,0.0,0.0,0.0,0.0,0.0,0.0,0.0
28951,1.1221220753271766,0.0,0.0,0.0,0.0,0.0,0.0,0.0,0.0
10797,1.7250432601727557,0.0,0.0,0.0,0.0,0.0,0.0,0.0,0.0
51303,2.2113268317701005,0.0,0.0,0.0,0.0,0.0,0.0,0.0,0.0
6652,1.5029470590056115,0.0,0.0,0.0,0.0,0.0,0.0,0.0,0.0
26355,2.773855483661218,0.0,0.0,0.0,0.0,0.0,0.0,0.0,0.0
79101,2.2444375798732077,0.0,0.0,0.0,0.0,0.0,0.0,0.0,0.0
5236,2.179661240282245,0.0,0.0,0.0,0.0,0.0,0.0,0.0,0.0
22877,2.239340778058557,0.0,0.0,0.0,0.0,0.0,0.0,0.0,0.0
283131,2.567420621281233,0.0,0.0,0.0,0.0,0.0,0.0,0.0,0.0
3476,2.095269748854767,0.0,0.0,0.0,0.0,0.0,0.0,0.0,0.0
8661,2.4367727941771307,0.0,0.0,0.0,0.0,0.0,0.0,0.0,0.0
7296,1.4666327367642802,0.0,0.0,0.0,0.0,0.0,0.0,0.0,0.0
645,2.05371749983245,0.0,0.0,0.0,0.0,0.0,0.0,0.0,0.0
57509,1.8514747442058632,0.0,0.0,0.0,0.0,0.0,0.0,0.0,0.0
93099,1.9673799076740632,0.0,0.0,0.0,0.0,0.0,0.0,0.0,0.0
3843,2.026283925026344,0.0,0.0,0.0,0.0,0.0,0.0,0.0,0.0
51070,1.305768899102207,0.0,0.0,0.0,0.0,0.0,0.0,0.0,0.0
7126,1.2818514520046143,0.0,0.0,0.0,0.0,0.0,0.0,0.0,0.0
191,1.7417910061827815,0.0,0.0,0.0,0.0,0.0,0.0,0.0,0.0
2052,1.9564978325756173,0.0,0.0,0.0,0.0,0.0,0.0,0.0,0.0
118881,1.7486519692508793,0.0,0.0,0.0,0.0,0.0,0.0,0.0,0.0
10527,2.084962373927641,0.0,0.0,0.0,0.0,0.0,0.0,0.0,0.0
60559,2.0996395553722875,0.0,0.0,0.0,0.0,0.0,0.0,0.0,0.0
3777,1.9048657154985353,0.0,0.0,0.0,0.0,0.0,0.0,0.0,0.0
92856,1.489017742883362,0.0,0.0,0.0,0.0,0.0,0.0,0.0,0.0
9861,1.462598666422944,0.0,0.0,0.0,0.0,0.0,0.0,0.0,0.0
738,2.087228450703604,0.0,0.0,0.0,0.0,0.0,0.0,0.0,0.0
2101,1.4023332694770727,0.0,0.0,0.0,0.0,0.0,0.0,0.0,0.0
8669,1.8728385021546212,0.0,0.0,0.0,0.0,0.0,0.0,0.0,0.0
3646,2.1378759487633463,0.0,0.0,0.0,0.0,0.0,0.0,0.0,0.0
27316,1.9419595905514258,0.0,0.0,0.0,0.0,0.0,0.0,0.0,0.0
10480,1.704585297482439,0.0,0.0,0.0,0.0,0.0,0.0,0.0,0.0
51255,1.9627102053040613,0.0,0.0,0.0,0.0,0.0,0.0,0.0,0.0
57600,2.3202179331634913,0.0,0.0,0.0,0.0,0.0,0.0,0.0,0.0
10106,1.5999682531582662,0.0,0.0,0.0,0.0,0.0,0.0,0.0,0.0
2091,2.3703524177322097,0.0,0.0,0.0,0.0,0.0,0.0,0.0,0.0
5496,1.8963649876118014,0.0,0.0,0.0,0.0,0.0,0.0,0.0,0.0
8665,2.0102183252690047,0.0,0.0,0.0,0.0,0.0,0.0,0.0,0.0
10549,2.1574514670515472,0.0,0.0,0.0,0.0,0.0,0.0,0.0,0.0
90411,1.6100370360450145,0.0,0.0,0.0,0.0,0.0,0.0,0.0,0.0
5935,1.8401832999392314,0.0,0.0,0.0,0.0,0.0,0.0,0.0,0.0
3654,1.4631700796558653,0.0,0.0,0.0,0.0,0.0,0.0,0.0,0.0
84817,1.7755269242539145,0.0,0.0,0.0,0.0,0.0,0.0,0.0,0.0
81605,1.4701022824241534,0.0,0.0,0.0,0.0,0.0,0.0,0.0,0.0
22948,1.7794915498152313,0.0,0.0,0.0,0.0,0.0,0.0,0.0,0.0
23593,1.3873977424945712,0.0,0.0,0.0,0.0,0.0,0.0,0.0,0.0
29959,1.4757667952434275,0.0,0.0,0.0,0.0,0.0,0.0,0.0,0.0
9761,1.8941044587403508,0.0,0.0,0.0,0.0,0.0,0.0,0.0,0.0
8668,1.746339244695542,0.0,0.0,0.0,0.0,0.0,0.0,0.0,0.0
5501,1.6524038185383256,0.0,0.0,0.0,0.0,0.0,0.0,0.0,0.0
26517,1.779568839279312,0.0,0.0,0.0,0.0,0.0,0.0,0.0,0.0
9553,1.9999299034253664,0.0,0.0,0.0,0.0,0.0,0.0,0.0,0.0
7763,1.394703205502458,0.0,0.0,0.0,0.0,0.0,0.0,0.0,0.0
201895,1.5707210729844805,0.0,0.0,0.0,0.0,0.0,0.0,0.0,0.0
51065,1.7740612579246062,0.0,0.0,0.0,0.0,0.0,0.0,0.0,0.0
283635,1.435942742946453,0.0,0.0,0.0,0.0,0.0,0.0,0.0,0.0
10289,1.7137211627143931,0.0,0.0,0.0,0.0,0.0,0.0,0.0,0.0
6625,1.7826404551709047,0.0,0.0,0.0,0.0,0.0,0.0,0.0,0.0
7320,1.6173955009238363,0.0,0.0,0.0,0.0,0.0,0.0,0.0,0.0
27183,1.621542481856605,0.0,0.0,0.0,0.0,0.0,0.0,0.0,0.0
3735,1.7726295877375764,0.0,0.0,0.0,0.0,0.0,0.0,0.0,0.0
51021,1.7218331036915706,0.0,0.0,0.0,0.0,0.0,0.0,0.0,0.0
908,1.6081962989028338,0.0,0.0,0.0,0.0,0.0,0.0,0.0,0.0
90480,1.4803768413020024,0.0,0.0,0.0,0.0,0.0,0.0,0.0,0.0
5686,1.2471771023831582,0.0,0.0,0.0,0.0,0.0,0.0,0.0,0.0
6301,2.0029395341402028,0.0,0.0,0.0,0.0,0.0,0.0,0.0,0.0
10576,1.5983033884347706,0.0,0.0,0.0,0.0,0.0,0.0,0.0,0.0
51389,1.8719994701655123,0.0,0.0,0.0,0.0,0.0,0.0,0.0,0.0
401505,1.8094943351897832,0.0,0.0,0.0,0.0,0.0,0.0,0.0,0.0
51282,1.703624264358473,0.0,0.0,0.0,0.0,0.0,0.0,0.0,0.0
4150,1.587611968236609,0.0,0.0,0.0,0.0,0.0,0.0,0.0,0.0
207,1.6909574026452283,0.0,0.0,0.0,0.0,0.0,0.0,0.0,0.0
6731,1.7297486107411937,0.0,0.0,0.0,0.0,0.0,0.0,0.0,0.0
51287,1.3108795756351816,0.0,0.0,0.0,0.0,0.0,0.0,0.0,0.0
51569,1.575074925897225,0.0,0.0,0.0,0.0,0.0,0.0,0.0,0.0
