marker_ID,Acinar,Ductal,EC,Endocrine,IC,Stellate,weight
1292,0.14089492297460177,0.14089492297460177,0.14089492297460177,0.14089492297460177,0.14089492297460177,0.0,0.14089492297460177
1277,,,,,,0.0,0.0
1281,0.6525388179447409,0.6525388179447409,0.6525388179447409,0.6525388179447409,0.6525388179447409,0.0,0.6525388179447409
5159,0.3025070457888689,0.3025070457888689,0.3025070457888689,0.3025070457888689,0.3025070457888689,0.0,0.3025070457888689
1293,0.7825930826507164,0.7825930826507164,0.7825930826507164,0.7825930826507164,0.7825930826507164,0.0,0.7825930826507164
23704,0.42495703358597486,0.42495703358597486,0.42495703358597486,0.42495703358597486,0.42495703358597486,0.0,0.42495703358597486
687,0.47,0.47,0.47,0.47,0.47,0.0,0.47
3976,0.037474064721690695,0.037474064721690695,0.037474064721690695,0.037474064721690695,0.037474064721690695,0.0,0.037474064721690695
11117,0.5060433876207149,0.5060433876207149,0.5060433876207149,0.5060433876207149,0.5060433876207149,0.0,0.5060433876207149
11167,,,,,,0.0,0.0
1290,,,,,,0.0,0.0
109,0.5066666666666667,0.5066666666666667,0.5066666666666667,0.5066666666666667,0.5066666666666667,0.0,0.5066666666666667
5327,,,,,,0.0,0.0
4921,0.8676396071280623,0.8676396071280623,0.8676396071280623,0.8676396071280623,0.8676396071280623,0.0,0.8676396071280623
7035,,,,,,0.0,0.0
7041,,,,,,0.0,0.0
1346,0.9,0.9,0.9,0.9,0.9,0.0,0.9
7805,0.8597257640364617,0.8597257640364617,0.8597257640364617,0.8597257640364617,0.0,0.8597257640364617,0.8597257640364617
5552,0.6956465413453106,0.6956465413453106,0.6956465413453106,0.6956465413453106,0.0,0.6956465413453106,0.6956465413453106
5996,0.880980164152612,0.880980164152612,0.880980164152612,0.880980164152612,0.0,0.880980164152612,0.880980164152612
2207,0.895074651733345,0.895074651733345,0.895074651733345,0.895074651733345,0.0,0.895074651733345,0.895074651733345
822,0.824061783848601,0.824061783848601,0.824061783848601,0.824061783848601,0.0,0.824061783848601,0.824061783848601
241,0.7428699813759462,0.7428699813759462,0.7428699813759462,0.7428699813759462,0.0,0.7428699813759462,0.7428699813759462
397,0.94,0.94,0.94,0.94,0.0,0.94,0.94
4069,0.8200652981348844,0.8200652981348844,0.8200652981348844,0.8200652981348844,0.0,0.8200652981348844,0.8200652981348844
864,0.9026141542514534,0.9026141542514534,0.9026141542514534,0.9026141542514534,0.0,0.9026141542514534,0.9026141542514534
6275,0.8914285714285715,0.8914285714285715,0.8914285714285715,0.8914285714285715,0.0,0.8914285714285715,0.8914285714285715
10457,0.9178044117763801,0.9178044117763801,0.9178044117763801,0.9178044117763801,0.0,0.9178044117763801,0.9178044117763801
5376,0.6086609214368442,0.6086609214368442,0.6086609214368442,0.6086609214368442,0.0,0.6086609214368442,0.6086609214368442
5777,0.4619868475646887,0.4619868475646887,0.4619868475646887,0.4619868475646887,0.0,0.4619868475646887,0.4619868475646887
2217,,,,,0.0,,0.0
3071,0.8128358454689515,0.8128358454689515,0.8128358454689515,0.8128358454689515,0.0,0.8128358454689515,0.8128358454689515
427,,,,,0.0,,0.0
3059,0.7864910425730678,0.7864910425730678,0.7864910425730678,0.7864910425730678,0.0,0.7864910425730678,0.7864910425730678
6447,0.31913104711215856,0.31913104711215856,0.31913104711215856,0.0,0.31913104711215856,0.31913104711215856,0.31913104711215856
5066,,,,0.0,,,0.0
7345,0.12107090086646233,0.12107090086646233,0.12107090086646233,0.0,0.12107090086646233,0.12107090086646233,0.12107090086646233
22861,0.6572385685878366,0.6572385685878366,0.6572385685878366,0.0,0.6572385685878366,0.6572385685878366,0.6572385685878366
6542,0.27330288249078194,0.27330288249078194,0.27330288249078194,0.0,0.27330288249078194,0.27330288249078194,0.27330288249078194
56521,0.2160594236781734,0.2160594236781734,0.2160594236781734,0.0,0.2160594236781734,0.2160594236781734,0.2160594236781734
7991,0.2588118267186796,0.2588118267186796,0.2588118267186796,0.0,0.2588118267186796,0.2588118267186796,0.2588118267186796
6781,0.058897066486529315,0.058897066486529315,0.0,0.058897066486529315,0.058897066486529315,0.058897066486529315,0.058897066486529315
22918,0.6015441923324496,0.6015441923324496,0.0,0.6015441923324496,0.6015441923324496,0.6015441923324496,0.6015441923324496
2012,0.52,0.52,0.0,0.52,0.52,0.52,0.52
54538,0.6989951903401838,0.6989951903401838,0.0,0.6989951903401838,0.6989951903401838,0.6989951903401838,0.6989951903401838
7122,0.8970095005763045,0.8970095005763045,0.0,0.8970095005763045,0.8970095005763045,0.8970095005763045,0.8970095005763045
3429,0.5792166453647069,0.5792166453647069,0.0,0.5792166453647069,0.5792166453647069,0.5792166453647069,0.5792166453647069
3910,0.3411499783696344,0.3411499783696344,0.0,0.3411499783696344,0.3411499783696344,0.3411499783696344,0.3411499783696344
25937,0.566392560112367,0.566392560112367,0.0,0.566392560112367,0.566392560112367,0.566392560112367,0.566392560112367
641700,0.6027776436466401,0.6027776436466401,0.0,0.6027776436466401,0.6027776436466401,0.6027776436466401,0.6027776436466401
340061,0.90125,0.90125,0.0,0.90125,0.90125,0.90125,0.90125
7378,,,0.0,,,,0.0
9535,0.8350633117130937,0.8350633117130937,0.0,0.8350633117130937,0.8350633117130937,0.8350633117130937,0.8350633117130937
2995,0.5969758988045732,0.5969758988045732,0.0,0.5969758988045732,0.5969758988045732,0.5969758988045732,0.5969758988045732
4070,0.0,0.0,0.29266189749056304,0.29266189749056304,0.29266189749056304,0.29266189749056304,0.29266189749056304
3934,0.0,0.0,0.8278273797763644,0.8278273797763644,0.8278273797763644,0.8278273797763644,0.8278273797763644
4071,0.0,0.0,0.0,0.78,0.78,0.78,0.78
3856,0.0,0.0,0.6143809138531653,0.6143809138531653,0.6143809138531653,0.6143809138531653,0.6143809138531653
718,0.5835689820236495,0.0,0.5835689820236495,0.5835689820236495,0.5835689820236495,0.5835689820236495,0.5835689820236495
5652,0.0,0.0,0.4485575347825703,0.4485575347825703,0.4485575347825703,0.4485575347825703,0.4485575347825703
11135,0.0,0.0,,,,,0.0
64129,0.1632138375250183,0.0,0.1632138375250183,0.1632138375250183,0.1632138375250183,0.1632138375250183,0.1632138375250183
57402,0.8300055012965534,0.0,0.8300055012965534,0.8300055012965534,0.8300055012965534,0.8300055012965534,0.8300055012965534
10158,0.0,0.0,0.5845744513343986,0.5845744513343986,0.5845744513343986,0.5845744513343986,0.5845744513343986
3918,0.33315136823183045,0.0,0.33315136823183045,0.33315136823183045,0.33315136823183045,0.33315136823183045,0.33315136823183045
6692,0.0,0.0,0.29382926904833334,0.29382926904833334,0.29382926904833334,0.29382926904833334,0.29382926904833334
5104,0.3517922553527776,0.0,0.3517922553527776,0.3517922553527776,0.3517922553527776,0.3517922553527776,0.3517922553527776
3914,0.0,0.0,0.6380300959605266,0.6380300959605266,0.6380300959605266,0.6380300959605266,0.6380300959605266
3960,0.8827844869206665,0.0,0.8827844869206665,0.8827844869206665,0.8827844869206665,0.8827844869206665,0.8827844869206665
6768,0.0,0.0,0.11194470101135495,0.11194470101135495,0.11194470101135495,0.11194470101135495,0.11194470101135495
824,0.0,0.0,0.9067800212305477,0.9067800212305477,0.9067800212305477,0.9067800212305477,0.9067800212305477
7534,0.0,0.0,,,,0.0,0.0
57111,0.5620347055258742,0.0,0.5620347055258742,0.5620347055258742,0.5620347055258742,0.5620347055258742,0.5620347055258742
9414,,0.0,,,,,0.0
132299,0.0,0.0,0.3514285714285714,0.3514285714285714,0.3514285714285714,0.3514285714285714,0.3514285714285714
55970,,0.0,,,,,0.0
3959,,0.0,,0.0,,0.0,0.0
10653,0.0,0.0,0.0887254695,0.0,0.0887254695,0.0887254695,0.0887254695
5127,0.3171891645634356,0.0,0.3171891645634356,0.3171891645634356,0.3171891645634356,0.3171891645634356,0.3171891645634356
10136,0.0,0.8009719264741847,0.8009719264741847,0.8009719264741847,0.8009719264741847,0.8009719264741847,0.8009719264741847
1358,0.0,0.9048689291408852,0.9048689291408852,0.9048689291408852,0.9048689291408852,0.9048689291408852,0.9048689291408852
57085,0.0,,,,,,0.0
837,0.0,0.9325,0.9325,0.9325,0.9325,0.9325,0.9325
123036,0.0,0.8993706937327908,0.8993706937327908,0.8993706937327908,0.8993706937327908,0.8993706937327908,0.8993706937327908
3843,0.0,,,,,,0.0
800,0.9,0.9,0.9,0.9,0.9,0.0,0.9
3624,0.85,0.85,0.85,0.85,0.85,0.0,0.85
3488,0.5125,0.5125,0.5125,0.5125,0.5125,0.0,0.5125
2331,0.559375,0.559375,0.559375,0.559375,0.559375,0.0,0.559375
94031,0.05348484848484848,0.05348484848484848,0.05348484848484848,0.05348484848484848,0.05348484848484848,0.0,0.05348484848484848
1909,0.7683333333333333,0.7683333333333333,0.7683333333333333,0.7683333333333333,0.7683333333333333,0.0,0.7683333333333333
10398,0.1652941176470588,0.1652941176470588,0.1652941176470588,0.1652941176470588,0.1652941176470588,0.0,0.1652941176470588
196740,0.03,0.03,0.03,0.03,0.03,0.0,0.03
3554,0.89,0.89,0.89,0.89,0.89,0.0,0.89
83871,0.8712500000000001,0.8712500000000001,0.8712500000000001,0.8712500000000001,0.8712500000000001,0.0,0.8712500000000001
64943,0.8533333333333334,0.8533333333333334,0.8533333333333334,0.8533333333333334,0.8533333333333334,0.0,0.8533333333333334
5202,,,,,,0.0,0.0
7305,0.81,0.81,0.81,0.81,0.0,0.81,0.81
54,0.522,0.522,0.522,0.522,0.0,0.522,0.522
3936,0.91,0.91,0.91,0.91,0.0,0.91,0.91
6688,0.6975,0.6975,0.6975,0.6975,0.0,0.6975,0.6975
714,0.8866666666666667,0.8866666666666667,0.8866666666666667,0.8866666666666667,0.0,0.8866666666666667,0.8866666666666667
4046,0.9066666666666667,0.9066666666666667,0.9066666666666667,0.9066666666666667,0.0,0.9066666666666667,0.9066666666666667
11314,0.425,0.425,0.425,0.425,0.0,0.425,0.425
1520,0.76,0.76,0.76,0.76,0.0,0.76,0.76
7351,0.02654761904761905,0.02654761904761905,0.02654761904761905,0.02654761904761905,0.0,0.02654761904761905,0.02654761904761905
7276,0.91,0.91,0.91,0.0,0.91,0.91,0.91
2878,0.088,0.088,0.088,0.0,0.088,0.0,0.088
3423,,,,0.0,,,0.0
6638,,0.0,,0.0,,,0.0
486,0.7,0.7,0.7,0.0,0.7,0.7,0.7
22936,0.0,0.06555555555555556,0.06555555555555556,0.0,0.06555555555555556,0.06555555555555556,0.06555555555555556
51124,,,,0.0,,,0.0
6342,,,,0.0,,,0.0
497661,,,,0.0,,,0.0
25915,,0.0,,0.0,,0.0,0.0
100131187,0.0,0.25493006993006995,0.25493006993006995,0.0,0.25493006993006995,0.25493006993006995,0.25493006993006995
4695,,0.0,,0.0,,,0.0
5092,0.0,0.0,,0.0,,,0.0
55766,0.0,,,0.0,,,0.0
27069,,0.0,,0.0,,0.0,0.0
23367,0.0,,,0.0,,,0.0
83483,0.67,0.67,0.0,0.67,0.67,0.67,0.67
94,0.6333333333333333,0.6333333333333333,0.0,0.6333333333333333,0.6333333333333333,0.6333333333333333,0.6333333333333333
23452,0.085,0.085,0.0,0.085,0.085,0.085,0.085
11007,,,0.0,,,,0.0
9351,0.060909090909090906,0.060909090909090906,0.0,0.060909090909090906,0.060909090909090906,0.060909090909090906,0.060909090909090906
2040,,,0.0,,,,0.0
8692,0.878,0.878,0.0,0.878,0.878,0.878,0.878
8682,,,0.0,,,,0.0
3340,0.8066666666666666,0.8066666666666666,0.0,0.8066666666666666,0.8066666666666666,0.8066666666666666,0.8066666666666666
29015,0.92,0.92,0.0,0.92,0.92,0.92,0.92
53826,0.77,0.77,0.0,0.77,0.77,0.77,0.77
3880,0.20214285714285715,0.0,0.20214285714285715,0.20214285714285715,0.20214285714285715,0.20214285714285715,0.20214285714285715
3875,0.0,0.0,0.31625,0.31625,0.31625,0.31625,0.31625
347735,0.0,0.0,0.81,0.81,0.81,0.81,0.81
710,0.75,0.0,0.75,0.75,0.75,0.0,0.75
1999,0.0,0.0,0.8700000000000001,0.8700000000000001,0.8700000000000001,0.8700000000000001,0.8700000000000001
3576,0.8666666666666667,0.0,0.8666666666666667,0.8666666666666667,0.8666666666666667,0.8666666666666667,0.8666666666666667
23555,0.02727272727272727,0.0,0.02727272727272727,0.02727272727272727,0.02727272727272727,0.02727272727272727,0.02727272727272727
330,0.08499999999999999,0.0,0.08499999999999999,0.08499999999999999,0.08499999999999999,0.08499999999999999,0.08499999999999999
30851,,0.0,,,,,0.0
26136,0.02782608695652174,0.0,0.02782608695652174,0.02782608695652174,0.02782608695652174,0.02782608695652174,0.02782608695652174
50848,0.2522027972027972,0.0,0.2522027972027972,0.2522027972027972,0.2522027972027972,0.2522027972027972,0.2522027972027972
81671,0.0,0.0,,,,0.0,0.0
9961,0.0,0.0,0.8400000000000001,0.8400000000000001,0.8400000000000001,0.8400000000000001,0.8400000000000001
4072,0.0,0.0,0.06428571428571428,0.0,0.06428571428571428,0.06428571428571428,0.06428571428571428
54502,0.684375,0.0,0.684375,0.684375,0.684375,0.684375,0.684375
10550,,0.0,,,,,0.0
1891,,0.0,,,,,0.0
1312,,0.0,,,,,0.0
5245,,0.0,,,,,0.0
7341,,0.0,,,,,0.0
10542,,0.0,,,,,0.0
8815,0.0,0.0,,,,,0.0
1504,0.0,0.8475,0.8475,0.8475,0.8475,0.8475,0.8475
440387,0.0,0.9233333333333333,0.9233333333333333,0.9233333333333333,0.9233333333333333,0.9233333333333333,0.9233333333333333
23436,0.0,0.9075,0.9075,0.9075,0.9075,0.9075,0.9075
1208,0.0,0.776,0.776,0.776,0.776,0.776,0.776
5319,0.0,0.47,0.47,0.47,0.47,0.47,0.47
63036,0.0,0.89,0.89,0.89,0.89,0.89,0.89
11330,0.0,0.87,0.87,0.87,0.87,0.87,0.87
5407,0.0,0.8833333333333333,0.8833333333333333,0.8833333333333333,0.8833333333333333,0.8833333333333333,0.8833333333333333
5406,0.0,0.8075000000000001,0.8075000000000001,0.8075000000000001,0.8075000000000001,0.8075000000000001,0.8075000000000001
5646,0.0,0.7042857142857143,0.7042857142857143,0.7042857142857143,0.7042857142857143,0.7042857142857143,0.7042857142857143
50624,0.0,0.895,0.895,0.895,0.895,0.895,0.895
2813,0.0,0.8666666666666667,0.8666666666666667,0.8666666666666667,0.8666666666666667,0.8666666666666667,0.8666666666666667
6035,0.0,0.875,0.875,0.875,0.875,0.875,0.875
51032,0.0,0.895,0.895,0.895,0.895,0.895,0.895
1506,0.0,0.9033333333333333,0.9033333333333333,0.9033333333333333,0.9033333333333333,0.9033333333333333,0.9033333333333333
50486,0.0,0.024880952380952382,0.024880952380952382,0.024880952380952382,0.024880952380952382,0.024880952380952382,0.024880952380952382
2628,0.0,0.3522222222222222,0.3522222222222222,0.3522222222222222,0.3522222222222222,0.3522222222222222,0.3522222222222222
5360,0.0,0.515,0.515,0.515,0.515,0.515,0.515
1056,0.0,0.525,0.525,0.525,0.525,0.525,0.525
1672,0.0,0.785,0.785,0.785,0.785,0.785,0.785
563,0.0,0.7949999999999999,0.7949999999999999,0.7949999999999999,0.7949999999999999,0.7949999999999999,0.7949999999999999
3777,0.0,0.0275,0.0275,0.0275,0.0275,0.0275,0.0275
51287,0.0,,,,,,0.0
