sample,arm,A_stem_pluri,tier_stem_pluri,A_stem_adult,tier_stem_adult,A_progenitor,tier_progenitor,A_cycling,tier_cycling,A_secretory,tier_secretory,A_immune,tier_immune,A_terminal,tier_terminal,A_stromal,tier_stromal
GSM4299202,mci,0.5780528355345118,BELOW_NORMAL,0.97307967829026,BELOW_NORMAL,0.8509015744237111,BELOW_NORMAL,0.7106602760451421,BELOW_NORMAL,0.708408859636792,BELOW_NORMAL,0.9151243250316894,BELOW_NORMAL,0.7819552855647096,BELOW_NORMAL,0.6711850372022646,BELOW_NORMAL
GSM4299203,ad,0.521543366993182,BELOW_NORMAL,0.9556732728447068,BELOW_NORMAL,0.822704636185005,BELOW_NORMAL,0.6761725526100222,BELOW_NORMAL,0.676086486573877,BELOW_NORMAL,0.8588553714029031,BELOW_NORMAL,0.7486980250520239,BELOW_NORMAL,0.6389296785474373,BELOW_NORMAL
GSM4299204,ad,0.5506104724363149,BELOW_NORMAL,0.9752486881485212,BELOW_NORMAL,0.8456726755221688,BELOW_NORMAL,0.6897562243822507,BELOW_NORMAL,0.6887555571311706,BELOW_NORMAL,0.8779350636571266,BELOW_NORMAL,0.7659865672659509,BELOW_NORMAL,0.6652619374871407,BELOW_NORMAL
GSM4299205,hc,0.5189205234762417,BELOW_NORMAL,0.9594625294988852,BELOW_NORMAL,0.8214258919161604,BELOW_NORMAL,0.6739422989014525,BELOW_NORMAL,0.6734429538140355,BELOW_NORMAL,0.858109092402898,BELOW_NORMAL,0.7430300801504711,BELOW_NORMAL,0.6409538040049846,BELOW_NORMAL
GSM4299206,mci,0.5408028062090781,BELOW_NORMAL,0.9651165065093884,BELOW_NORMAL,0.8351515721321991,BELOW_NORMAL,0.6912346162264956,BELOW_NORMAL,0.6884971722716788,BELOW_NORMAL,0.8987055920547845,BELOW_NORMAL,0.7588674963136083,BELOW_NORMAL,0.6564314255738813,BELOW_NORMAL
GSM4299207,mci,0.5583785509002314,BELOW_NORMAL,0.971603101172458,BELOW_NORMAL,0.84606719366629,BELOW_NORMAL,0.7056108701721854,BELOW_NORMAL,0.7029428244351358,BELOW_NORMAL,0.8958622584211479,BELOW_NORMAL,0.7789671164505195,BELOW_NORMAL,0.6746834546116753,BELOW_NORMAL
GSM4299208,ad,0.531675687992617,BELOW_NORMAL,0.9758738691534932,BELOW_NORMAL,0.8379423336273357,BELOW_NORMAL,0.6847906268085422,BELOW_NORMAL,0.6841357042632416,BELOW_NORMAL,0.8759280647175381,BELOW_NORMAL,0.7541961927103883,BELOW_NORMAL,0.6513611297737593,BELOW_NORMAL
GSM4299209,hc,0.5294897442353378,BELOW_NORMAL,0.9596971124569944,BELOW_NORMAL,0.8280750823494679,BELOW_NORMAL,0.6797447288547521,BELOW_NORMAL,0.6777912136458673,BELOW_NORMAL,0.8833246461377193,BELOW_NORMAL,0.7521235456156624,BELOW_NORMAL,0.6495740948413018,BELOW_NORMAL
GSM4299210,hc,0.532760829464546,BELOW_NORMAL,0.951755294444634,BELOW_NORMAL,0.8347125639073845,BELOW_NORMAL,0.6837767853590937,BELOW_NORMAL,0.6844026347933038,BELOW_NORMAL,0.880646035349951,BELOW_NORMAL,0.751963435469888,BELOW_NORMAL,0.6445429635767987,BELOW_NORMAL
GSM4299211,ad,0.5555098346088607,BELOW_NORMAL,0.958600540546386,BELOW_NORMAL,0.844013728150152,BELOW_NORMAL,0.6997418899898117,BELOW_NORMAL,0.6988773374301823,BELOW_NORMAL,0.8889798915909864,BELOW_NORMAL,0.7751922207981691,BELOW_NORMAL,0.6715358736484958,BELOW_NORMAL
GSM4299212,ad,0.5543738505793229,BELOW_NORMAL,0.9588200317622234,BELOW_NORMAL,0.8466797691372496,BELOW_NORMAL,0.7023322289931082,BELOW_NORMAL,0.7007382799110893,BELOW_NORMAL,0.9037693601045468,BELOW_NORMAL,0.7774197319152454,BELOW_NORMAL,0.672770922881086,BELOW_NORMAL
GSM4299213,hc,0.57540965853087,BELOW_NORMAL,0.9651115237545924,BELOW_NORMAL,0.8535021764240717,BELOW_NORMAL,0.7096496367724222,BELOW_NORMAL,0.7115952303889714,BELOW_NORMAL,0.9157634337100772,BELOW_NORMAL,0.7854553296246652,BELOW_NORMAL,0.6807628459748514,BELOW_NORMAL
GSM4299214,mci,0.5419516502909506,BELOW_NORMAL,0.9593093577824212,BELOW_NORMAL,0.8348291923828699,BELOW_NORMAL,0.6975089496512985,BELOW_NORMAL,0.6963441630498217,BELOW_NORMAL,0.8837292592307111,BELOW_NORMAL,0.7702821116846044,BELOW_NORMAL,0.6717764618289715,BELOW_NORMAL
GSM4299215,hc,0.5276954825744197,BELOW_NORMAL,0.95984224218765,BELOW_NORMAL,0.8345824859817582,BELOW_NORMAL,0.6873818745797555,BELOW_NORMAL,0.686606298606047,BELOW_NORMAL,0.889519556430716,BELOW_NORMAL,0.7602339826925272,BELOW_NORMAL,0.6565187235392753,BELOW_NORMAL
GSM4299216,mci,0.5591582647900543,BELOW_NORMAL,0.9709339252968964,BELOW_NORMAL,0.8469146590013961,BELOW_NORMAL,0.7017865754444654,BELOW_NORMAL,0.7025037020093585,BELOW_NORMAL,0.9011647010512458,BELOW_NORMAL,0.7752175409697576,BELOW_NORMAL,0.6731685038290771,BELOW_NORMAL
GSM4299217,mci,0.547371174164026,BELOW_NORMAL,0.948356165764038,BELOW_NORMAL,0.8335466082755268,BELOW_NORMAL,0.6930515229700281,BELOW_NORMAL,0.6901367879382764,BELOW_NORMAL,0.8956081269609294,BELOW_NORMAL,0.7636491272416602,BELOW_NORMAL,0.6579590916132153,BELOW_NORMAL
GSM4299218,mci,0.569843383629106,BELOW_NORMAL,0.9638508509489496,BELOW_NORMAL,0.8479660230072694,BELOW_NORMAL,0.7079918796842761,BELOW_NORMAL,0.7056487516546479,BELOW_NORMAL,0.903171253458248,BELOW_NORMAL,0.787077379292136,BELOW_NORMAL,0.6771889228407258,BELOW_NORMAL
GSM4299219,hc,0.5479877527957204,BELOW_NORMAL,0.9504317424841928,BELOW_NORMAL,0.8215000082754281,BELOW_NORMAL,0.6913060432119922,BELOW_NORMAL,0.688444544192895,BELOW_NORMAL,0.8571895778317322,BELOW_NORMAL,0.7620942024248357,BELOW_NORMAL,0.6619382072217772,BELOW_NORMAL
GSM4299220,ad,0.5805156941768045,BELOW_NORMAL,0.9542079294115536,BELOW_NORMAL,0.8529958690147618,BELOW_NORMAL,0.7187456151244132,BELOW_NORMAL,0.7175949669747822,BELOW_NORMAL,0.9230402657483952,BELOW_NORMAL,0.7888422536501608,BELOW_NORMAL,0.6823479545259085,BELOW_NORMAL
GSM4299221,ad,0.5775930880698268,BELOW_NORMAL,0.9583688037404172,BELOW_NORMAL,0.8416454786379592,BELOW_NORMAL,0.7000011759379468,BELOW_NORMAL,0.6993060362069587,BELOW_NORMAL,0.8954634905384214,BELOW_NORMAL,0.7791979231448385,BELOW_NORMAL,0.6738448331055098,BELOW_NORMAL
GSM4299222,ad,0.5470733445858749,BELOW_NORMAL,0.9529770359354603,BELOW_NORMAL,0.8215733269634432,BELOW_NORMAL,0.6857176294011544,BELOW_NORMAL,0.6827271446878483,BELOW_NORMAL,0.8847296607185224,BELOW_NORMAL,0.7512586214382813,BELOW_NORMAL,0.6369109259053806,BELOW_NORMAL
GSM4299223,ad,0.5575838458145553,BELOW_NORMAL,0.9605882675247844,BELOW_NORMAL,0.8308781040834681,BELOW_NORMAL,0.6851098168791512,BELOW_NORMAL,0.6848823617646198,BELOW_NORMAL,0.8765879920148228,BELOW_NORMAL,0.758028169586363,BELOW_NORMAL,0.6540378037662835,BELOW_NORMAL
GSM4299224,hc,0.5548424800779636,BELOW_NORMAL,0.965462153491481,BELOW_NORMAL,0.8426639639047174,BELOW_NORMAL,0.6993327466343693,BELOW_NORMAL,0.6995962438216213,BELOW_NORMAL,0.8976432116577687,BELOW_NORMAL,0.7717098730458009,BELOW_NORMAL,0.6678429924066125,BELOW_NORMAL
GSM4299225,ad,0.5357963369357813,BELOW_NORMAL,0.9671371723932468,BELOW_NORMAL,0.830450009674768,BELOW_NORMAL,0.6826471420926575,BELOW_NORMAL,0.6831139710251555,BELOW_NORMAL,0.8778383749194417,BELOW_NORMAL,0.756780988474259,BELOW_NORMAL,0.6515846694996342,BELOW_NORMAL
GSM4299226,mci,0.5688464935275823,BELOW_NORMAL,0.9475202332571284,BELOW_NORMAL,0.84607064259461,BELOW_NORMAL,0.7062950652168926,BELOW_NORMAL,0.7086085839869697,BELOW_NORMAL,0.8730208821991401,BELOW_NORMAL,0.7843725458131758,BELOW_NORMAL,0.6869162203321013,BELOW_NORMAL
GSM4299227,ad,0.5305507118741172,BELOW_NORMAL,0.955890133330713,BELOW_NORMAL,0.8355745154156431,BELOW_NORMAL,0.6858880435349951,BELOW_NORMAL,0.6855564499466987,BELOW_NORMAL,0.8705161456067265,BELOW_NORMAL,0.7645479039103861,BELOW_NORMAL,0.6644634789398994,BELOW_NORMAL
GSM4299228,ad,0.5374677264891417,BELOW_NORMAL,0.9581058100891628,BELOW_NORMAL,0.8341378666561414,BELOW_NORMAL,0.6871376273384597,BELOW_NORMAL,0.689131738941811,BELOW_NORMAL,0.87430454501608,BELOW_NORMAL,0.766753152355367,BELOW_NORMAL,0.6619880624246172,BELOW_NORMAL
GSM4299229,mci,0.5570034667863065,BELOW_NORMAL,0.9562458933233284,BELOW_NORMAL,0.8445451965207807,BELOW_NORMAL,0.7055345806436712,BELOW_NORMAL,0.7069139141573185,BELOW_NORMAL,0.8932278865374069,BELOW_NORMAL,0.7875715030018976,BELOW_NORMAL,0.6805147838962087,BELOW_NORMAL
GSM4299230,ad,0.5473542796578738,BELOW_NORMAL,0.9295076342274164,BELOW_NORMAL,0.8296257486773422,BELOW_NORMAL,0.6919818982412005,BELOW_NORMAL,0.6906664627525214,BELOW_NORMAL,0.8534511077272152,BELOW_NORMAL,0.7707556047653698,BELOW_NORMAL,0.6686001634011073,BELOW_NORMAL
GSM4299231,hc,0.5418019919894482,BELOW_NORMAL,0.95157765992656,BELOW_NORMAL,0.8316139072569918,BELOW_NORMAL,0.6775889166196513,BELOW_NORMAL,0.6765811956534739,BELOW_NORMAL,0.881189584379442,BELOW_NORMAL,0.7548132664507449,BELOW_NORMAL,0.6539438591696654,BELOW_NORMAL
GSM4299232,mci,0.555535105393255,BELOW_NORMAL,0.9547671865114004,BELOW_NORMAL,0.8423718044662674,BELOW_NORMAL,0.6953320916034433,BELOW_NORMAL,0.6976138157450423,BELOW_NORMAL,0.8730311425283583,BELOW_NORMAL,0.782240703865215,BELOW_NORMAL,0.6758334315758708,BELOW_NORMAL
GSM4299233,mci,0.5438232819852961,BELOW_NORMAL,0.9461437143713212,BELOW_NORMAL,0.8283115314043554,BELOW_NORMAL,0.6901606344481149,BELOW_NORMAL,0.6904535006960257,BELOW_NORMAL,0.8529670351938525,BELOW_NORMAL,0.7658163783665751,BELOW_NORMAL,0.6624296962238077,BELOW_NORMAL
GSM4299234,ad,0.5606213476760357,BELOW_NORMAL,0.9544905244801544,BELOW_NORMAL,0.8473651326207385,BELOW_NORMAL,0.7075825906039567,BELOW_NORMAL,0.708752514006145,BELOW_NORMAL,0.8889808315221422,BELOW_NORMAL,0.7891063308533104,BELOW_NORMAL,0.6867698125505755,BELOW_NORMAL
GSM4299235,ad,0.5366374799342628,BELOW_NORMAL,0.9527182914521768,BELOW_NORMAL,0.8305586142959921,BELOW_NORMAL,0.6869728224582723,BELOW_NORMAL,0.6882684267606883,BELOW_NORMAL,0.8774762730329426,BELOW_NORMAL,0.764743979618314,BELOW_NORMAL,0.6632743346923067,BELOW_NORMAL
GSM4299236,hc,0.5844707645720141,BELOW_NORMAL,0.9578565739160076,BELOW_NORMAL,0.8579051715918615,BELOW_NORMAL,0.7160609691249379,BELOW_NORMAL,0.7181616406189814,BELOW_NORMAL,0.8995249968743548,BELOW_NORMAL,0.799428773968097,BELOW_NORMAL,0.6885403940057089,BELOW_NORMAL
GSM4299237,hc,0.598700519150105,BELOW_NORMAL,0.9439712077680958,BELOW_NORMAL,0.8530758736104744,BELOW_NORMAL,0.7178977850639818,BELOW_NORMAL,0.7204373004770699,BELOW_NORMAL,0.9089790944367456,BELOW_NORMAL,0.7986996499379556,BELOW_NORMAL,0.6820511452754701,BELOW_NORMAL
GSM4299238,hc,0.5766838523654105,BELOW_NORMAL,0.9665779728655048,BELOW_NORMAL,0.8451198211907454,BELOW_NORMAL,0.7015463993652262,BELOW_NORMAL,0.6985510211542949,BELOW_NORMAL,0.9057182452538766,BELOW_NORMAL,0.7784541111892529,BELOW_NORMAL,0.6671456393878885,BELOW_NORMAL
GSM4299239,ad,0.5589162081788145,BELOW_NORMAL,0.9662871792288212,BELOW_NORMAL,0.8350038478707585,BELOW_NORMAL,0.6974469942640198,BELOW_NORMAL,0.694342524015751,BELOW_NORMAL,0.8804919785446909,BELOW_NORMAL,0.7726668522856804,BELOW_NORMAL,0.6680140572545105,BELOW_NORMAL
GSM4299240,mci,0.5041009453834226,BELOW_NORMAL,0.9469213522015554,BELOW_NORMAL,0.813126998480648,BELOW_NORMAL,0.6678399279309204,BELOW_NORMAL,0.6664783128308582,BELOW_NORMAL,0.8528290272486664,BELOW_NORMAL,0.7360852204811859,BELOW_NORMAL,0.6304718138176385,BELOW_NORMAL
GSM4299241,hc,0.5348776235655489,BELOW_NORMAL,0.9722042027522492,BELOW_NORMAL,0.838370600604572,BELOW_NORMAL,0.695049706514741,BELOW_NORMAL,0.6925470257768432,BELOW_NORMAL,0.9006809060468333,BELOW_NORMAL,0.7650072017968631,BELOW_NORMAL,0.6545313519351103,BELOW_NORMAL
GSM4299242,hc,0.523830944255673,BELOW_NORMAL,0.9591797913431616,BELOW_NORMAL,0.8334783095850418,BELOW_NORMAL,0.6773449442894126,BELOW_NORMAL,0.6739765966407756,BELOW_NORMAL,0.8874132260428917,BELOW_NORMAL,0.7465591150709109,BELOW_NORMAL,0.6379874655987108,BELOW_NORMAL
GSM4299243,ad,0.517028416214466,BELOW_NORMAL,0.9596156334047208,BELOW_NORMAL,0.8084951296409941,BELOW_NORMAL,0.6618288088839959,BELOW_NORMAL,0.6576709192888471,BELOW_NORMAL,0.8461901085199148,BELOW_NORMAL,0.7322587278962328,BELOW_NORMAL,0.6275980513848863,BELOW_NORMAL
GSM4299244,hc,0.5444617003712445,BELOW_NORMAL,0.9653204175013698,BELOW_NORMAL,0.8248475368910683,BELOW_NORMAL,0.67840747277523,BELOW_NORMAL,0.6760085777613002,BELOW_NORMAL,0.8967455890160837,BELOW_NORMAL,0.7472465498717241,BELOW_NORMAL,0.6431413080433496,BELOW_NORMAL
GSM4299245,hc,0.5368151738537307,BELOW_NORMAL,0.9684597896980917,BELOW_NORMAL,0.8326216167932602,BELOW_NORMAL,0.6791036485081097,BELOW_NORMAL,0.6797521031679122,BELOW_NORMAL,0.8922989966114461,BELOW_NORMAL,0.7507243825562162,BELOW_NORMAL,0.6488001712090158,BELOW_NORMAL
GSM4299246,mci,0.5892611981649041,BELOW_NORMAL,0.9623101014994424,BELOW_NORMAL,0.8519461246187299,BELOW_NORMAL,0.7192818807871814,BELOW_NORMAL,0.7201405831457602,BELOW_NORMAL,0.9144183595179256,BELOW_NORMAL,0.798589639952455,BELOW_NORMAL,0.681405328670705,BELOW_NORMAL
GSM4299247,hc,0.5496849834811919,BELOW_NORMAL,0.9694474389970148,BELOW_NORMAL,0.844248094089887,BELOW_NORMAL,0.6974659714226504,BELOW_NORMAL,0.6987352740627311,BELOW_NORMAL,0.891663973735738,BELOW_NORMAL,0.7687402953943785,BELOW_NORMAL,0.6727555513698759,BELOW_NORMAL
GSM4299248,mci,0.5229389298546518,BELOW_NORMAL,0.9593208447816362,BELOW_NORMAL,0.8352226780035132,BELOW_NORMAL,0.6898732333980692,BELOW_NORMAL,0.6926826473515812,BELOW_NORMAL,0.8658531946568188,BELOW_NORMAL,0.7585047322246681,BELOW_NORMAL,0.6625349828072892,BELOW_NORMAL
GSM4299249,mci,0.5218867475820823,BELOW_NORMAL,0.9624522946455232,BELOW_NORMAL,0.8418232744500381,BELOW_NORMAL,0.6934794002030708,BELOW_NORMAL,0.6914884961401634,BELOW_NORMAL,0.8770332586528211,BELOW_NORMAL,0.7653449379075292,BELOW_NORMAL,0.6756648998071236,BELOW_NORMAL
GSM4299250,hc,0.5439263960924707,BELOW_NORMAL,0.9566928714390605,BELOW_NORMAL,0.8296510983027117,BELOW_NORMAL,0.6813539250920906,BELOW_NORMAL,0.6841083639521788,BELOW_NORMAL,0.8903379425607656,BELOW_NORMAL,0.7601300167151822,BELOW_NORMAL,0.648478654227563,BELOW_NORMAL
GSM4299251,hc,0.5417637259538878,BELOW_NORMAL,0.972890651116758,BELOW_NORMAL,0.8322644807019115,BELOW_NORMAL,0.6825174486783685,BELOW_NORMAL,0.6802634835249073,BELOW_NORMAL,0.8905940379591886,BELOW_NORMAL,0.7544869459234419,BELOW_NORMAL,0.6514437123876623,BELOW_NORMAL
GSM4299340,mci,0.5211688389818137,BELOW_NORMAL,0.963902746064876,BELOW_NORMAL,0.8271376554358328,BELOW_NORMAL,0.6829557082465472,BELOW_NORMAL,0.6810975151157178,BELOW_NORMAL,0.8788620198318308,BELOW_NORMAL,0.7512156382028602,BELOW_NORMAL,0.6428060953471563,BELOW_NORMAL
GSM4299341,hc,0.5245490506966,BELOW_NORMAL,0.9622206599152916,BELOW_NORMAL,0.8362141305703119,BELOW_NORMAL,0.6928186270509213,BELOW_NORMAL,0.6941987770310766,BELOW_NORMAL,0.8819705346501269,BELOW_NORMAL,0.765033683955477,BELOW_NORMAL,0.6668889151609357,BELOW_NORMAL
GSM4299342,hc,0.5553101364547467,BELOW_NORMAL,0.969387696079286,BELOW_NORMAL,0.8457407587824587,BELOW_NORMAL,0.695520277492317,BELOW_NORMAL,0.6943396810259033,BELOW_NORMAL,0.9048455196533876,BELOW_NORMAL,0.77195827617631,BELOW_NORMAL,0.6640943621234463,BELOW_NORMAL
GSM4299343,mci,0.5346693709113316,BELOW_NORMAL,0.9474232436065712,BELOW_NORMAL,0.8235047503300054,BELOW_NORMAL,0.6839679210833719,BELOW_NORMAL,0.685580270958909,BELOW_NORMAL,0.8761229017364635,BELOW_NORMAL,0.7534358161304789,BELOW_NORMAL,0.6528331152858973,BELOW_NORMAL
GSM4299344,mci,0.532857792290755,BELOW_NORMAL,0.9507567397408956,BELOW_NORMAL,0.8290795171100349,BELOW_NORMAL,0.6824598219808163,BELOW_NORMAL,0.6803427278204138,BELOW_NORMAL,0.879784116412812,BELOW_NORMAL,0.7551181165204687,BELOW_NORMAL,0.6495097084728214,BELOW_NORMAL
GSM4299345,hc,0.5171288340106939,BELOW_NORMAL,0.9443487550758388,BELOW_NORMAL,0.8253858339128066,BELOW_NORMAL,0.6838667075278719,BELOW_NORMAL,0.6848260850943123,BELOW_NORMAL,0.8766318975781285,BELOW_NORMAL,0.7469185427311968,BELOW_NORMAL,0.6490834329465365,BELOW_NORMAL
GSM4299346,hc,0.4989990051373493,BELOW_NORMAL,0.957800441247086,BELOW_NORMAL,0.8175351957915536,BELOW_NORMAL,0.6703823319272341,BELOW_NORMAL,0.6699729231217376,BELOW_NORMAL,0.8609844204880912,BELOW_NORMAL,0.7400005853049242,BELOW_NORMAL,0.640401714943419,BELOW_NORMAL
GSM4299347,hc,0.5326557331429141,BELOW_NORMAL,0.974406227828396,BELOW_NORMAL,0.8452234966439224,BELOW_NORMAL,0.6946829851320445,BELOW_NORMAL,0.6984157224988979,BELOW_NORMAL,0.8912132411529963,BELOW_NORMAL,0.7706553029198788,BELOW_NORMAL,0.6654755930679207,BELOW_NORMAL
GSM4299348,hc,0.5786679998597494,BELOW_NORMAL,0.9732277493093549,BELOW_NORMAL,0.8703343970035168,BELOW_NORMAL,0.7167592497684145,BELOW_NORMAL,0.7169594651402058,BELOW_NORMAL,0.9211487573973596,BELOW_NORMAL,0.797674230474011,BELOW_NORMAL,0.6959017189333117,BELOW_NORMAL
GSM4299349,ad,0.4995679238432888,BELOW_NORMAL,0.9595219135675864,BELOW_NORMAL,0.8157234411680978,BELOW_NORMAL,0.6622561971287118,BELOW_NORMAL,0.6604364842144989,BELOW_NORMAL,0.854942228702524,BELOW_NORMAL,0.7317511658988671,BELOW_NORMAL,0.6316615200917939,BELOW_NORMAL
GSM4299350,ad,0.5563907382433191,BELOW_NORMAL,0.9757023274053496,BELOW_NORMAL,0.8507527218668416,BELOW_NORMAL,0.7067396320895125,BELOW_NORMAL,0.7044759189178929,BELOW_NORMAL,0.8947219357680568,BELOW_NORMAL,0.7794343662971218,BELOW_NORMAL,0.6762376825414191,BELOW_NORMAL
GSM4299351,hc,0.5267200530286513,BELOW_NORMAL,0.9676755794859184,BELOW_NORMAL,0.8287445458093636,BELOW_NORMAL,0.6731477407451388,BELOW_NORMAL,0.669591161025503,BELOW_NORMAL,0.8918684684227498,BELOW_NORMAL,0.7430613160608076,BELOW_NORMAL,0.6377330251178054,BELOW_NORMAL
GSM4299352,mci,0.5178911070051736,BELOW_NORMAL,0.9518228464718168,BELOW_NORMAL,0.8189553865982602,BELOW_NORMAL,0.6707939066985388,BELOW_NORMAL,0.6697707040218622,BELOW_NORMAL,0.8687733854758702,BELOW_NORMAL,0.7447056318270241,BELOW_NORMAL,0.6374085698617228,BELOW_NORMAL
GSM4299353,mci,0.5285982690633853,BELOW_NORMAL,0.9489572819235238,BELOW_NORMAL,0.814633021895619,BELOW_NORMAL,0.6723263181073552,BELOW_NORMAL,0.6703838949436323,BELOW_NORMAL,0.8762577288222095,BELOW_NORMAL,0.7399616496107121,BELOW_NORMAL,0.6351607650157701,BELOW_NORMAL
GSM4299354,ad,0.536950836129673,BELOW_NORMAL,0.9619445809010996,BELOW_NORMAL,0.8276049538968139,BELOW_NORMAL,0.6830501793178285,BELOW_NORMAL,0.684266538120526,BELOW_NORMAL,0.8736864898080476,BELOW_NORMAL,0.7606873266693848,BELOW_NORMAL,0.6561674987717718,BELOW_NORMAL
GSM4299355,mci,0.509205903148181,BELOW_NORMAL,0.9722130877997168,BELOW_NORMAL,0.8218670250945725,BELOW_NORMAL,0.6716303782387092,BELOW_NORMAL,0.6689969266853554,BELOW_NORMAL,0.8697452506878566,BELOW_NORMAL,0.7385170555907735,BELOW_NORMAL,0.6326602683223221,BELOW_NORMAL
GSM4299356,mci,0.5134352012297203,BELOW_NORMAL,0.959837732687978,BELOW_NORMAL,0.828729567387255,BELOW_NORMAL,0.6785359152962023,BELOW_NORMAL,0.6742837877083746,BELOW_NORMAL,0.8811905936667003,BELOW_NORMAL,0.7465863870952187,BELOW_NORMAL,0.6408166951152657,BELOW_NORMAL
GSM4299357,mci,0.5595267047388935,BELOW_NORMAL,0.9585738805259678,BELOW_NORMAL,0.8514740683691789,BELOW_NORMAL,0.7002074368573283,BELOW_NORMAL,0.7004219841450807,BELOW_NORMAL,0.918725738106402,BELOW_NORMAL,0.7745058765704874,BELOW_NORMAL,0.6664062321936987,BELOW_NORMAL
GSM4299358,ad,0.5408978168235686,BELOW_NORMAL,0.9587199411644636,BELOW_NORMAL,0.8352071873110463,BELOW_NORMAL,0.692380427973337,BELOW_NORMAL,0.6935552482284421,BELOW_NORMAL,0.8923139534224747,BELOW_NORMAL,0.7650437022573908,BELOW_NORMAL,0.6554524225450962,BELOW_NORMAL
GSM4299359,ad,0.5355448639093606,BELOW_NORMAL,0.9875545897454708,BELOW_NORMAL,0.8337097188582678,BELOW_NORMAL,0.6860880445925224,BELOW_NORMAL,0.6826095760939193,BELOW_NORMAL,0.8853243268858589,BELOW_NORMAL,0.7593767981251233,BELOW_NORMAL,0.6591816462319371,BELOW_NORMAL
GSM4299360,ad,0.5210278539937345,BELOW_NORMAL,0.9456031567163932,BELOW_NORMAL,0.8256897695012272,BELOW_NORMAL,0.679202564066936,BELOW_NORMAL,0.6771581925389083,BELOW_NORMAL,0.8944272533748222,BELOW_NORMAL,0.7448162463956183,BELOW_NORMAL,0.6394717288038023,BELOW_NORMAL
GSM4299361,hc,0.5929961784895947,BELOW_NORMAL,0.9626540764856854,BELOW_NORMAL,0.8564145060255227,BELOW_NORMAL,0.708038065928333,BELOW_NORMAL,0.7107670046085985,BELOW_NORMAL,0.8972488368884954,BELOW_NORMAL,0.7931226551385627,BELOW_NORMAL,0.6870278369021597,BELOW_NORMAL
GSM4299362,hc,0.5799409263005213,BELOW_NORMAL,0.9467554581036508,BELOW_NORMAL,0.8418468474121996,BELOW_NORMAL,0.7014767757300466,BELOW_NORMAL,0.7021872125813219,BELOW_NORMAL,0.8979853722749853,BELOW_NORMAL,0.7803711691608267,BELOW_NORMAL,0.6690660535875018,BELOW_NORMAL
GSM4299363,hc,0.5672559642378545,BELOW_NORMAL,0.9604743627335276,BELOW_NORMAL,0.8382684956930663,BELOW_NORMAL,0.6962237228744492,BELOW_NORMAL,0.70052143713383,BELOW_NORMAL,0.876744934833175,BELOW_NORMAL,0.7806282225699508,BELOW_NORMAL,0.6727513787824176,BELOW_NORMAL
GSM4299364,hc,0.5548203471314878,BELOW_NORMAL,0.9478911724932988,BELOW_NORMAL,0.8351000473222541,BELOW_NORMAL,0.6984237092896028,BELOW_NORMAL,0.7020029255672251,BELOW_NORMAL,0.866237670067488,BELOW_NORMAL,0.7772921832769887,BELOW_NORMAL,0.6722149467429648,BELOW_NORMAL
GSM4299365,ad,0.5524953817108863,BELOW_NORMAL,0.9509441962233206,BELOW_NORMAL,0.8378104259642832,BELOW_NORMAL,0.6960074424793968,BELOW_NORMAL,0.6961892025980913,BELOW_NORMAL,0.8762147424647427,BELOW_NORMAL,0.7770597826672487,BELOW_NORMAL,0.6733861860268179,BELOW_NORMAL
GSM4299366,ad,0.5785877964600957,BELOW_NORMAL,0.9689171647797172,BELOW_NORMAL,0.8524020338113077,BELOW_NORMAL,0.7117495604842513,BELOW_NORMAL,0.712184152169878,BELOW_NORMAL,0.8913457670340396,BELOW_NORMAL,0.797741320466427,BELOW_NORMAL,0.6886169858560228,BELOW_NORMAL
GSM4299367,mci,0.5503362308959724,BELOW_NORMAL,0.9575103336316636,BELOW_NORMAL,0.8339935190327955,BELOW_NORMAL,0.6957075557244602,BELOW_NORMAL,0.6971372677344274,BELOW_NORMAL,0.8840672723198506,BELOW_NORMAL,0.767731211644626,BELOW_NORMAL,0.6593141656448638,BELOW_NORMAL
GSM4299368,ad,0.5794181951652805,BELOW_NORMAL,0.9467155989966288,BELOW_NORMAL,0.8442871803640457,BELOW_NORMAL,0.7053724523354626,BELOW_NORMAL,0.7102248296337359,BELOW_NORMAL,0.8881679464432213,BELOW_NORMAL,0.7941796441306718,BELOW_NORMAL,0.6904868081033605,BELOW_NORMAL
GSM4299369,ad,0.5510889616436568,BELOW_NORMAL,0.9634600167323536,BELOW_NORMAL,0.8433528558636145,BELOW_NORMAL,0.7014100246752807,BELOW_NORMAL,0.7017483945085791,BELOW_NORMAL,0.897616050674859,BELOW_NORMAL,0.7775980051925093,BELOW_NORMAL,0.6696141093455076,BELOW_NORMAL
GSM4299370,mci,0.514609955683985,BELOW_NORMAL,0.969833002069172,BELOW_NORMAL,0.8298292636264676,BELOW_NORMAL,0.6824786652700751,BELOW_NORMAL,0.6828261614799511,BELOW_NORMAL,0.8790030773125898,BELOW_NORMAL,0.7495541351104342,BELOW_NORMAL,0.6514711703585431,BELOW_NORMAL
GSM4299371,ad,0.5177164682469162,BELOW_NORMAL,0.954007600073478,BELOW_NORMAL,0.8192594068630967,BELOW_NORMAL,0.6769917710128251,BELOW_NORMAL,0.6760913825151835,BELOW_NORMAL,0.8577874289870422,BELOW_NORMAL,0.7445944752685784,BELOW_NORMAL,0.6478170402906166,BELOW_NORMAL
GSM4299372,hc,0.5318427120066599,BELOW_NORMAL,0.96519889924258,BELOW_NORMAL,0.8375168476910159,BELOW_NORMAL,0.6895319065063847,BELOW_NORMAL,0.6866453560212914,BELOW_NORMAL,0.8882515719124969,BELOW_NORMAL,0.7609268585608593,BELOW_NORMAL,0.6558207483010172,BELOW_NORMAL
GSM4299373,ad,0.5168388085853768,BELOW_NORMAL,0.9712206011469776,BELOW_NORMAL,0.8421847128800652,BELOW_NORMAL,0.6909137443200891,BELOW_NORMAL,0.6896273741827297,BELOW_NORMAL,0.8881483014064561,BELOW_NORMAL,0.7622413869127936,BELOW_NORMAL,0.6610797028924749,BELOW_NORMAL
GSM4299374,mci,0.5621788706680502,BELOW_NORMAL,0.9688000967177992,BELOW_NORMAL,0.8564650817445241,BELOW_NORMAL,0.7140250034221559,BELOW_NORMAL,0.712475153455188,BELOW_NORMAL,0.9164262226138766,BELOW_NORMAL,0.7912284324237145,BELOW_NORMAL,0.6847498861766123,BELOW_NORMAL
GSM4299375,hc,0.5242992887251651,BELOW_NORMAL,0.9641388978713052,BELOW_NORMAL,0.8267140757699271,BELOW_NORMAL,0.6804293670416531,BELOW_NORMAL,0.6806291802547922,BELOW_NORMAL,0.8858091057539381,BELOW_NORMAL,0.7521188583192843,BELOW_NORMAL,0.6448357129253102,BELOW_NORMAL
GSM4299376,mci,0.5712120472516445,BELOW_NORMAL,0.973402814802899,BELOW_NORMAL,0.8476819847907545,BELOW_NORMAL,0.711748907102329,BELOW_NORMAL,0.7151293102975121,BELOW_NORMAL,0.9090950604001504,BELOW_NORMAL,0.7875256424329262,BELOW_NORMAL,0.676597863146428,BELOW_NORMAL
GSM4299377,mci,0.5567714825409007,BELOW_NORMAL,0.9595167755734456,BELOW_NORMAL,0.847223619345692,BELOW_NORMAL,0.709996406024393,BELOW_NORMAL,0.7104161779407155,BELOW_NORMAL,0.9069445019169228,BELOW_NORMAL,0.7826175885095399,BELOW_NORMAL,0.6713793950369042,BELOW_NORMAL
GSM4299378,hc,0.5651667066287985,BELOW_NORMAL,0.9813693377180436,BELOW_NORMAL,0.8587880779536343,BELOW_NORMAL,0.7163512058951048,BELOW_NORMAL,0.7186699524580503,BELOW_NORMAL,0.911410486928568,BELOW_NORMAL,0.7966479561937141,BELOW_NORMAL,0.6875615192675487,BELOW_NORMAL
GSM4299379,ad,0.5412925089190166,BELOW_NORMAL,0.9692341101941108,BELOW_NORMAL,0.8414704676955602,BELOW_NORMAL,0.6958850152921914,BELOW_NORMAL,0.6976867432158183,BELOW_NORMAL,0.8958317208848111,BELOW_NORMAL,0.7693097173700132,BELOW_NORMAL,0.656370539689024,BELOW_NORMAL
GSM4299380,ad,0.573628636146205,BELOW_NORMAL,0.9655791074773116,BELOW_NORMAL,0.839092059348721,BELOW_NORMAL,0.6998008196197444,BELOW_NORMAL,0.6988603082773693,BELOW_NORMAL,0.9023442119922144,BELOW_NORMAL,0.7725073406663816,BELOW_NORMAL,0.6571567026841841,BELOW_NORMAL
GSM4299381,hc,0.5081245917150211,BELOW_NORMAL,0.9493447209040752,BELOW_NORMAL,0.8109417465349328,BELOW_NORMAL,0.6667917222315578,BELOW_NORMAL,0.6631249104138434,BELOW_NORMAL,0.8536820008468242,BELOW_NORMAL,0.7282980557636561,BELOW_NORMAL,0.6311184475878912,BELOW_NORMAL
GSM4299382,ad,0.5622174260271106,BELOW_NORMAL,0.9713408365337564,BELOW_NORMAL,0.8480253754026934,BELOW_NORMAL,0.7099103241444484,BELOW_NORMAL,0.7121208292574036,BELOW_NORMAL,0.9134627597327412,BELOW_NORMAL,0.7850172875732023,BELOW_NORMAL,0.6714515100972213,BELOW_NORMAL
GSM4299383,ad,0.5409586252511209,BELOW_NORMAL,0.9496215464837544,BELOW_NORMAL,0.830544088020368,BELOW_NORMAL,0.6826091728430534,BELOW_NORMAL,0.6804570830645901,BELOW_NORMAL,0.8689977567839854,BELOW_NORMAL,0.7554939167375687,BELOW_NORMAL,0.646536688135183,BELOW_NORMAL
GSM4299384,hc,0.5063502390391661,BELOW_NORMAL,0.9647504000456238,BELOW_NORMAL,0.8183292525167792,BELOW_NORMAL,0.6679821166687278,BELOW_NORMAL,0.6688451206780858,BELOW_NORMAL,0.8765024357711578,BELOW_NORMAL,0.7358024121867973,BELOW_NORMAL,0.6353828659061795,BELOW_NORMAL
GSM4299385,hc,0.5246558553830724,BELOW_NORMAL,0.955375606817228,BELOW_NORMAL,0.8273903687115077,BELOW_NORMAL,0.681205480826575,BELOW_NORMAL,0.6771391663016249,BELOW_NORMAL,0.8833175212183388,BELOW_NORMAL,0.7498482478577799,BELOW_NORMAL,0.6468146533825032,BELOW_NORMAL
GSM4299386,mci,0.5381623386380642,BELOW_NORMAL,0.968049827525212,BELOW_NORMAL,0.8293497990645899,BELOW_NORMAL,0.6824013582519973,BELOW_NORMAL,0.6822473070992859,BELOW_NORMAL,0.8708203029886209,BELOW_NORMAL,0.7578518489645428,BELOW_NORMAL,0.65042530672791,BELOW_NORMAL
GSM4299387,hc,0.5790843492759048,BELOW_NORMAL,0.9544637650269908,BELOW_NORMAL,0.8521282311102814,BELOW_NORMAL,0.7146056611677588,BELOW_NORMAL,0.7112762082138184,BELOW_NORMAL,0.907352337246293,BELOW_NORMAL,0.7909756947556685,BELOW_NORMAL,0.6774758190299613,BELOW_NORMAL
GSM4299388,ad,0.5616630828243523,BELOW_NORMAL,0.941681719342078,BELOW_NORMAL,0.8428029925895516,BELOW_NORMAL,0.7140801124056011,BELOW_NORMAL,0.7122040115783099,BELOW_NORMAL,0.9066864189916212,BELOW_NORMAL,0.7846222108597207,BELOW_NORMAL,0.676131276230742,BELOW_NORMAL
GSM4299389,mci,0.5440383549057779,BELOW_NORMAL,0.9649842799363924,BELOW_NORMAL,0.8396032578143043,BELOW_NORMAL,0.7033721906824362,BELOW_NORMAL,0.701922471724524,BELOW_NORMAL,0.8830988098981865,BELOW_NORMAL,0.773891244649038,BELOW_NORMAL,0.6704086567236716,BELOW_NORMAL
GSM4299390,ad,0.5757102377857416,BELOW_NORMAL,0.964360874340696,BELOW_NORMAL,0.8526730234445796,BELOW_NORMAL,0.7149210613076223,BELOW_NORMAL,0.71211429595496,BELOW_NORMAL,0.8924701637092114,BELOW_NORMAL,0.7962007544977457,BELOW_NORMAL,0.688436988862066,BELOW_NORMAL
GSM4299391,ad,0.5267756182857405,BELOW_NORMAL,0.956402478700062,BELOW_NORMAL,0.8282092622526879,BELOW_NORMAL,0.6798119278698833,BELOW_NORMAL,0.6783880435697597,BELOW_NORMAL,0.8549179216475653,BELOW_NORMAL,0.7466090462541374,BELOW_NORMAL,0.6500018247909478,BELOW_NORMAL
GSM4299392,ad,0.5123262261390966,BELOW_NORMAL,0.957619157669391,BELOW_NORMAL,0.8118591413884985,BELOW_NORMAL,0.6699306120314411,BELOW_NORMAL,0.6654676953437334,BELOW_NORMAL,0.8517726147923261,BELOW_NORMAL,0.7394151280182929,BELOW_NORMAL,0.6367511590553199,BELOW_NORMAL
GSM4299393,ad,0.527034836734275,BELOW_NORMAL,0.9599863170201554,BELOW_NORMAL,0.8364832773108618,BELOW_NORMAL,0.6835729339287243,BELOW_NORMAL,0.6818311332413163,BELOW_NORMAL,0.8824134753954365,BELOW_NORMAL,0.7534830998537879,BELOW_NORMAL,0.6525919126446496,BELOW_NORMAL
GSM4299394,hc,0.561895044102767,BELOW_NORMAL,0.9704465567263444,BELOW_NORMAL,0.8519824753284191,BELOW_NORMAL,0.713879972168064,BELOW_NORMAL,0.7118428028695459,BELOW_NORMAL,0.903829202968986,BELOW_NORMAL,0.7875142032581426,BELOW_NORMAL,0.6769754705354091,BELOW_NORMAL
GSM4299395,hc,0.5007480271627857,BELOW_NORMAL,0.9604748069300414,BELOW_NORMAL,0.8205720795993484,BELOW_NORMAL,0.669578035116198,BELOW_NORMAL,0.6704069710556518,BELOW_NORMAL,0.8749788716221449,BELOW_NORMAL,0.7375974601289065,BELOW_NORMAL,0.6396104712742113,BELOW_NORMAL
GSM4299396,mci,0.5146639911944301,BELOW_NORMAL,0.9664662864623046,BELOW_NORMAL,0.8379940436584804,BELOW_NORMAL,0.6808392849638467,BELOW_NORMAL,0.6799239716962803,BELOW_NORMAL,0.8750605779910796,BELOW_NORMAL,0.7500951432025099,BELOW_NORMAL,0.6535120481373399,BELOW_NORMAL
GSM4299397,hc,0.5172113113574847,BELOW_NORMAL,0.9629145350436,BELOW_NORMAL,0.8318574623631607,BELOW_NORMAL,0.6802334780937744,BELOW_NORMAL,0.680302967472976,BELOW_NORMAL,0.8825072725638383,BELOW_NORMAL,0.7476392388654919,BELOW_NORMAL,0.6448059855034357,BELOW_NORMAL
GSM4299398,mci,0.5076500140662237,BELOW_NORMAL,0.9663343076803624,BELOW_NORMAL,0.8191951731190736,BELOW_NORMAL,0.6699979629329174,BELOW_NORMAL,0.6687129962574587,BELOW_NORMAL,0.8624504846912704,BELOW_NORMAL,0.7369239403684574,BELOW_NORMAL,0.6340439734910779,BELOW_NORMAL
GSM4299399,mci,0.5667540358496226,BELOW_NORMAL,0.963274581733348,BELOW_NORMAL,0.8543272559960977,BELOW_NORMAL,0.7075635240182389,BELOW_NORMAL,0.7055152705403361,BELOW_NORMAL,0.9095527857640489,BELOW_NORMAL,0.7846699148396266,BELOW_NORMAL,0.6774207586977122,BELOW_NORMAL
GSM4299400,ad,0.5364417421766989,BELOW_NORMAL,0.987063308118385,BELOW_NORMAL,0.838282430610611,BELOW_NORMAL,0.689582591113915,BELOW_NORMAL,0.6880258522379009,BELOW_NORMAL,0.8848980897798127,BELOW_NORMAL,0.7624674465782143,BELOW_NORMAL,0.6532771039040538,BELOW_NORMAL
GSM4299401,hc,0.5090653314696375,BELOW_NORMAL,0.9578943995450458,BELOW_NORMAL,0.8204005410398456,BELOW_NORMAL,0.6701812518414301,BELOW_NORMAL,0.6683003623099332,BELOW_NORMAL,0.8566081586806483,BELOW_NORMAL,0.7420732739413227,BELOW_NORMAL,0.6401117218067711,BELOW_NORMAL
GSM4299402,mci,0.5668453160251952,BELOW_NORMAL,0.9627434342475494,BELOW_NORMAL,0.8499355929653943,BELOW_NORMAL,0.7050879877317621,BELOW_NORMAL,0.7036860151074542,BELOW_NORMAL,0.9206310460770282,BELOW_NORMAL,0.7758628685947891,BELOW_NORMAL,0.6710756612897699,BELOW_NORMAL
GSM4299403,ad,0.520791184831736,BELOW_NORMAL,0.941556066739308,BELOW_NORMAL,0.8130563757867867,BELOW_NORMAL,0.6698471886637205,BELOW_NORMAL,0.6678670884528325,BELOW_NORMAL,0.8511383078668209,BELOW_NORMAL,0.7437022871729967,BELOW_NORMAL,0.6446402186546933,BELOW_NORMAL
GSM4299404,mci,0.5088006318745643,BELOW_NORMAL,0.9475377320717396,BELOW_NORMAL,0.8063434130569013,BELOW_NORMAL,0.6619275902835084,BELOW_NORMAL,0.6627969774466824,BELOW_NORMAL,0.8214013109527648,BELOW_NORMAL,0.733912706673807,BELOW_NORMAL,0.6375107235860484,BELOW_NORMAL
GSM4299405,mci,0.5391449205786107,BELOW_NORMAL,0.941182425484856,BELOW_NORMAL,0.8271201032182938,BELOW_NORMAL,0.6957173174416615,BELOW_NORMAL,0.7001294791912286,BELOW_NORMAL,0.8906681288037753,BELOW_NORMAL,0.7690921806861116,BELOW_NORMAL,0.6562813679095301,BELOW_NORMAL
GSM4299406,mci,0.5108929702908528,BELOW_NORMAL,0.9504722538742768,BELOW_NORMAL,0.8263535205179565,BELOW_NORMAL,0.6793788618319189,BELOW_NORMAL,0.6810649233740044,BELOW_NORMAL,0.861777178870072,BELOW_NORMAL,0.7535237379589461,BELOW_NORMAL,0.6509917878604228,BELOW_NORMAL
GSM4299407,mci,0.5497435605577736,BELOW_NORMAL,0.951191412660324,BELOW_NORMAL,0.8375179414373641,BELOW_NORMAL,0.6915658554000182,BELOW_NORMAL,0.6933535486676032,BELOW_NORMAL,0.9084869394898332,BELOW_NORMAL,0.7695471869136935,BELOW_NORMAL,0.6595038302715437,BELOW_NORMAL
GSM4299408,ad,0.5368279575357117,BELOW_NORMAL,0.9644635820405948,BELOW_NORMAL,0.8399663141597588,BELOW_NORMAL,0.6885291867847468,BELOW_NORMAL,0.6902266211295329,BELOW_NORMAL,0.8964126203850378,BELOW_NORMAL,0.7652077900477308,BELOW_NORMAL,0.659333317012138,BELOW_NORMAL
GSM4299409,mci,0.5235993237990724,BELOW_NORMAL,0.968942905742206,BELOW_NORMAL,0.8361534955491758,BELOW_NORMAL,0.6904906543188439,BELOW_NORMAL,0.6910253044079405,BELOW_NORMAL,0.879883335456655,BELOW_NORMAL,0.7669108231031927,BELOW_NORMAL,0.6623175053975331,BELOW_NORMAL
GSM4299410,ad,0.5189123905096985,BELOW_NORMAL,0.9560263529185417,BELOW_NORMAL,0.8352131687989542,BELOW_NORMAL,0.6880884287405429,BELOW_NORMAL,0.687105713284812,BELOW_NORMAL,0.8866104756372214,BELOW_NORMAL,0.7595115188563709,BELOW_NORMAL,0.65444953918787,BELOW_NORMAL
GSM4299411,ad,0.5240736178059952,BELOW_NORMAL,0.9909799406648302,BELOW_NORMAL,0.8421553138839816,BELOW_NORMAL,0.6868575189884981,BELOW_NORMAL,0.684546586263505,BELOW_NORMAL,0.8898164729417336,BELOW_NORMAL,0.7594730420309077,BELOW_NORMAL,0.6572150924598422,BELOW_NORMAL
GSM4299412,mci,0.5351247909190379,BELOW_NORMAL,0.9529925716615812,BELOW_NORMAL,0.8414709627000646,BELOW_NORMAL,0.7009964150309643,BELOW_NORMAL,0.7006342544548885,BELOW_NORMAL,0.8863567389960068,BELOW_NORMAL,0.7782152924571367,BELOW_NORMAL,0.6699262651140606,BELOW_NORMAL
GSM4299413,mci,0.5295944705031517,BELOW_NORMAL,0.9553303900609544,BELOW_NORMAL,0.8338966205643477,BELOW_NORMAL,0.6891332175748984,BELOW_NORMAL,0.6924408685261239,BELOW_NORMAL,0.8672236253999425,BELOW_NORMAL,0.7665786048495062,BELOW_NORMAL,0.6657956217533867,BELOW_NORMAL
GSM4299414,hc,0.5389074058935333,BELOW_NORMAL,0.9551641727652518,BELOW_NORMAL,0.8499402548316732,BELOW_NORMAL,0.7024607436619896,BELOW_NORMAL,0.7046325310725071,BELOW_NORMAL,0.918267169539602,BELOW_NORMAL,0.7785432970077318,BELOW_NORMAL,0.6766677598647156,BELOW_NORMAL
GSM4299415,mci,0.512964961230748,BELOW_NORMAL,0.9600490652725168,BELOW_NORMAL,0.8275054542169752,BELOW_NORMAL,0.6820497837166796,BELOW_NORMAL,0.6806032789746269,BELOW_NORMAL,0.8749467532089772,BELOW_NORMAL,0.7540079263250432,BELOW_NORMAL,0.6514616452958996,BELOW_NORMAL
GSM4299416,mci,0.498225956016631,BELOW_NORMAL,0.9585009001894684,BELOW_NORMAL,0.8138905924149862,BELOW_NORMAL,0.6649975369529005,BELOW_NORMAL,0.6641178787408207,BELOW_NORMAL,0.8535038940093195,BELOW_NORMAL,0.7310600162087038,BELOW_NORMAL,0.6353073031140322,BELOW_NORMAL
GSM4299417,ad,0.5153517300838466,BELOW_NORMAL,0.9568289330878864,BELOW_NORMAL,0.82538382848401,BELOW_NORMAL,0.6913540598707295,BELOW_NORMAL,0.6926132659593209,BELOW_NORMAL,0.8777807227117403,BELOW_NORMAL,0.7567080651876333,BELOW_NORMAL,0.6572937348400721,BELOW_NORMAL
GSM4299418,hc,0.5134312304127938,BELOW_NORMAL,0.9641114466299018,BELOW_NORMAL,0.8223953430119455,BELOW_NORMAL,0.6691904646015971,BELOW_NORMAL,0.6664932743119828,BELOW_NORMAL,0.8889012102440694,BELOW_NORMAL,0.7397938568638337,BELOW_NORMAL,0.6331250534920344,BELOW_NORMAL
GSM4299419,hc,0.5459506890620721,BELOW_NORMAL,0.9615286057458816,BELOW_NORMAL,0.8405357574118535,BELOW_NORMAL,0.7042236871655243,BELOW_NORMAL,0.7032197305538043,BELOW_NORMAL,0.9079882367416264,BELOW_NORMAL,0.7760860011677201,BELOW_NORMAL,0.6694390346782534,BELOW_NORMAL
GSM4299420,mci,0.5357383716415337,BELOW_NORMAL,0.9520867418009902,BELOW_NORMAL,0.8334601243024318,BELOW_NORMAL,0.6879597007103913,BELOW_NORMAL,0.6861854699612577,BELOW_NORMAL,0.8834500331972137,BELOW_NORMAL,0.7586556924670889,BELOW_NORMAL,0.6572881692413343,BELOW_NORMAL
GSM4299421,hc,0.5305770797766941,BELOW_NORMAL,0.9712247342222696,BELOW_NORMAL,0.8337035032781842,BELOW_NORMAL,0.6893180134924942,BELOW_NORMAL,0.6872180068208819,BELOW_NORMAL,0.8959777641517238,BELOW_NORMAL,0.7614793741542889,BELOW_NORMAL,0.6565856379766332,BELOW_NORMAL
GSM4299422,mci,0.5416856692814978,BELOW_NORMAL,0.9660229257427326,BELOW_NORMAL,0.841471212544989,BELOW_NORMAL,0.6978985947980945,BELOW_NORMAL,0.699658900969375,BELOW_NORMAL,0.9015129304695896,BELOW_NORMAL,0.7696418436161709,BELOW_NORMAL,0.6653620148099101,BELOW_NORMAL
GSM4299423,hc,0.5218707405581872,BELOW_NORMAL,0.9502043841445372,BELOW_NORMAL,0.8186195974814586,BELOW_NORMAL,0.6795587238449867,BELOW_NORMAL,0.6765135160007768,BELOW_NORMAL,0.8544945072143977,BELOW_NORMAL,0.7535428376630054,BELOW_NORMAL,0.648795406375338,BELOW_NORMAL
GSM4299424,hc,0.5498102388567098,BELOW_NORMAL,0.9595723945272836,BELOW_NORMAL,0.8593639387428397,BELOW_NORMAL,0.7205886464953598,BELOW_NORMAL,0.7239152601587892,BELOW_NORMAL,0.899971527484539,BELOW_NORMAL,0.8035650418145245,BELOW_NORMAL,0.6958882612483106,BELOW_NORMAL
GSM4299425,mci,0.5160498507271478,BELOW_NORMAL,0.943811190384208,BELOW_NORMAL,0.813593467842796,BELOW_NORMAL,0.6763049826054406,BELOW_NORMAL,0.6763797096892614,BELOW_NORMAL,0.8356041974081349,BELOW_NORMAL,0.7507270366674961,BELOW_NORMAL,0.6493213597967237,BELOW_NORMAL
GSM4299426,hc,0.4806540397739454,BELOW_NORMAL,0.9659636402639792,BELOW_NORMAL,0.8120111686759194,BELOW_NORMAL,0.6505081850972695,BELOW_NORMAL,0.6489067449731711,BELOW_NORMAL,0.8482326675341283,BELOW_NORMAL,0.714946786079691,BELOW_NORMAL,0.6201439882381813,BELOW_NORMAL
GSM4299427,hc,0.5153176925499565,BELOW_NORMAL,0.9563566028781576,BELOW_NORMAL,0.8283517464803646,BELOW_NORMAL,0.6638372270902776,BELOW_NORMAL,0.6628243963378753,BELOW_NORMAL,0.8821070631543763,BELOW_NORMAL,0.7310306438772212,BELOW_NORMAL,0.6345902114340456,BELOW_NORMAL
GSM4299428,mci,0.5470567126183871,BELOW_NORMAL,0.9743450188308548,BELOW_NORMAL,0.857229351878862,BELOW_NORMAL,0.7007930350904292,BELOW_NORMAL,0.7021935006285616,BELOW_NORMAL,0.8953936575582998,BELOW_NORMAL,0.7726638523353334,BELOW_NORMAL,0.6745888868758954,BELOW_NORMAL
GSM4299429,hc,0.5552171617455932,BELOW_NORMAL,0.9571862383535494,BELOW_NORMAL,0.8394170494323684,BELOW_NORMAL,0.6966579144048133,BELOW_NORMAL,0.6953222084669565,BELOW_NORMAL,0.8938442880361369,BELOW_NORMAL,0.7730044772075998,BELOW_NORMAL,0.6652324199671502,BELOW_NORMAL
GSM4299430,mci,0.5428989506672665,BELOW_NORMAL,0.9668735198752212,BELOW_NORMAL,0.8441450398075897,BELOW_NORMAL,0.7005576823971816,BELOW_NORMAL,0.6997483170410431,BELOW_NORMAL,0.8996719151606212,BELOW_NORMAL,0.7697026681840966,BELOW_NORMAL,0.6597102270026327,BELOW_NORMAL
GSM4299431,ad,0.5522379530786182,BELOW_NORMAL,0.9731074638431008,BELOW_NORMAL,0.8377020302807932,BELOW_NORMAL,0.6959239172184902,BELOW_NORMAL,0.6962807974498426,BELOW_NORMAL,0.8953064204884021,BELOW_NORMAL,0.7677942717592199,BELOW_NORMAL,0.6624984177898351,BELOW_NORMAL
GSM4299432,ad,0.5378906762918055,BELOW_NORMAL,0.9533338182939104,BELOW_NORMAL,0.8174016570437324,BELOW_NORMAL,0.6740813273584387,BELOW_NORMAL,0.6720631648825816,BELOW_NORMAL,0.8470681868047361,BELOW_NORMAL,0.7502363483619785,BELOW_NORMAL,0.6439985383171327,BELOW_NORMAL
GSM4299433,ad,0.5400021440207642,BELOW_NORMAL,0.953706424137716,BELOW_NORMAL,0.8436917700763401,BELOW_NORMAL,0.6928539174358701,BELOW_NORMAL,0.691401520438901,BELOW_NORMAL,0.9068891575803733,BELOW_NORMAL,0.7634610264520668,BELOW_NORMAL,0.6615728176474805,BELOW_NORMAL
GSM4299434,hc,0.5557815751714851,BELOW_NORMAL,0.9776621025781532,BELOW_NORMAL,0.850215865498423,BELOW_NORMAL,0.7000200303154162,BELOW_NORMAL,0.697764600279793,BELOW_NORMAL,0.9084193342274144,BELOW_NORMAL,0.7746993518581033,BELOW_NORMAL,0.6701119072804063,BELOW_NORMAL
GSM4299435,mci,0.5321489272778609,BELOW_NORMAL,0.9539865586965232,BELOW_NORMAL,0.8298480732443522,BELOW_NORMAL,0.6848720689098693,BELOW_NORMAL,0.6832292510164878,BELOW_NORMAL,0.8846754204207682,BELOW_NORMAL,0.7541589323181237,BELOW_NORMAL,0.6575039492496614,BELOW_NORMAL
GSM4299436,ad,0.5556013755565505,BELOW_NORMAL,0.9792601473359202,BELOW_NORMAL,0.8433178825411024,BELOW_NORMAL,0.6897221687806304,BELOW_NORMAL,0.6899455954708731,BELOW_NORMAL,0.8731288448913362,BELOW_NORMAL,0.7727388548069363,BELOW_NORMAL,0.6674838997518788,BELOW_NORMAL
GSM4299437,hc,0.5435271556462639,BELOW_NORMAL,0.9727686278775246,BELOW_NORMAL,0.8428884925220117,BELOW_NORMAL,0.6907776971349731,BELOW_NORMAL,0.6900376671873247,BELOW_NORMAL,0.8952283934328533,BELOW_NORMAL,0.76618300264662,BELOW_NORMAL,0.6664093274628752,BELOW_NORMAL
GSM4299438,ad,0.5755226320645805,BELOW_NORMAL,0.9664908295718984,BELOW_NORMAL,0.8538555074881512,BELOW_NORMAL,0.7092918625430553,BELOW_NORMAL,0.7070347408195522,BELOW_NORMAL,0.9054161385435564,BELOW_NORMAL,0.7858104698401538,BELOW_NORMAL,0.6823718703527001,BELOW_NORMAL
GSM4299439,mci,0.5433080774529059,BELOW_NORMAL,0.9670827259101688,BELOW_NORMAL,0.8408224553556738,BELOW_NORMAL,0.6903786216596626,BELOW_NORMAL,0.6872917793624803,BELOW_NORMAL,0.8933771277580285,BELOW_NORMAL,0.7658406554742219,BELOW_NORMAL,0.6630274933908464,BELOW_NORMAL
GSM4299452,mci,0.5347576528699792,BELOW_NORMAL,0.9620384052015764,BELOW_NORMAL,0.8387417206753789,BELOW_NORMAL,0.6939334678260318,BELOW_NORMAL,0.6924563581911983,BELOW_NORMAL,0.8713199895488963,BELOW_NORMAL,0.763958775160226,BELOW_NORMAL,0.6629309073264243,BELOW_NORMAL
GSM4299453,ad,0.5549589115004872,BELOW_NORMAL,0.9603015438192,BELOW_NORMAL,0.8302103365056532,BELOW_NORMAL,0.6947022230450643,BELOW_NORMAL,0.6914314315338612,BELOW_NORMAL,0.9023274989373644,BELOW_NORMAL,0.7627044914589032,BELOW_NORMAL,0.6547860615820935,BELOW_NORMAL
GSM4299454,hc,0.53037103226866,BELOW_NORMAL,0.9724262314616684,BELOW_NORMAL,0.8361872407652732,BELOW_NORMAL,0.6957564913629579,BELOW_NORMAL,0.6940731822490839,BELOW_NORMAL,0.8926744978150354,BELOW_NORMAL,0.7595995532955,BELOW_NORMAL,0.6530023808426643,BELOW_NORMAL
GSM4299455,ad,0.5322467081940103,BELOW_NORMAL,0.9548477484513612,BELOW_NORMAL,0.8214238054488763,BELOW_NORMAL,0.6835373162407754,BELOW_NORMAL,0.6799139431186333,BELOW_NORMAL,0.8522813732087835,BELOW_NORMAL,0.7590812475076811,BELOW_NORMAL,0.6552241299938091,BELOW_NORMAL
GSM4299456,ad,0.5515019275188989,BELOW_NORMAL,0.957275398274908,BELOW_NORMAL,0.8302014619807282,BELOW_NORMAL,0.6939713578125858,BELOW_NORMAL,0.6923378374487369,BELOW_NORMAL,0.8584147442031359,BELOW_NORMAL,0.7687973231951818,BELOW_NORMAL,0.6647135364092798,BELOW_NORMAL
GSM4299457,ad,0.5593572622498831,BELOW_NORMAL,0.9887719476330546,BELOW_NORMAL,0.8579903959980297,BELOW_NORMAL,0.7133247863833068,BELOW_NORMAL,0.7142630888831343,BELOW_NORMAL,0.9142720189149176,BELOW_NORMAL,0.7877791731686855,BELOW_NORMAL,0.6847837593395686,BELOW_NORMAL
GSM4299458,hc,0.5765747406772685,BELOW_NORMAL,0.9782198578373752,BELOW_NORMAL,0.8525077437947635,BELOW_NORMAL,0.7141947620167313,BELOW_NORMAL,0.7132844941026223,BELOW_NORMAL,0.9112952258650764,BELOW_NORMAL,0.7878770203950205,BELOW_NORMAL,0.6801100721856544,BELOW_NORMAL
GSM4299459,hc,0.5367435049446614,BELOW_NORMAL,0.94995077005487,BELOW_NORMAL,0.8336250660220383,BELOW_NORMAL,0.6950321968621176,BELOW_NORMAL,0.6934945120840996,BELOW_NORMAL,0.8840939465638511,BELOW_NORMAL,0.7642356224892087,BELOW_NORMAL,0.6622256656432092,BELOW_NORMAL
GSM4299460,mci,0.5230810237135746,BELOW_NORMAL,0.9500634983394616,BELOW_NORMAL,0.8216799802551695,BELOW_NORMAL,0.6846711284445888,BELOW_NORMAL,0.6833398419296706,BELOW_NORMAL,0.8528674519423932,BELOW_NORMAL,0.7611684747180537,BELOW_NORMAL,0.6592394210293625,BELOW_NORMAL
GSM4299461,mci,0.5605237433940952,BELOW_NORMAL,0.9711253108700642,BELOW_NORMAL,0.8446516620194928,BELOW_NORMAL,0.700666591416896,BELOW_NORMAL,0.7022978437274882,BELOW_NORMAL,0.9040100493701622,BELOW_NORMAL,0.7757126444407872,BELOW_NORMAL,0.6701957878812637,BELOW_NORMAL
GSM4299462,mci,0.5681361380338743,BELOW_NORMAL,0.9574491124534328,BELOW_NORMAL,0.843044610916585,BELOW_NORMAL,0.7100350117490969,BELOW_NORMAL,0.7096323440586223,BELOW_NORMAL,0.9035461974878628,BELOW_NORMAL,0.784161881648348,BELOW_NORMAL,0.6748641704920345,BELOW_NORMAL
GSM4299463,hc,0.563146722986279,BELOW_NORMAL,0.9531709835262738,BELOW_NORMAL,0.8446437728339086,BELOW_NORMAL,0.7091658094189832,BELOW_NORMAL,0.7098806552016989,BELOW_NORMAL,0.9092779979534322,BELOW_NORMAL,0.7866479196001759,BELOW_NORMAL,0.6737389391306002,BELOW_NORMAL
GSM4299464,mci,0.5452430515040158,BELOW_NORMAL,0.9655901764107762,BELOW_NORMAL,0.8368323163050938,BELOW_NORMAL,0.6980892416378339,BELOW_NORMAL,0.6992111634428697,BELOW_NORMAL,0.8702650125523625,BELOW_NORMAL,0.775152573753069,BELOW_NORMAL,0.6719843139035383,BELOW_NORMAL
GSM4299465,hc,0.5098610419728998,BELOW_NORMAL,0.9595818243734632,BELOW_NORMAL,0.8313534050549168,BELOW_NORMAL,0.677489867421593,BELOW_NORMAL,0.675875377782301,BELOW_NORMAL,0.8695077129849292,BELOW_NORMAL,0.7463222092795688,BELOW_NORMAL,0.6532377841086539,BELOW_NORMAL
GSM4299466,hc,0.5004015361019215,BELOW_NORMAL,0.95339348978496,BELOW_NORMAL,0.8279839689426608,BELOW_NORMAL,0.6756333206579248,BELOW_NORMAL,0.6761577256258896,BELOW_NORMAL,0.8713437536971326,BELOW_NORMAL,0.7464889982226214,BELOW_NORMAL,0.6436492564978112,BELOW_NORMAL
GSM4299467,mci,0.5088032916355915,BELOW_NORMAL,0.9679178058050056,BELOW_NORMAL,0.8245727155149606,BELOW_NORMAL,0.6792038402403631,BELOW_NORMAL,0.6777855425156548,BELOW_NORMAL,0.8595630894493423,BELOW_NORMAL,0.7463620087642353,BELOW_NORMAL,0.6410927894749745,BELOW_NORMAL
GSM4299468,hc,0.503247366970925,BELOW_NORMAL,0.9607655792506778,BELOW_NORMAL,0.8253084132211906,BELOW_NORMAL,0.6817634660789443,BELOW_NORMAL,0.6824971051528168,BELOW_NORMAL,0.8771883578413949,BELOW_NORMAL,0.7515275580627716,BELOW_NORMAL,0.6472274415164695,BELOW_NORMAL
GSM4299469,hc,0.5376395726398666,BELOW_NORMAL,0.9572885412043411,BELOW_NORMAL,0.8347539129910169,BELOW_NORMAL,0.6817952962425291,BELOW_NORMAL,0.682966313686183,BELOW_NORMAL,0.8693309138780143,BELOW_NORMAL,0.7573567151328832,BELOW_NORMAL,0.6551761856688529,BELOW_NORMAL
GSM4299470,ad,0.4944670748406906,BELOW_NORMAL,0.9718714634537048,BELOW_NORMAL,0.812884841246164,BELOW_NORMAL,0.6664816307048478,BELOW_NORMAL,0.6652644551243391,BELOW_NORMAL,0.8638574843615681,BELOW_NORMAL,0.7289326115529845,BELOW_NORMAL,0.6272498103955682,BELOW_NORMAL
GSM4299471,mci,0.5385300144684491,BELOW_NORMAL,0.9651301159237008,BELOW_NORMAL,0.8352017161116199,BELOW_NORMAL,0.682061186062321,BELOW_NORMAL,0.683385786197905,BELOW_NORMAL,0.8768576770586234,BELOW_NORMAL,0.7578552064523875,BELOW_NORMAL,0.6519281723300656,BELOW_NORMAL
GSM4299472,ad,0.5525685340335967,BELOW_NORMAL,0.9637258627031744,BELOW_NORMAL,0.8342523604266143,BELOW_NORMAL,0.6926767513796637,BELOW_NORMAL,0.6910917088801788,BELOW_NORMAL,0.8870830467300755,BELOW_NORMAL,0.7626525987309087,BELOW_NORMAL,0.6570863762529595,BELOW_NORMAL
GSM4299473,ad,0.5241712917041472,BELOW_NORMAL,0.970121475159882,BELOW_NORMAL,0.8332550793761222,BELOW_NORMAL,0.6853271026910631,BELOW_NORMAL,0.6836359812600725,BELOW_NORMAL,0.8843109658765417,BELOW_NORMAL,0.7523998948855041,BELOW_NORMAL,0.651037354813604,BELOW_NORMAL
GSM4299474,mci,0.5477704427332309,BELOW_NORMAL,0.9662867845684696,BELOW_NORMAL,0.8460514903868624,BELOW_NORMAL,0.692634325175871,BELOW_NORMAL,0.6888512781621339,BELOW_NORMAL,0.9030460607690148,BELOW_NORMAL,0.7696440382084092,BELOW_NORMAL,0.6625450042058512,BELOW_NORMAL
GSM4299475,mci,0.5533841328961014,BELOW_NORMAL,0.9655824901270924,BELOW_NORMAL,0.8447058065079266,BELOW_NORMAL,0.7002774111705976,BELOW_NORMAL,0.6975402611332608,BELOW_NORMAL,0.887739999064613,BELOW_NORMAL,0.7767828556941146,BELOW_NORMAL,0.6760443562104516,BELOW_NORMAL
GSM4299476,ad,0.5277497661242864,BELOW_NORMAL,0.9649672524531332,BELOW_NORMAL,0.8405640118065764,BELOW_NORMAL,0.6904921812618824,BELOW_NORMAL,0.6889303756420047,BELOW_NORMAL,0.8899589685471604,BELOW_NORMAL,0.7622506026646746,BELOW_NORMAL,0.660890124791313,BELOW_NORMAL
GSM4299477,ad,0.5377646118940194,BELOW_NORMAL,0.9536450387884164,BELOW_NORMAL,0.8294644410685412,BELOW_NORMAL,0.6849739666295889,BELOW_NORMAL,0.6831669213073575,BELOW_NORMAL,0.8697185714966972,BELOW_NORMAL,0.7593202291861644,BELOW_NORMAL,0.6521851870477675,BELOW_NORMAL
GSM4299478,hc,0.5276045605307292,BELOW_NORMAL,0.967093993535848,BELOW_NORMAL,0.8387712910137113,BELOW_NORMAL,0.6919440612280672,BELOW_NORMAL,0.69059544771395,BELOW_NORMAL,0.8872336373273789,BELOW_NORMAL,0.7594587538350709,BELOW_NORMAL,0.656968520760526,BELOW_NORMAL
GSM4299479,hc,0.5748991695339762,BELOW_NORMAL,0.9770506436651842,BELOW_NORMAL,0.8470096438435113,BELOW_NORMAL,0.7066093495942654,BELOW_NORMAL,0.7049041616293893,BELOW_NORMAL,0.9056906654954276,BELOW_NORMAL,0.7798871468939776,BELOW_NORMAL,0.6709463266870254,BELOW_NORMAL
GSM4299480,mci,0.5515749448040658,BELOW_NORMAL,0.9687946215505114,BELOW_NORMAL,0.8459711779866999,BELOW_NORMAL,0.6999078437856974,BELOW_NORMAL,0.7002485406829255,BELOW_NORMAL,0.8989900862230947,BELOW_NORMAL,0.7767875718542204,BELOW_NORMAL,0.6703668757496926,BELOW_NORMAL
GSM4299481,mci,0.5473850306294535,BELOW_NORMAL,0.960152635848169,BELOW_NORMAL,0.8423052725948793,BELOW_NORMAL,0.6961404415072762,BELOW_NORMAL,0.6964294310147455,BELOW_NORMAL,0.890942776270266,BELOW_NORMAL,0.7724438913936561,BELOW_NORMAL,0.6650400464807331,BELOW_NORMAL
GSM4299482,hc,0.5478808736868354,BELOW_NORMAL,0.9529680916304706,BELOW_NORMAL,0.8320232352629006,BELOW_NORMAL,0.6930365264597058,BELOW_NORMAL,0.691882548414054,BELOW_NORMAL,0.8820743071864344,BELOW_NORMAL,0.768304386856174,BELOW_NORMAL,0.6629971236711177,BELOW_NORMAL
GSM4299483,hc,0.5413079665336786,BELOW_NORMAL,0.9679594217169948,BELOW_NORMAL,0.8392835552412022,BELOW_NORMAL,0.696250744099056,BELOW_NORMAL,0.6961623341243874,BELOW_NORMAL,0.8944136762559557,BELOW_NORMAL,0.7711393469,BELOW_NORMAL,0.6619237689330943,BELOW_NORMAL
GSM4299484,mci,0.5280163644103905,BELOW_NORMAL,0.979592216100858,BELOW_NORMAL,0.8435582543758244,BELOW_NORMAL,0.696020355927454,BELOW_NORMAL,0.6943505441122958,BELOW_NORMAL,0.8883092115186335,BELOW_NORMAL,0.76675499307992,BELOW_NORMAL,0.6694276608852888,BELOW_NORMAL
GSM4299485,ad,0.5150060072340784,BELOW_NORMAL,0.9432332817897416,BELOW_NORMAL,0.808311884149805,BELOW_NORMAL,0.6616480265965898,BELOW_NORMAL,0.6600237983598657,BELOW_NORMAL,0.8535312622465855,BELOW_NORMAL,0.7319091843707483,BELOW_NORMAL,0.6284530748360159,BELOW_NORMAL
GSM4299486,hc,0.5280059278925013,BELOW_NORMAL,0.9622406456457744,BELOW_NORMAL,0.8228509766945441,BELOW_NORMAL,0.6721469459750722,BELOW_NORMAL,0.6699663351859209,BELOW_NORMAL,0.8704433419947396,BELOW_NORMAL,0.7439505279542121,BELOW_NORMAL,0.6435620040554689,BELOW_NORMAL
GSM4299487,ad,0.5440328231950099,BELOW_NORMAL,0.9431332637353452,BELOW_NORMAL,0.8331161186592831,BELOW_NORMAL,0.6968088380111651,BELOW_NORMAL,0.6935261139910366,BELOW_NORMAL,0.8692964250820953,BELOW_NORMAL,0.7725497309270268,BELOW_NORMAL,0.663946058361257,BELOW_NORMAL
GSM4299488,mci,0.5636236115669541,BELOW_NORMAL,0.974665125120494,BELOW_NORMAL,0.847452461755114,BELOW_NORMAL,0.7060035599201556,BELOW_NORMAL,0.7042346422812171,BELOW_NORMAL,0.8959334738901759,BELOW_NORMAL,0.7800105183726348,BELOW_NORMAL,0.6717344012731565,BELOW_NORMAL
GSM4299489,mci,0.5522320040359177,BELOW_NORMAL,0.9907476232437292,BELOW_NORMAL,0.838463777383101,BELOW_NORMAL,0.6887458758076832,BELOW_NORMAL,0.6866050664806163,BELOW_NORMAL,0.8904919587799396,BELOW_NORMAL,0.7621597846962372,BELOW_NORMAL,0.654342186027254,BELOW_NORMAL
GSM4299490,ad,0.5433413175441627,BELOW_NORMAL,0.9609384843443072,BELOW_NORMAL,0.8326368234021265,BELOW_NORMAL,0.690486889285124,BELOW_NORMAL,0.6911181830468479,BELOW_NORMAL,0.8693646422410952,BELOW_NORMAL,0.7639886842989674,BELOW_NORMAL,0.6626711800055461,BELOW_NORMAL
GSM4299491,hc,0.5499810580701053,BELOW_NORMAL,0.968991844476956,BELOW_NORMAL,0.8286271415957134,BELOW_NORMAL,0.6800979400858949,BELOW_NORMAL,0.6749135786517861,BELOW_NORMAL,0.8779373668077273,BELOW_NORMAL,0.7539238372878767,BELOW_NORMAL,0.6520812650986658,BELOW_NORMAL
GSM4299492,hc,0.5262772770899498,BELOW_NORMAL,0.9609171974201184,BELOW_NORMAL,0.8265259108879714,BELOW_NORMAL,0.6813155179066903,BELOW_NORMAL,0.6834183504457579,BELOW_NORMAL,0.8470652860954038,BELOW_NORMAL,0.7624833730307996,BELOW_NORMAL,0.6575635510553363,BELOW_NORMAL
GSM4299493,hc,0.5360413496019656,BELOW_NORMAL,0.9588846765803754,BELOW_NORMAL,0.8261054858958781,BELOW_NORMAL,0.6815181278028605,BELOW_NORMAL,0.6788395675073802,BELOW_NORMAL,0.8628427453237454,BELOW_NORMAL,0.7545678271499299,BELOW_NORMAL,0.6507346077720202,BELOW_NORMAL
GSM4299494,mci,0.5292989789801061,BELOW_NORMAL,0.9579959854743506,BELOW_NORMAL,0.828493295216189,BELOW_NORMAL,0.6814194035681126,BELOW_NORMAL,0.6780662662914182,BELOW_NORMAL,0.8841051099432728,BELOW_NORMAL,0.7511601406518913,BELOW_NORMAL,0.6481161999543171,BELOW_NORMAL
GSM4299495,ad,0.5417153641288812,BELOW_NORMAL,0.9588738036637224,BELOW_NORMAL,0.8292776837927679,BELOW_NORMAL,0.6868476358057909,BELOW_NORMAL,0.6811881332346336,BELOW_NORMAL,0.866454534224348,BELOW_NORMAL,0.7566593650210315,BELOW_NORMAL,0.6460684942161921,BELOW_NORMAL
GSM4299496,mci,0.5622251059933788,BELOW_NORMAL,0.953142895358702,BELOW_NORMAL,0.8452542905905785,BELOW_NORMAL,0.7008543817918221,BELOW_NORMAL,0.6995406403049186,BELOW_NORMAL,0.8948036109752648,BELOW_NORMAL,0.7779185357534991,BELOW_NORMAL,0.6723362116978613,BELOW_NORMAL
GSM4299497,mci,0.5642524035026018,BELOW_NORMAL,0.95233132453112,BELOW_NORMAL,0.8481930111480238,BELOW_NORMAL,0.7142553513105673,BELOW_NORMAL,0.7129178052590179,BELOW_NORMAL,0.9173580306528066,BELOW_NORMAL,0.7841596311733152,BELOW_NORMAL,0.67537169670965,BELOW_NORMAL
GSM4299498,hc,0.5233852741758508,BELOW_NORMAL,0.935338498775492,BELOW_NORMAL,0.8303721278004392,BELOW_NORMAL,0.6859147369454752,BELOW_NORMAL,0.686258557900499,BELOW_NORMAL,0.8645927906178348,BELOW_NORMAL,0.7572849554522791,BELOW_NORMAL,0.6618880850412574,BELOW_NORMAL
GSM4299499,hc,0.5340368421364342,BELOW_NORMAL,0.9552910608783756,BELOW_NORMAL,0.8415534407592459,BELOW_NORMAL,0.6899572496566917,BELOW_NORMAL,0.6873335168732493,BELOW_NORMAL,0.8869615355834612,BELOW_NORMAL,0.7672055614421956,BELOW_NORMAL,0.6666385885996805,BELOW_NORMAL
GSM4299500,mci,0.5542887227055318,BELOW_NORMAL,0.9430930157914124,BELOW_NORMAL,0.8432748110594562,BELOW_NORMAL,0.7078682308312896,BELOW_NORMAL,0.7095861140238701,BELOW_NORMAL,0.906997586630296,BELOW_NORMAL,0.7801578449323003,BELOW_NORMAL,0.676050155865095,BELOW_NORMAL
GSM4299501,mci,0.5201941312373521,BELOW_NORMAL,0.9623569140069408,BELOW_NORMAL,0.8337263020610135,BELOW_NORMAL,0.6837771842553831,BELOW_NORMAL,0.6848459419988,BELOW_NORMAL,0.8726778021439537,BELOW_NORMAL,0.7527738952394911,BELOW_NORMAL,0.6475509681048367,BELOW_NORMAL
GSM4299547,hc,0.5093843709055411,BELOW_NORMAL,0.9430910358608936,BELOW_NORMAL,0.8059423973864567,BELOW_NORMAL,0.6657964851408336,BELOW_NORMAL,0.6641540834684119,BELOW_NORMAL,0.8362253326780487,BELOW_NORMAL,0.7348047734449343,BELOW_NORMAL,0.6305606489847919,BELOW_NORMAL
GSM4299548,hc,0.5562290516693666,BELOW_NORMAL,0.9565281146460956,BELOW_NORMAL,0.838484934067326,BELOW_NORMAL,0.6962557100995759,BELOW_NORMAL,0.695832732260397,BELOW_NORMAL,0.8903942426761294,BELOW_NORMAL,0.771748495679031,BELOW_NORMAL,0.6674559371273958,BELOW_NORMAL
GSM4299549,hc,0.5436414526562345,BELOW_NORMAL,0.9507822098609676,BELOW_NORMAL,0.8348859344001021,BELOW_NORMAL,0.6924473089410809,BELOW_NORMAL,0.6905308317474977,BELOW_NORMAL,0.8953623347114771,BELOW_NORMAL,0.7632422289953428,BELOW_NORMAL,0.656255709420753,BELOW_NORMAL
GSM4299550,hc,0.5279212504040394,BELOW_NORMAL,0.9557556978850194,BELOW_NORMAL,0.8329472139219156,BELOW_NORMAL,0.692602120199957,BELOW_NORMAL,0.693192409533743,BELOW_NORMAL,0.8750162466941672,BELOW_NORMAL,0.7673366855599051,BELOW_NORMAL,0.659310335582042,BELOW_NORMAL
GSM4299551,ad,0.5234298940863399,BELOW_NORMAL,0.9538307182723544,BELOW_NORMAL,0.8314257489516553,BELOW_NORMAL,0.690676670257889,BELOW_NORMAL,0.6884893389418689,BELOW_NORMAL,0.8870301710332171,BELOW_NORMAL,0.7617658307843833,BELOW_NORMAL,0.6620867372172874,BELOW_NORMAL
GSM4299552,hc,0.581473755793198,BELOW_NORMAL,0.9678125943206148,BELOW_NORMAL,0.8635992665630388,BELOW_NORMAL,0.71584234761041,BELOW_NORMAL,0.7170892863428572,BELOW_NORMAL,0.909955049321562,BELOW_NORMAL,0.8015104261200436,BELOW_NORMAL,0.6954485845567346,BELOW_NORMAL
GSM4299553,mci,0.5293912607013331,BELOW_NORMAL,0.9544945662711732,BELOW_NORMAL,0.8530813684318537,BELOW_NORMAL,0.7078465022906323,BELOW_NORMAL,0.710341068232602,BELOW_NORMAL,0.8955987046110953,BELOW_NORMAL,0.7833823157211999,BELOW_NORMAL,0.6875286804942949,BELOW_NORMAL
GSM4299554,mci,0.5405715443202093,BELOW_NORMAL,0.9592828650648983,BELOW_NORMAL,0.8355422182491463,BELOW_NORMAL,0.6865901542413834,BELOW_NORMAL,0.6873456390052268,BELOW_NORMAL,0.8808729792420147,BELOW_NORMAL,0.7630132224069558,BELOW_NORMAL,0.6616986553659161,BELOW_NORMAL
GSM4299555,ad,0.5411982827695365,BELOW_NORMAL,0.9745179833400044,BELOW_NORMAL,0.8418255939106447,BELOW_NORMAL,0.6962536934879343,BELOW_NORMAL,0.6950120662563168,BELOW_NORMAL,0.9071844955013844,BELOW_NORMAL,0.7668537750047691,BELOW_NORMAL,0.6572511981347118,BELOW_NORMAL
GSM4299556,ad,0.5662335400842771,BELOW_NORMAL,0.951727528574716,BELOW_NORMAL,0.8464201330550595,BELOW_NORMAL,0.7051107219325787,BELOW_NORMAL,0.7046709727244959,BELOW_NORMAL,0.9098414233411444,BELOW_NORMAL,0.7796817172837526,BELOW_NORMAL,0.6697967984581539,BELOW_NORMAL
GSM4299557,hc,0.5362311596091973,BELOW_NORMAL,0.9679839789527308,BELOW_NORMAL,0.8404736234024929,BELOW_NORMAL,0.6912622279309056,BELOW_NORMAL,0.6917603030582713,BELOW_NORMAL,0.8923689789976913,BELOW_NORMAL,0.7659022352983479,BELOW_NORMAL,0.6574499647770716,BELOW_NORMAL
GSM4299558,mci,0.533965609962898,BELOW_NORMAL,0.9632602027075434,BELOW_NORMAL,0.8302944065132817,BELOW_NORMAL,0.6832116343764612,BELOW_NORMAL,0.6828804874923611,BELOW_NORMAL,0.8830408072897228,BELOW_NORMAL,0.7547161527179003,BELOW_NORMAL,0.6504697208025653,BELOW_NORMAL
GSM4299559,ad,0.5301522630635277,BELOW_NORMAL,0.9547334398647168,BELOW_NORMAL,0.834911281773989,BELOW_NORMAL,0.6943332302065502,BELOW_NORMAL,0.6931972742952648,BELOW_NORMAL,0.8886324017511694,BELOW_NORMAL,0.7618566692407795,BELOW_NORMAL,0.6559094468228145,BELOW_NORMAL
GSM4299560,mci,0.5675803045367447,BELOW_NORMAL,0.9627918326290252,BELOW_NORMAL,0.8511432877639329,BELOW_NORMAL,0.7150948622218043,BELOW_NORMAL,0.7148002993736244,BELOW_NORMAL,0.8987171958430812,BELOW_NORMAL,0.7956055783900672,BELOW_NORMAL,0.68616612258774,BELOW_NORMAL
GSM4299561,mci,0.5276996729639568,BELOW_NORMAL,0.956390809450991,BELOW_NORMAL,0.8217111292491149,BELOW_NORMAL,0.681505474519311,BELOW_NORMAL,0.6775374347989624,BELOW_NORMAL,0.8531512498118408,BELOW_NORMAL,0.7552462265737243,BELOW_NORMAL,0.6495466014227846,BELOW_NORMAL
GSM4299562,mci,0.5401816263253052,BELOW_NORMAL,0.9637664654413038,BELOW_NORMAL,0.8366854366679005,BELOW_NORMAL,0.6851657475255617,BELOW_NORMAL,0.6866598200808981,BELOW_NORMAL,0.8849703083076239,BELOW_NORMAL,0.7617538552589806,BELOW_NORMAL,0.6589822931629438,BELOW_NORMAL
GSM4299563,mci,0.5275846956644834,BELOW_NORMAL,0.9586208562991906,BELOW_NORMAL,0.8282329570902193,BELOW_NORMAL,0.6883059481333782,BELOW_NORMAL,0.6862116543067338,BELOW_NORMAL,0.8859514006023778,BELOW_NORMAL,0.755290223750428,BELOW_NORMAL,0.6521588054116684,BELOW_NORMAL
GSM4299564,mci,0.5412044221783826,BELOW_NORMAL,0.9695273689027932,BELOW_NORMAL,0.8580106521186718,BELOW_NORMAL,0.7073447565977247,BELOW_NORMAL,0.7089585037552829,BELOW_NORMAL,0.9023195511980604,BELOW_NORMAL,0.7833690101111166,BELOW_NORMAL,0.6897954805673471,BELOW_NORMAL
GSM4299565,hc,0.5439717620131449,BELOW_NORMAL,0.9579720483599992,BELOW_NORMAL,0.8489714041334865,BELOW_NORMAL,0.7021905109367761,BELOW_NORMAL,0.7015025153431903,BELOW_NORMAL,0.898778097328536,BELOW_NORMAL,0.7770720932094082,BELOW_NORMAL,0.678360829552052,BELOW_NORMAL
GSM4299566,mci,0.5146694298650609,BELOW_NORMAL,0.9538520842712886,BELOW_NORMAL,0.826766307627779,BELOW_NORMAL,0.683187467704202,BELOW_NORMAL,0.681911555019583,BELOW_NORMAL,0.8596043150954394,BELOW_NORMAL,0.7568239616104837,BELOW_NORMAL,0.6540148387776703,BELOW_NORMAL
GSM4299567,mci,0.5462560925774774,BELOW_NORMAL,0.9567124736086008,BELOW_NORMAL,0.8282780770845236,BELOW_NORMAL,0.6886543117340568,BELOW_NORMAL,0.6844981297231766,BELOW_NORMAL,0.8933140550783057,BELOW_NORMAL,0.75956797539722,BELOW_NORMAL,0.6507872439355419,BELOW_NORMAL
GSM4299568,mci,0.5146260905123119,BELOW_NORMAL,0.95636408456476,BELOW_NORMAL,0.8321120600195863,BELOW_NORMAL,0.6797310924981502,BELOW_NORMAL,0.6783111479818617,BELOW_NORMAL,0.8850166133576954,BELOW_NORMAL,0.7503354305063981,BELOW_NORMAL,0.6455367689942199,BELOW_NORMAL
GSM4299569,ad,0.5459597984504296,BELOW_NORMAL,0.9455736054033744,BELOW_NORMAL,0.825300860078097,BELOW_NORMAL,0.695182640748717,BELOW_NORMAL,0.6930533965498151,BELOW_NORMAL,0.8483899104321421,BELOW_NORMAL,0.7753082424243981,BELOW_NORMAL,0.6725959959912508,BELOW_NORMAL
GSM4299570,mci,0.5389389348854028,BELOW_NORMAL,0.9539214825814436,BELOW_NORMAL,0.83517016837895,BELOW_NORMAL,0.6904103016335171,BELOW_NORMAL,0.6892322680845657,BELOW_NORMAL,0.8882698674382351,BELOW_NORMAL,0.7649907369041281,BELOW_NORMAL,0.6633931355384918,BELOW_NORMAL
GSM4299571,ad,0.5425904406907632,BELOW_NORMAL,0.969156013077754,BELOW_NORMAL,0.8426880853402958,BELOW_NORMAL,0.6983931216087977,BELOW_NORMAL,0.6994868378418964,BELOW_NORMAL,0.9052028891040718,BELOW_NORMAL,0.7692901343049104,BELOW_NORMAL,0.6652210160102643,BELOW_NORMAL
GSM4299572,ad,0.5459134628250446,BELOW_NORMAL,0.9537563015138768,BELOW_NORMAL,0.8390523921737885,BELOW_NORMAL,0.6969343996566385,BELOW_NORMAL,0.6958203200670281,BELOW_NORMAL,0.8889717301104653,BELOW_NORMAL,0.7699240633893768,BELOW_NORMAL,0.6682915495863198,BELOW_NORMAL
GSM4299573,hc,0.5384888467395785,BELOW_NORMAL,0.9537330107120958,BELOW_NORMAL,0.8373191560292642,BELOW_NORMAL,0.6855000089429655,BELOW_NORMAL,0.6835655704410997,BELOW_NORMAL,0.9003120243690853,BELOW_NORMAL,0.7591453583438534,BELOW_NORMAL,0.6504573298089498,BELOW_NORMAL
GSM4299574,ad,0.5086408902091936,BELOW_NORMAL,0.9500531045435696,BELOW_NORMAL,0.8188729611845461,BELOW_NORMAL,0.671476054100661,BELOW_NORMAL,0.6701277799637405,BELOW_NORMAL,0.8549583915825925,BELOW_NORMAL,0.7423103916630379,BELOW_NORMAL,0.6387822760145799,BELOW_NORMAL
GSM4299575,ad,0.5438929074973942,BELOW_NORMAL,0.976528471030939,BELOW_NORMAL,0.8462094948236396,BELOW_NORMAL,0.6944092207155028,BELOW_NORMAL,0.6946875719422134,BELOW_NORMAL,0.8908816611489637,BELOW_NORMAL,0.7705711865095981,BELOW_NORMAL,0.6771187607506696,BELOW_NORMAL
GSM4299576,hc,0.549057372556449,BELOW_NORMAL,0.9642354394712896,BELOW_NORMAL,0.8474076567415161,BELOW_NORMAL,0.7040500590894093,BELOW_NORMAL,0.7021801836332525,BELOW_NORMAL,0.905281841100193,BELOW_NORMAL,0.7816367458368965,BELOW_NORMAL,0.6716918895328,BELOW_NORMAL
GSM4299577,ad,0.5355253858042633,BELOW_NORMAL,0.9694913683324806,BELOW_NORMAL,0.84346932835411,BELOW_NORMAL,0.7003029609077323,BELOW_NORMAL,0.7018989888191267,BELOW_NORMAL,0.9016460044264774,BELOW_NORMAL,0.7709323025934475,BELOW_NORMAL,0.6663479797058369,BELOW_NORMAL
GSM4299578,ad,0.574508025206472,BELOW_NORMAL,0.9631217026287624,BELOW_NORMAL,0.846137661745798,BELOW_NORMAL,0.7063322383235692,BELOW_NORMAL,0.7055328124205763,BELOW_NORMAL,0.9011575557577176,BELOW_NORMAL,0.7823929187801577,BELOW_NORMAL,0.6791454841920541,BELOW_NORMAL
GSM4299579,ad,0.541371302163439,BELOW_NORMAL,0.950679463038613,BELOW_NORMAL,0.8293401260510422,BELOW_NORMAL,0.6910020119983594,BELOW_NORMAL,0.6875746785021762,BELOW_NORMAL,0.877324233116697,BELOW_NORMAL,0.7615665968845342,BELOW_NORMAL,0.655281062051534,BELOW_NORMAL
GSM4299580,mci,0.5413928804315472,BELOW_NORMAL,0.9776618089524036,BELOW_NORMAL,0.8375004008753023,BELOW_NORMAL,0.6895406312167445,BELOW_NORMAL,0.6904275632191904,BELOW_NORMAL,0.8863968638921195,BELOW_NORMAL,0.762851049782599,BELOW_NORMAL,0.6643523644091948,BELOW_NORMAL
GSM4299581,hc,0.5124307811550393,BELOW_NORMAL,0.958252245951802,BELOW_NORMAL,0.8096617066289323,BELOW_NORMAL,0.664726780527201,BELOW_NORMAL,0.6597685360744423,BELOW_NORMAL,0.8868566305156921,BELOW_NORMAL,0.7258219061397714,BELOW_NORMAL,0.6224531552069619,BELOW_NORMAL
GSM4299582,ad,0.5259811374321782,BELOW_NORMAL,0.9728691687141394,BELOW_NORMAL,0.8314201958195129,BELOW_NORMAL,0.6712555500853923,BELOW_NORMAL,0.6666792445436666,BELOW_NORMAL,0.8652757586904268,BELOW_NORMAL,0.741608806972196,BELOW_NORMAL,0.6411960288609715,BELOW_NORMAL
GSM4299583,mci,0.5038634673772194,BELOW_NORMAL,0.9478145093784724,BELOW_NORMAL,0.8226577643512686,BELOW_NORMAL,0.6778763929173837,BELOW_NORMAL,0.6804947012678696,BELOW_NORMAL,0.870740792032527,BELOW_NORMAL,0.7502423788312018,BELOW_NORMAL,0.641206852793072,BELOW_NORMAL
GSM4299584,mci,0.5371382248626606,BELOW_NORMAL,0.9810366872061552,BELOW_NORMAL,0.8305480027743081,BELOW_NORMAL,0.6765401735925742,BELOW_NORMAL,0.6746378562417079,BELOW_NORMAL,0.890367195981517,BELOW_NORMAL,0.7468449502809806,BELOW_NORMAL,0.6369720941455169,BELOW_NORMAL
GSM4299585,hc,0.5143656440102944,BELOW_NORMAL,0.9617556170062704,BELOW_NORMAL,0.8121805027577441,BELOW_NORMAL,0.6611197323491131,BELOW_NORMAL,0.6607775392920041,BELOW_NORMAL,0.8714823554794204,BELOW_NORMAL,0.7275978372617802,BELOW_NORMAL,0.6234591399245849,BELOW_NORMAL
GSM4299586,ad,0.507734323222252,BELOW_NORMAL,0.954208946293124,BELOW_NORMAL,0.8197580865207081,BELOW_NORMAL,0.66417283069539,BELOW_NORMAL,0.6611461607343687,BELOW_NORMAL,0.8674780207722544,BELOW_NORMAL,0.730104682580052,BELOW_NORMAL,0.6293726695258164,BELOW_NORMAL
GSM4299587,hc,0.5556295779985256,BELOW_NORMAL,0.9628661155669468,BELOW_NORMAL,0.8501520434236166,BELOW_NORMAL,0.7045590977671851,BELOW_NORMAL,0.7054544060436653,BELOW_NORMAL,0.905479375040831,BELOW_NORMAL,0.7784857963866617,BELOW_NORMAL,0.6699065739173986,BELOW_NORMAL
GSM4299588,ad,0.5078152945582416,BELOW_NORMAL,0.9586428898321128,BELOW_NORMAL,0.8334265830465194,BELOW_NORMAL,0.6875774648910438,BELOW_NORMAL,0.6883677903574439,BELOW_NORMAL,0.8880236065400103,BELOW_NORMAL,0.7515129029517669,BELOW_NORMAL,0.6523304919193811,BELOW_NORMAL
GSM4299589,hc,0.5165129046820652,BELOW_NORMAL,0.9577809142661042,BELOW_NORMAL,0.8325337717280826,BELOW_NORMAL,0.6773997702859806,BELOW_NORMAL,0.6761737923728522,BELOW_NORMAL,0.8860057947746813,BELOW_NORMAL,0.7482467158307862,BELOW_NORMAL,0.6464195273768334,BELOW_NORMAL
GSM4299590,hc,0.5310959193071588,BELOW_NORMAL,0.9643726654372622,BELOW_NORMAL,0.8392955347156489,BELOW_NORMAL,0.6873189737075307,BELOW_NORMAL,0.6849721831723755,BELOW_NORMAL,0.8943102524633808,BELOW_NORMAL,0.7582121087562184,BELOW_NORMAL,0.6543950053026253,BELOW_NORMAL
GSM4299591,hc,0.5275060195953315,BELOW_NORMAL,0.9603785312227378,BELOW_NORMAL,0.8297296106477768,BELOW_NORMAL,0.686082354307909,BELOW_NORMAL,0.6840162305928368,BELOW_NORMAL,0.867730309999492,BELOW_NORMAL,0.7593442495713957,BELOW_NORMAL,0.6627156778426099,BELOW_NORMAL
GSM4299592,mci,0.5624911619774756,BELOW_NORMAL,0.946434326002742,BELOW_NORMAL,0.8439606514730642,BELOW_NORMAL,0.7112139492406088,BELOW_NORMAL,0.7095521180842356,BELOW_NORMAL,0.904002887602396,BELOW_NORMAL,0.7840440643148772,BELOW_NORMAL,0.6678934423195426,BELOW_NORMAL
GSM4299593,mci,0.5301019406533057,BELOW_NORMAL,0.9537412637658972,BELOW_NORMAL,0.8411363467565518,BELOW_NORMAL,0.6980459011426243,BELOW_NORMAL,0.7009103373523536,BELOW_NORMAL,0.9020427218229976,BELOW_NORMAL,0.7638231471429081,BELOW_NORMAL,0.6560238350653463,BELOW_NORMAL
GSM4299594,mci,0.5516244777313133,BELOW_NORMAL,0.971111666768433,BELOW_NORMAL,0.8445211798835536,BELOW_NORMAL,0.7009814642090199,BELOW_NORMAL,0.699879977192058,BELOW_NORMAL,0.8947584463154119,BELOW_NORMAL,0.775196321943126,BELOW_NORMAL,0.6672792746679719,BELOW_NORMAL
GSM4299595,mci,0.5469071543028305,BELOW_NORMAL,0.9497098169839976,BELOW_NORMAL,0.8352196840475109,BELOW_NORMAL,0.6966290482627331,BELOW_NORMAL,0.6963327018758856,BELOW_NORMAL,0.8904529411349401,BELOW_NORMAL,0.7658723987055003,BELOW_NORMAL,0.6568382984089709,BELOW_NORMAL
GSM4299596,mci,0.5451191929854907,BELOW_NORMAL,0.9651463918072598,BELOW_NORMAL,0.8453977025549979,BELOW_NORMAL,0.7067274861764142,BELOW_NORMAL,0.7049389103681813,BELOW_NORMAL,0.901961190448428,BELOW_NORMAL,0.7830466750860314,BELOW_NORMAL,0.6699924259920061,BELOW_NORMAL
GSM4299615,mci,0.5715119212173252,BELOW_NORMAL,0.9536948537064268,BELOW_NORMAL,0.8457053405065366,BELOW_NORMAL,0.7045708854658591,BELOW_NORMAL,0.7061085345018251,BELOW_NORMAL,0.9100397338813008,BELOW_NORMAL,0.7862587458165644,BELOW_NORMAL,0.676680052514117,BELOW_NORMAL
GSM4299616,hc,0.5403194181341089,BELOW_NORMAL,0.9610504318180852,BELOW_NORMAL,0.8396724203083479,BELOW_NORMAL,0.6993625439485585,BELOW_NORMAL,0.7012420484913872,BELOW_NORMAL,0.8840120856954599,BELOW_NORMAL,0.7790422913722015,BELOW_NORMAL,0.6796631919035271,BELOW_NORMAL
GSM4299617,mci,0.5372419568082665,BELOW_NORMAL,0.9555908354595376,BELOW_NORMAL,0.8258699553392683,BELOW_NORMAL,0.6813424905578906,BELOW_NORMAL,0.6802572777894488,BELOW_NORMAL,0.8825996746674094,BELOW_NORMAL,0.7549886174916859,BELOW_NORMAL,0.6514053088981308,BELOW_NORMAL
GSM4299618,mci,0.5619371606203732,BELOW_NORMAL,0.9650432099555925,BELOW_NORMAL,0.8466246278755282,BELOW_NORMAL,0.7106207454872276,BELOW_NORMAL,0.7100808408449416,BELOW_NORMAL,0.9022425925863464,BELOW_NORMAL,0.7820051264197516,BELOW_NORMAL,0.6768646210744507,BELOW_NORMAL
GSM4299619,hc,0.5686394582998975,BELOW_NORMAL,0.9614488952225316,BELOW_NORMAL,0.8440920881832448,BELOW_NORMAL,0.7043549976170828,BELOW_NORMAL,0.7018148208043142,BELOW_NORMAL,0.8989799483834793,BELOW_NORMAL,0.7810571977500835,BELOW_NORMAL,0.6701105202956756,BELOW_NORMAL
GSM4299620,ad,0.5530186215441928,BELOW_NORMAL,0.951571024652458,BELOW_NORMAL,0.82981403423681,BELOW_NORMAL,0.6951276720494586,BELOW_NORMAL,0.6924223620003614,BELOW_NORMAL,0.8848132306944135,BELOW_NORMAL,0.7640134780388783,BELOW_NORMAL,0.6527343672330674,BELOW_NORMAL
GSM4299621,mci,0.5300505832474506,BELOW_NORMAL,0.9716816200608313,BELOW_NORMAL,0.8272538990872835,BELOW_NORMAL,0.6788779276584864,BELOW_NORMAL,0.6792108314872475,BELOW_NORMAL,0.8835052500780157,BELOW_NORMAL,0.7525204935202255,BELOW_NORMAL,0.6443568908535574,BELOW_NORMAL
GSM4299622,ad,0.5096155548956893,BELOW_NORMAL,0.9666564904867748,BELOW_NORMAL,0.8269126905460223,BELOW_NORMAL,0.6732663717277791,BELOW_NORMAL,0.669749000253282,BELOW_NORMAL,0.8822569641261206,BELOW_NORMAL,0.7425349869783291,BELOW_NORMAL,0.6420137290546108,BELOW_NORMAL
GSM4299623,mci,0.5416970281963515,BELOW_NORMAL,0.9546509568791024,BELOW_NORMAL,0.836460628520683,BELOW_NORMAL,0.6984314991554161,BELOW_NORMAL,0.6999379934667294,BELOW_NORMAL,0.9066155582138,BELOW_NORMAL,0.7671708235792941,BELOW_NORMAL,0.6582260577205121,BELOW_NORMAL
GSM4299624,mci,0.5368390797596811,BELOW_NORMAL,0.9666336369926491,BELOW_NORMAL,0.8498144913974395,BELOW_NORMAL,0.7057114358877958,BELOW_NORMAL,0.7052599350239345,BELOW_NORMAL,0.9008453603968908,BELOW_NORMAL,0.7745851907123694,BELOW_NORMAL,0.672296380196577,BELOW_NORMAL
GSM4299625,mci,0.5242404202008834,BELOW_NORMAL,0.9577897153254568,BELOW_NORMAL,0.8270752393526396,BELOW_NORMAL,0.679346901140897,BELOW_NORMAL,0.6795062489180927,BELOW_NORMAL,0.8791539806468212,BELOW_NORMAL,0.7434894029207467,BELOW_NORMAL,0.6412104328326841,BELOW_NORMAL
GSM4299626,mci,0.5550511274426916,BELOW_NORMAL,0.9560964922276504,BELOW_NORMAL,0.8389783264072167,BELOW_NORMAL,0.6933641501451782,BELOW_NORMAL,0.6931019887967205,BELOW_NORMAL,0.8978666597648977,BELOW_NORMAL,0.7658333732545817,BELOW_NORMAL,0.6632071442911962,BELOW_NORMAL
GSM4299627,ad,0.5627546916351068,BELOW_NORMAL,0.9563730729321815,BELOW_NORMAL,0.8540645728615043,BELOW_NORMAL,0.7095815711713666,BELOW_NORMAL,0.7094717292275008,BELOW_NORMAL,0.9051156858691052,BELOW_NORMAL,0.781064575947445,BELOW_NORMAL,0.678169184876414,BELOW_NORMAL
GSM4299628,hc,0.544330623171647,BELOW_NORMAL,0.9755805694790456,BELOW_NORMAL,0.8451117440791965,BELOW_NORMAL,0.6995854574498201,BELOW_NORMAL,0.699119695870341,BELOW_NORMAL,0.8824610286407365,BELOW_NORMAL,0.7754875959189816,BELOW_NORMAL,0.670215747101704,BELOW_NORMAL
GSM4299629,hc,0.5332781902740364,BELOW_NORMAL,0.9605163324349356,BELOW_NORMAL,0.8337095193652123,BELOW_NORMAL,0.6816149634758601,BELOW_NORMAL,0.6792253615716155,BELOW_NORMAL,0.8975850427449904,BELOW_NORMAL,0.7498913364086978,BELOW_NORMAL,0.6459324014285033,BELOW_NORMAL
GSM4299630,mci,0.5502830555039584,BELOW_NORMAL,0.9752851763631006,BELOW_NORMAL,0.8494825563157065,BELOW_NORMAL,0.7019437147597356,BELOW_NORMAL,0.7016443471085556,BELOW_NORMAL,0.9079049907340788,BELOW_NORMAL,0.7809580945738247,BELOW_NORMAL,0.674271589334869,BELOW_NORMAL
GSM4299631,mci,0.5181373058041995,BELOW_NORMAL,0.965833487245826,BELOW_NORMAL,0.8310017590084319,BELOW_NORMAL,0.6797337631757498,BELOW_NORMAL,0.6776121220114185,BELOW_NORMAL,0.8629507131155328,BELOW_NORMAL,0.7523331002644973,BELOW_NORMAL,0.6495332271765435,BELOW_NORMAL
GSM4299632,hc,0.5295952629597513,BELOW_NORMAL,0.9630701885237172,BELOW_NORMAL,0.8267757310214582,BELOW_NORMAL,0.6792579936272424,BELOW_NORMAL,0.6785619737250174,BELOW_NORMAL,0.8744025267760148,BELOW_NORMAL,0.7517978388968253,BELOW_NORMAL,0.6499503568000091,BELOW_NORMAL
GSM4299633,mci,0.5080720430381828,BELOW_NORMAL,0.9617513048427002,BELOW_NORMAL,0.8249076121628116,BELOW_NORMAL,0.6768059474570081,BELOW_NORMAL,0.6773584612254433,BELOW_NORMAL,0.8863879841378913,BELOW_NORMAL,0.7490103741941248,BELOW_NORMAL,0.6461237754480128,BELOW_NORMAL
GSM4299634,mci,0.5073741371936288,BELOW_NORMAL,0.9670853122162222,BELOW_NORMAL,0.8195901888217594,BELOW_NORMAL,0.6706552447373262,BELOW_NORMAL,0.6685415889515121,BELOW_NORMAL,0.8725127720095412,BELOW_NORMAL,0.7384243769552197,BELOW_NORMAL,0.6343777781417065,BELOW_NORMAL
GSM4299635,hc,0.5464792760959322,BELOW_NORMAL,0.9697557765189156,BELOW_NORMAL,0.8401242730209614,BELOW_NORMAL,0.6946253396353088,BELOW_NORMAL,0.6939697020903585,BELOW_NORMAL,0.904998454019311,BELOW_NORMAL,0.7678062983821091,BELOW_NORMAL,0.6599184499904553,BELOW_NORMAL
GSM4299636,ad,0.5193339507234142,BELOW_NORMAL,0.9725013741452558,BELOW_NORMAL,0.8327265064192674,BELOW_NORMAL,0.6829782571941532,BELOW_NORMAL,0.6794839672977778,BELOW_NORMAL,0.8706503636950699,BELOW_NORMAL,0.7553895014654083,BELOW_NORMAL,0.6526606632473901,BELOW_NORMAL
GSM4299637,hc,0.55353487391146,BELOW_NORMAL,0.9630481964090836,BELOW_NORMAL,0.8366124506067992,BELOW_NORMAL,0.7009324764961666,BELOW_NORMAL,0.7005473686233603,BELOW_NORMAL,0.8972226776005116,BELOW_NORMAL,0.7699278039571156,BELOW_NORMAL,0.6609057383052866,BELOW_NORMAL
GSM4299638,ad,0.5321148868656912,BELOW_NORMAL,0.960695055353414,BELOW_NORMAL,0.8267828564504226,BELOW_NORMAL,0.6780849318748774,BELOW_NORMAL,0.6760784305930314,BELOW_NORMAL,0.8666284845306065,BELOW_NORMAL,0.7519963799355366,BELOW_NORMAL,0.6471271432206203,BELOW_NORMAL
GSM4299639,ad,0.5199732706018018,BELOW_NORMAL,0.964581935525301,BELOW_NORMAL,0.8272918081053121,BELOW_NORMAL,0.6736320858244015,BELOW_NORMAL,0.6714702102258105,BELOW_NORMAL,0.8778338546837523,BELOW_NORMAL,0.7472755478044274,BELOW_NORMAL,0.6438811976223104,BELOW_NORMAL
GSM4299640,ad,0.5077590663222503,BELOW_NORMAL,0.9629623743860488,BELOW_NORMAL,0.8138994727830317,BELOW_NORMAL,0.662572925231481,BELOW_NORMAL,0.6612990321086314,BELOW_NORMAL,0.8649102359729558,BELOW_NORMAL,0.7294217252816758,BELOW_NORMAL,0.6288989816144949,BELOW_NORMAL
GSM4299641,ad,0.5601023401620152,BELOW_NORMAL,0.9669067183426644,BELOW_NORMAL,0.837460546474998,BELOW_NORMAL,0.694574586572059,BELOW_NORMAL,0.6941793024514913,BELOW_NORMAL,0.8922339784539253,BELOW_NORMAL,0.7695506694471992,BELOW_NORMAL,0.6625714807958466,BELOW_NORMAL
GSM4299642,mci,0.5218973663869375,BELOW_NORMAL,0.9675153494845224,BELOW_NORMAL,0.8241418690715773,BELOW_NORMAL,0.6726704795264923,BELOW_NORMAL,0.6716542483782221,BELOW_NORMAL,0.8692597499714019,BELOW_NORMAL,0.7459773199509623,BELOW_NORMAL,0.6443681986215576,BELOW_NORMAL
GSM4299643,mci,0.5183367359018288,BELOW_NORMAL,0.960403726888762,BELOW_NORMAL,0.8280289671885316,BELOW_NORMAL,0.6820538945228266,BELOW_NORMAL,0.6801527685470994,BELOW_NORMAL,0.8834131311919696,BELOW_NORMAL,0.7492979199700334,BELOW_NORMAL,0.6424481080198549,BELOW_NORMAL
GSM4299644,ad,0.5410703899201609,BELOW_NORMAL,0.9544478765381949,BELOW_NORMAL,0.833023249462424,BELOW_NORMAL,0.6874947751495637,BELOW_NORMAL,0.6855765758392172,BELOW_NORMAL,0.8958473975452023,BELOW_NORMAL,0.7575668452618534,BELOW_NORMAL,0.6520224445055244,BELOW_NORMAL
GSM4299645,hc,0.5473502176525851,BELOW_NORMAL,0.9755559863759972,BELOW_NORMAL,0.8385608950296412,BELOW_NORMAL,0.6896212897439191,BELOW_NORMAL,0.6879812292792765,BELOW_NORMAL,0.8865703178176755,BELOW_NORMAL,0.7693665642526656,BELOW_NORMAL,0.6614027161875877,BELOW_NORMAL
GSM4299646,mci,0.5507268723718243,BELOW_NORMAL,0.9624358148101372,BELOW_NORMAL,0.8401131628803715,BELOW_NORMAL,0.7016180362537509,BELOW_NORMAL,0.703267918983715,BELOW_NORMAL,0.8720941334532739,BELOW_NORMAL,0.7776320069853025,BELOW_NORMAL,0.6726483385170433,BELOW_NORMAL
GSM4299647,mci,0.5819235734530794,BELOW_NORMAL,0.9556746004915536,BELOW_NORMAL,0.8468154011062325,BELOW_NORMAL,0.7139509378447502,BELOW_NORMAL,0.7123188532256939,BELOW_NORMAL,0.9146172905388787,BELOW_NORMAL,0.7850294199287235,BELOW_NORMAL,0.6761785925500226,BELOW_NORMAL
GSM4299648,mci,0.5474220197643224,BELOW_NORMAL,0.9610082057780792,BELOW_NORMAL,0.833092224428028,BELOW_NORMAL,0.6903113948894779,BELOW_NORMAL,0.6882901587937498,BELOW_NORMAL,0.8708978658446841,BELOW_NORMAL,0.7638540315349095,BELOW_NORMAL,0.6578596909346599,BELOW_NORMAL
GSM4299649,hc,0.5208224435503863,BELOW_NORMAL,0.9613102839152008,BELOW_NORMAL,0.8272830111786492,BELOW_NORMAL,0.6788472172980032,BELOW_NORMAL,0.677475315736426,BELOW_NORMAL,0.8882755985872326,BELOW_NORMAL,0.7469033684665917,BELOW_NORMAL,0.6408925169278622,BELOW_NORMAL
GSM4299650,ad,0.5524376515563137,BELOW_NORMAL,0.970782771870534,BELOW_NORMAL,0.8346442657673887,BELOW_NORMAL,0.6909713931503445,BELOW_NORMAL,0.6893519937274017,BELOW_NORMAL,0.8724861768585048,BELOW_NORMAL,0.7654713411879277,BELOW_NORMAL,0.6645484447543252,BELOW_NORMAL
GSM4299651,mci,0.5173292267098519,BELOW_NORMAL,0.957170725717053,BELOW_NORMAL,0.8289798526862271,BELOW_NORMAL,0.679797964714745,BELOW_NORMAL,0.679753850404375,BELOW_NORMAL,0.8651484041193215,BELOW_NORMAL,0.7547175375186872,BELOW_NORMAL,0.6483290754038203,BELOW_NORMAL
GSM4299652,hc,0.550714745805573,BELOW_NORMAL,0.961066619803563,BELOW_NORMAL,0.8381257935871127,BELOW_NORMAL,0.6923442536837098,BELOW_NORMAL,0.6909729380305867,BELOW_NORMAL,0.8847365770782555,BELOW_NORMAL,0.7637503640860956,BELOW_NORMAL,0.656801973944461,BELOW_NORMAL
GSM4299653,ad,0.53389878435003,BELOW_NORMAL,0.9548264611964172,BELOW_NORMAL,0.8287762460416876,BELOW_NORMAL,0.6843796180184823,BELOW_NORMAL,0.6807113148840908,BELOW_NORMAL,0.888288725348649,BELOW_NORMAL,0.7534173605047843,BELOW_NORMAL,0.6472257476012901,BELOW_NORMAL
GSM4299654,hc,0.5315722963045769,BELOW_NORMAL,0.9342349557127888,BELOW_NORMAL,0.8355507348851038,BELOW_NORMAL,0.7076415048142897,BELOW_NORMAL,0.7139627719243755,BELOW_NORMAL,0.8854418509365747,BELOW_NORMAL,0.7754998823265664,BELOW_NORMAL,0.679639267402215,BELOW_NORMAL
GSM4299655,ad,0.5052906947058747,BELOW_NORMAL,0.9663040646426152,BELOW_NORMAL,0.8175650210817728,BELOW_NORMAL,0.6729975547063752,BELOW_NORMAL,0.669234805464604,BELOW_NORMAL,0.8626974718783138,BELOW_NORMAL,0.7387097377523618,BELOW_NORMAL,0.6356614759974598,BELOW_NORMAL
GSM4299656,mci,0.5336000051368808,BELOW_NORMAL,0.9457348940062552,BELOW_NORMAL,0.8264297087989704,BELOW_NORMAL,0.6844724602781795,BELOW_NORMAL,0.684602968363405,BELOW_NORMAL,0.853324721032542,BELOW_NORMAL,0.7551083202003694,BELOW_NORMAL,0.65929990377677,BELOW_NORMAL
GSM4299657,ad,0.5268851720211414,BELOW_NORMAL,0.9676518257735574,BELOW_NORMAL,0.833821037338474,BELOW_NORMAL,0.6863333334640164,BELOW_NORMAL,0.6859696672664031,BELOW_NORMAL,0.8795330966003612,BELOW_NORMAL,0.7602542240894452,BELOW_NORMAL,0.6603918548715934,BELOW_NORMAL
GSM4299658,mci,0.556749259568522,BELOW_NORMAL,0.9683247838276652,BELOW_NORMAL,0.8423423930816195,BELOW_NORMAL,0.6996360125801544,BELOW_NORMAL,0.6965584058110443,BELOW_NORMAL,0.8854329382985735,BELOW_NORMAL,0.777365553032506,BELOW_NORMAL,0.6730622228829887,BELOW_NORMAL
GSM4299659,mci,0.5890921466181512,BELOW_NORMAL,0.9685196390614288,BELOW_NORMAL,0.8518902751614252,BELOW_NORMAL,0.7130647708313578,BELOW_NORMAL,0.7134038808849604,BELOW_NORMAL,0.9157524843235608,BELOW_NORMAL,0.7917463834164447,BELOW_NORMAL,0.6836052497399642,BELOW_NORMAL
GSM4299660,mci,0.5044581766424486,BELOW_NORMAL,0.93274619086248,BELOW_NORMAL,0.7960216058138665,BELOW_NORMAL,0.6623907275759917,BELOW_NORMAL,0.6603676162170409,BELOW_NORMAL,0.8181798996037667,BELOW_NORMAL,0.7331052528300077,BELOW_NORMAL,0.6318368402969523,BELOW_NORMAL
GSM4299661,hc,0.5534051702461267,BELOW_NORMAL,0.9603294250022844,BELOW_NORMAL,0.8325793464905337,BELOW_NORMAL,0.6879233607360397,BELOW_NORMAL,0.6857582829572142,BELOW_NORMAL,0.8862111506835073,BELOW_NORMAL,0.7637677782503569,BELOW_NORMAL,0.6565202286469053,BELOW_NORMAL
GSM4299662,ad,0.5384689215631073,BELOW_NORMAL,0.9565356619487648,BELOW_NORMAL,0.8396812956252447,BELOW_NORMAL,0.6973905972378396,BELOW_NORMAL,0.6943589669181138,BELOW_NORMAL,0.9030893965635982,BELOW_NORMAL,0.769740043691061,BELOW_NORMAL,0.6648994867111058,BELOW_NORMAL
GSM4299663,ad,0.5422313593180595,BELOW_NORMAL,0.9506871950296758,BELOW_NORMAL,0.8392826910574714,BELOW_NORMAL,0.691221165338785,BELOW_NORMAL,0.6902061062051503,BELOW_NORMAL,0.8756969653372414,BELOW_NORMAL,0.7642351871486621,BELOW_NORMAL,0.6684572063319221,BELOW_NORMAL
GSM4299664,ad,0.5625456460742844,BELOW_NORMAL,0.9643343734431642,BELOW_NORMAL,0.8437342823385265,BELOW_NORMAL,0.7074237412108826,BELOW_NORMAL,0.7052015842299345,BELOW_NORMAL,0.9109446334037786,BELOW_NORMAL,0.7825328956917669,BELOW_NORMAL,0.6741509583621832,BELOW_NORMAL
