sample,arm,nilc_frac_stem_pluri,nilc_frac_stem_adult,nilc_frac_progenitor,nilc_frac_cycling,nilc_frac_secretory,nilc_frac_immune,nilc_frac_terminal,nilc_frac_stromal,nilc_residual_mae,nilc_status
GSM4299202,mci,0.04306672415293237,0.03553724994027915,0.19531030135078353,0.007711011742443416,0.0521686959245568,0.6225588372087493,0.035435660921188425,0.008211518759067008,0.06389557522364181,OK
GSM4299203,ad,0.025308802461994375,0.06241659609259292,0.23461729961216676,0.0,0.03660531224317126,0.6036505044228881,0.035486124445470404,0.001915360721716177,0.06644967480589499,OK
GSM4299204,ad,0.021710696370393072,0.058756050450247836,0.27724416225471293,0.0,0.04261529204313158,0.5651464179120114,0.02998812831914801,0.00453925265035528,0.06499569201721135,OK
GSM4299205,hc,0.03263707421774914,0.07708232468840172,0.23488884933236515,0.004073121809436876,0.035213980332888056,0.5837783181621191,0.027711049904157067,0.004615281552882894,0.06501138477362191,OK
GSM4299206,mci,0.037167164613502855,0.05499804364331856,0.18144122125826156,0.0004657101154234649,0.04045362959291536,0.6461489175854318,0.031092397431503962,0.008232915759642431,0.062465355024032526,OK
GSM4299207,mci,0.02608529278024614,0.05451002455650098,0.24508308575180637,0.008221676036375183,0.041269395254776076,0.5850436074235762,0.03753266050822478,0.0022542576884942533,0.06775706744918696,OK
GSM4299208,ad,0.03579711447699189,0.06591026669467381,0.23608382252851598,0.0015993681820590543,0.03862077349318503,0.5829125640149276,0.03753939073641688,0.0015366998732297956,0.06507915875483379,OK
GSM4299209,hc,0.03145176672856924,0.060651338569217644,0.2106506752998973,0.0,0.03486513622525084,0.6232786838723964,0.034578992279354105,0.004523407025314546,0.06285799189432852,OK
GSM4299210,hc,0.05116145576578326,0.014967421074690117,0.21039170758295478,0.007861604714825325,0.0508214159825901,0.6142944156479591,0.04510086843349479,0.005401110797702585,0.06664972767186708,OK
GSM4299211,ad,0.02618306306727801,0.05798105398146668,0.2595222399399656,0.0006216513857574581,0.04101477960434421,0.5790949160806363,0.03088872910027253,0.004693566840279281,0.06743784860535033,OK
GSM4299212,ad,0.04425506146823038,0.04170303079202371,0.23124672798019819,0.007439927678711736,0.05044628377685709,0.5870636858466202,0.03416145490370241,0.003683827553656297,0.06472636091368089,OK
GSM4299213,hc,0.047017481950954614,0.03628747060196431,0.21290146967467616,0.0,0.04765303773910739,0.6108515356591425,0.04076072697570349,0.0045282773984514964,0.06460631106908828,OK
GSM4299214,mci,0.024612257728723903,0.057735830264048146,0.23973521867024625,0.0,0.037800222252180445,0.6028575939078177,0.03051699329392792,0.006741883883055651,0.06791291393905471,OK
GSM4299215,hc,0.03403218957943171,0.05913682632948768,0.21469499824887728,0.0031818520726499353,0.04464396307351529,0.6098379773685968,0.024510102222972993,0.009962091104468369,0.06216325270708114,OK
GSM4299216,mci,0.027871986850982952,0.05940598559906379,0.22376923828755882,0.0,0.050050745004481874,0.5987255904483976,0.03161990481334714,0.008556548996167725,0.06493254867953425,OK
GSM4299217,mci,0.03887307206961187,0.03643257375627504,0.20819458784485148,0.0,0.04579235875953156,0.6291459484203749,0.035940924793996146,0.00562053435535894,0.06367638722764189,OK
GSM4299218,mci,0.023855973496254387,0.04326020542657196,0.22601555211237734,0.007560865650833408,0.043088387614906104,0.6144736073459371,0.03408758577162053,0.007657822581499252,0.06702543749311989,OK
GSM4299219,hc,0.010269259747627544,0.06772851946189715,0.25736643364653256,0.0,0.04215350283471708,0.5876511988280231,0.030349618694845454,0.004481466786357096,0.07130088046546386,OK
GSM4299220,ad,0.04093787958784513,0.030862733209543483,0.18543285592327266,0.008336880751504126,0.05069060222039273,0.6397879849611869,0.03389896001005281,0.010052103336201986,0.06624170097746647,OK
GSM4299221,ad,0.024461228389899656,0.0547167488655939,0.23781153195911503,0.0,0.0457669620363947,0.5918369169379322,0.035697673647363044,0.009708938163701551,0.06697584371694018,OK
GSM4299222,ad,0.020766294446175712,0.036718245288420284,0.18351223607547726,0.014431598426362689,0.03682282355776792,0.6602166427900231,0.030681145733339518,0.016851013682433483,0.06433647142730316,OK
GSM4299223,ad,0.02793918248087271,0.0376700759929995,0.2546392853333697,0.0010600247010032304,0.04275441130609108,0.6002623987777127,0.03286464767417964,0.0028099737337715304,0.0661772849640462,OK
GSM4299224,hc,0.03642144218572862,0.060019962940580096,0.22205082757625996,0.005560307986004186,0.036761714623154494,0.6012404185469084,0.03350648822259231,0.004438837918772114,0.06418734676096025,OK
GSM4299225,ad,0.027593725505984178,0.060628310863733666,0.2296782556396148,0.0016639792172829647,0.03875546983647494,0.6077312047398955,0.02824369511545059,0.005705359081563421,0.06436224608267026,OK
GSM4299226,mci,0.03879429623239482,0.07094234265928732,0.25042234024848326,0.010900541481434793,0.04729717800648427,0.5197559150551422,0.05218312545044236,0.009704260866331195,0.07466691292619553,OK
GSM4299227,ad,0.023484706335894435,0.10570724749481522,0.23791663178172168,0.0011541938255487804,0.03411248176890255,0.5509261812266383,0.03537184903805419,0.011326708528424836,0.0670067037112773,OK
GSM4299228,ad,0.03300435295328506,0.09113994702815337,0.2252400167755445,0.0,0.035409916945193715,0.5677647670673064,0.03728706805701622,0.010153931173500759,0.06575211309960372,OK
GSM4299229,mci,0.03236894990140444,0.07436745719750154,0.2367223566882521,0.0029696415292714794,0.04043198150358082,0.5628179380191904,0.038105051528372985,0.01221662363242633,0.06674292207301574,OK
GSM4299230,ad,0.019784008412907415,0.08840680128166402,0.2560686660927198,0.0,0.0383519287115803,0.5484575827341047,0.04030329557978536,0.008627717187238294,0.07195629612180142,OK
GSM4299231,hc,0.02609469625983814,0.08225873042664086,0.19867450764306052,0.0,0.03676985172829119,0.605236631847625,0.041129873874443335,0.009835708220100936,0.06274485939588377,OK
GSM4299232,mci,0.024301861900669807,0.07459584938305526,0.26077753017336835,0.0,0.04629381620167427,0.5451080933740272,0.03813969571451893,0.010783153252686074,0.07087306964824634,OK
GSM4299233,mci,0.01181958023042341,0.08464404957548977,0.24378801396359365,0.0,0.04365579601118552,0.5665037139686236,0.03729324613163353,0.012295600119050367,0.07170293280991608,OK
GSM4299234,ad,0.031941160277590155,0.082033263399064,0.24515497086690818,0.0,0.04570313716575483,0.5468571923718506,0.03986272925796843,0.008447546660863774,0.06913666050057043,OK
GSM4299235,ad,0.03181620452286956,0.09315492530042187,0.197036535688547,0.0,0.034949692887293,0.5896064775317077,0.04051394746811175,0.012922216601049044,0.0652381879305044,OK
GSM4299236,hc,0.03753963066879673,0.04147538593828717,0.2455653436547736,0.0,0.0510255479862701,0.5680255475166749,0.04395224690570958,0.012416297329488143,0.07076242838972473,OK
GSM4299237,hc,0.03582314606687649,0.04378034913183453,0.18217489060494502,0.0,0.05262592197440457,0.6164627454086338,0.052682544388485214,0.016450402424820362,0.06816816233545545,OK
GSM4299238,hc,0.031268467460963456,0.04280819205478626,0.22732608413040933,0.002690978588615746,0.03618201956197133,0.6182564712029963,0.03632857253135981,0.005139214468897754,0.06581310980435068,OK
GSM4299239,ad,0.0279815608113464,0.0638248437960469,0.2308207727331727,0.0,0.04313939716573209,0.5941277130446466,0.036775217408691475,0.0033304950403636774,0.06805188638728145,OK
GSM4299240,mci,0.024696005215543264,0.05888122213475741,0.205865579062761,0.005173158899778508,0.032311629773481204,0.6331234777275367,0.030046599644729065,0.00990232754141301,0.06674727682394367,OK
GSM4299241,hc,0.04561507161806278,0.06565784744429895,0.18781547129075749,0.006802626554531126,0.03524393678880731,0.6187892676184688,0.03128845160700795,0.008787327078065474,0.06095961821544467,OK
GSM4299242,hc,0.04193919555978978,0.038839979536050145,0.20251403042999094,0.007400086665286871,0.02977225729028421,0.6386599997836906,0.03223256422875396,0.008641886506153554,0.05986720742517209,OK
GSM4299243,ad,0.00915285290915336,0.07569303457723359,0.22086253449959614,0.004074232548489086,0.0359942934353343,0.6219504615221619,0.029773008997911687,0.002499581510119846,0.06773773649801723,OK
GSM4299244,hc,0.03488417174269328,0.06347814266597221,0.16196027537066665,0.0,0.03768142183849845,0.6567082580206216,0.035596671452540744,0.009691058909007033,0.05966142863087196,OK
GSM4299245,hc,0.051390048347077555,0.06277452772115774,0.2055315107852645,0.0003909195493973657,0.041738377025466095,0.5994547877778525,0.03527594853380632,0.0034438802599779717,0.05979660069715559,OK
GSM4299246,mci,0.027406248179152604,0.029164813469738152,0.21815558290095133,0.002179502693946999,0.04856311745555023,0.6266133303008131,0.039273288736401686,0.008644116263445889,0.07037135502901508,OK
GSM4299247,hc,0.02993019741642791,0.04102139593920904,0.2466368843196911,0.0,0.0488682446497308,0.5985068491005551,0.027623458772796736,0.007412969801589295,0.06659054531442478,OK
GSM4299248,mci,0.04591948414526371,0.06095894664118108,0.2690367142703716,0.0,0.0377462932370481,0.5501612621494889,0.026926219175676024,0.009251080380970635,0.0695856345444448,OK
GSM4299249,mci,0.041831060531589935,0.0823689160399327,0.2651899865850009,0.0008838922396526699,0.033303156504474615,0.5366720733290082,0.02942537464223412,0.010325540128106745,0.0660117625717385,OK
GSM4299250,hc,0.03819373426495475,0.04681077859364016,0.1895346151549593,0.0,0.04687394813939889,0.6385871490286585,0.03699828125505973,0.003001493563328528,0.06276187233365774,OK
GSM4299251,hc,0.02848243059038817,0.04790324794368446,0.20677163625661804,0.0,0.0384542348156753,0.639113968507474,0.03555027897131829,0.0037242029148417868,0.062043172286320517,OK
GSM4299340,mci,0.021205056304597854,0.04852832873332868,0.2114612850340004,0.011237216844751898,0.03623690409017241,0.6423799268028878,0.025770263520075828,0.003181018670185166,0.06495567844223193,OK
GSM4299341,hc,0.026296348948476912,0.06215152891827772,0.23868459322655405,0.004488949165455702,0.04207094333074346,0.5917413552829806,0.028332783911528787,0.0062334972159826365,0.0672495398910068,OK
GSM4299342,hc,0.024992897913532014,0.04078104690748793,0.20475555101369236,0.005412653011900109,0.04463871274796548,0.6366168063162931,0.0393225569910244,0.0034797750981046685,0.06290148756898134,OK
GSM4299343,mci,0.019972834055994912,0.0551287006829237,0.22279933100222601,0.0,0.04568922556186338,0.6223635439953442,0.031433397343278255,0.002612967358369664,0.06685565520832913,OK
GSM4299344,mci,0.056181444721114505,0.027732256224132945,0.22469630388363956,0.0,0.030933625094492097,0.612657938272238,0.04062940032886659,0.007169031475516377,0.06488208735937225,OK
GSM4299345,hc,0.041142307915997094,0.03097698279207848,0.2024337732241051,0.004261455047325008,0.039428002911637165,0.6471848975920275,0.031161010485656063,0.0034115700311736236,0.06506788366794773,OK
GSM4299346,hc,0.008837928341584828,0.0776216279689351,0.23034287069355786,0.0,0.03304456490069851,0.6135636897021309,0.028057442159242406,0.008531876233850185,0.06608200630735823,OK
GSM4299347,hc,0.02544421051435687,0.05661123683193301,0.2482548077589481,0.0024338118273418237,0.05175043270304282,0.5852895123251025,0.023249349540511218,0.006966638498763609,0.06789081844983613,OK
GSM4299348,hc,0.04119320014672531,0.039745106661961474,0.2879353189438524,0.0,0.04920764520859704,0.5485496536362536,0.02499469401340356,0.008374381389206507,0.06587460266401671,OK
GSM4299349,ad,0.024440344628950342,0.08700597730528922,0.2024077363723617,0.0,0.03424882935842072,0.6128105351815929,0.03418630948944626,0.004900267663938805,0.06434483517401376,OK
GSM4299350,ad,0.027458324356806153,0.06372228444134764,0.2530341616117818,0.004870560631066245,0.04196360743116851,0.5709479784620023,0.030500180873888078,0.007502902191939269,0.06577372652374393,OK
GSM4299351,hc,0.030253027270342982,0.051550975775702,0.19487144807368809,0.0027607637401745027,0.035764363866197885,0.6477118033920582,0.03708761788183627,0.0,0.06062713109789229,OK
GSM4299352,mci,0.020644677072374242,0.045883345421830896,0.21309134695441692,0.0,0.03566847078248569,0.6444865072420677,0.03560746843946099,0.004618184087363622,0.06462819007998448,OK
GSM4299353,mci,0.0321534149179681,0.05676826646678813,0.1959047193856345,0.007926512011497255,0.031036971769741812,0.6413851776939408,0.028378582436192852,0.006446355318236583,0.06369489430109102,OK
GSM4299354,ad,0.031146321123408698,0.07919050561071254,0.2083315299041595,0.0,0.03476472082279466,0.6075218818121653,0.031487196662443574,0.007557844064315708,0.06498136285085437,OK
GSM4299355,mci,0.020339340346482743,0.07299957424320108,0.2097231144372266,0.004030797126182235,0.0307429953532445,0.627696512240071,0.026742427236740442,0.0077252390168515315,0.0627076415916306,OK
GSM4299356,mci,0.036281534228063815,0.03944856093874385,0.21842728098491707,0.00591786837025257,0.03304403779244788,0.6345835095596889,0.030704230881126792,0.0015929772447590982,0.0629211956448394,OK
GSM4299357,mci,0.03984805143127585,0.0377986173259091,0.19534345097510897,0.006249727094336306,0.042407769610254345,0.6396821145158709,0.035124144772637644,0.003546124274606899,0.0625424066769058,OK
GSM4299358,ad,0.027309063702187962,0.04566392668146018,0.1998407619687291,0.00031402272607700945,0.04304594807622552,0.6438372824455761,0.03406136638151014,0.005927628018233969,0.06521824502682876,OK
GSM4299359,ad,0.04080411260318359,0.08186140955820766,0.20870380738684566,0.0026527012345213914,0.03206706444057991,0.5955377772664386,0.03370637779595742,0.00466674971426557,0.06269038999148496,OK
GSM4299360,ad,0.04719626145640671,0.06457243925090045,0.15931591349191512,0.009109500787558046,0.03757951205220145,0.6380152469232787,0.03548772347131166,0.008723402566427948,0.05954187988623989,OK
GSM4299361,hc,0.027519322872701327,0.0660192481548031,0.2629742890467908,0.0,0.046640474743443926,0.5351347759833726,0.047998889062946054,0.013713000135942156,0.06796723312193424,OK
GSM4299362,hc,0.04286005016558118,0.0587915899253389,0.16293492914308358,0.0,0.05490370458494881,0.6153885920174552,0.051886836555745476,0.01323429760784681,0.06549242976398706,OK
GSM4299363,hc,0.02973667572046184,0.10513381538612422,0.22863560481814052,0.0,0.04776643241264566,0.5334856862827472,0.046105449859744324,0.009136335520136327,0.06814981302350066,OK
GSM4299364,hc,0.01932208701388765,0.07579176942325738,0.2421208221439013,0.0,0.042203447186019497,0.5671136924903025,0.04103058755770863,0.012417594184923,0.07281041920355544,OK
GSM4299365,ad,0.01972108424458652,0.09585391789975846,0.23425916208468567,0.0,0.037327483446488084,0.5641457568006849,0.039039841609596886,0.009652753914199385,0.06970120738925813,OK
GSM4299366,ad,0.01730738061963275,0.08369829307638019,0.25295572500143465,0.001802725839466771,0.04141751327501323,0.5455226964908089,0.0456883283864932,0.011607337310770394,0.06998853141160621,OK
GSM4299367,mci,0.03571549274423068,0.08256632686580756,0.1758613847652647,0.0069547571613344334,0.040723767839520995,0.606738013345664,0.037067386376126416,0.01437287090205126,0.06556909518002732,OK
GSM4299368,ad,0.024852115130269865,0.09723782353569775,0.22755268502291298,0.0,0.05137758312515009,0.5395130538090578,0.04757015003118051,0.011896589345731018,0.06918135044168074,OK
GSM4299369,ad,0.02919364291663169,0.06308610923622417,0.2247034931216216,0.0,0.041808266932391716,0.6048613623131109,0.03033673486022182,0.006010390619798167,0.0664560959213832,OK
GSM4299370,mci,0.03974486879678269,0.07166607998259261,0.21166690656410006,0.0,0.036957707768693886,0.6091339261422604,0.0244725923452287,0.006357918400341675,0.06235740561657565,OK
GSM4299371,ad,0.024731192495641936,0.06512963650144124,0.25971054068338273,0.0008618276478031439,0.03236820040796966,0.5858163260628666,0.02859381956200099,0.002788456638893627,0.0697353598809482,OK
GSM4299372,hc,0.03758771935273771,0.04870819615401915,0.22114989590331496,0.0038161701253226618,0.0394064763363048,0.6101063013738447,0.035359742728047566,0.003865498026408546,0.06319047379613359,OK
GSM4299373,ad,0.042395689355834314,0.06691644141165398,0.23892638630523333,0.007219594259401267,0.03749774176468592,0.57539683653622,0.02983654346188767,0.001810766905083494,0.06368137188688615,OK
GSM4299374,mci,0.039797974051245466,0.059099362156065864,0.22943631540603693,0.0,0.044582190776073276,0.5920019806314901,0.02708566848946962,0.0079965084896187,0.06550457582161563,OK
GSM4299375,hc,0.023062016265608377,0.054707224932063744,0.18366630478809512,0.0,0.04458511633670515,0.6576557844618016,0.028372118000819464,0.007951435214906587,0.0629930135774568,OK
GSM4299376,mci,0.03327555603466049,0.04525155646783458,0.18945178970812424,0.0,0.05145703966197793,0.632325610912687,0.03634926021077143,0.011889187003944285,0.06659675652514238,OK
GSM4299377,mci,0.04370027610269271,0.0172148395881916,0.21527897151585498,0.00010694004175882711,0.049531282552554304,0.6316833392740925,0.03562319796588431,0.00686115295897083,0.06772680192769644,OK
GSM4299378,hc,0.035712758779598744,0.0736991238954258,0.23454838820790977,0.0017933467529097184,0.045922952002795926,0.5701571050458553,0.029131117392089633,0.00903520792341522,0.0672777994230753,OK
GSM4299379,ad,0.03452118754217424,0.047248808210685694,0.20623439333825616,0.003705813508394304,0.04105414248423947,0.6250705451556591,0.03562129275948026,0.006543817001110688,0.06435330440229738,OK
GSM4299380,ad,0.026777088948567004,0.05634415780388213,0.18223803950337494,0.0035292377894378065,0.046463302087234516,0.6387291317542577,0.037010477501361126,0.008908564611884847,0.06422122624818662,OK
GSM4299381,hc,0.030027446019463867,0.06358039544667951,0.20428214736614345,0.005907837072910134,0.03626806916103096,0.6208889729137528,0.031086608738786735,0.007958523281232527,0.06512722920580036,OK
GSM4299382,ad,0.040913003035818706,0.06891518245432073,0.1801641067449029,0.006638542456566653,0.04308550613123939,0.6156551337401259,0.04018156336629833,0.004446962070727352,0.06530193182884773,OK
GSM4299383,ad,0.018062730668854686,0.03826392406534608,0.24122129745891718,0.002951559541588282,0.03933514313173824,0.623119322502307,0.02802596378154759,0.009020058849701074,0.06712200886390124,OK
GSM4299384,hc,0.024403102731187582,0.06346076042734836,0.19522991381262503,0.0,0.030416621297750353,0.6480911849493408,0.031529372201251564,0.006869044580496272,0.06228390947392173,OK
GSM4299385,hc,0.028989319453775177,0.05915561539218022,0.1932440785145663,0.00561943823644177,0.03261635896044593,0.6403024512058717,0.031918206815548675,0.008154531421170341,0.061886647019946874,OK
GSM4299386,mci,0.015080292961543085,0.06699300425616654,0.22983043686979354,0.0024389978816006003,0.03833103184158721,0.6099369013485643,0.0325818618689559,0.004807472971788864,0.06562636788307712,OK
GSM4299387,hc,0.035451837645282785,0.0189837536268037,0.23263616379988028,0.005034954900896529,0.049612294804004496,0.6139400012352279,0.03939865660079806,0.0049423373871064335,0.06624969517410743,OK
GSM4299388,ad,0.042530423482337834,0.038186621116517855,0.19883070885068876,0.01579046422386099,0.045261647490851264,0.609204915132686,0.03593360850513895,0.014261611197918108,0.06638710211038516,OK
GSM4299389,mci,0.031157456221237004,0.05166412970963153,0.25264954687395647,0.00040827931645941694,0.03968308766176427,0.5839836296580413,0.032727834559143125,0.007726035999766928,0.06924021613240726,OK
GSM4299390,ad,0.019917984854909036,0.04590848522041348,0.2871319750570254,0.0069481042065895554,0.04005220191320793,0.5538992245468662,0.040671531706204356,0.005470492494783993,0.07128375243056376,OK
GSM4299391,ad,0.02802194385506342,0.06690563234916046,0.25006522755195715,0.005063306511426677,0.03234968837527599,0.5939195642153637,0.022603057316887783,0.0010715798248647763,0.06783316275439882,OK
GSM4299392,ad,0.023134220050172932,0.07545856677766609,0.21865859971468618,0.0,0.0358483435190735,0.6149736487448657,0.030526451687305896,0.001400169506229701,0.06688687550253027,OK
GSM4299393,ad,0.041011854953272905,0.04994314455090827,0.23031869299792504,0.005289958876135641,0.038814441732043695,0.5989782866428538,0.03414037237556871,0.0015032478712918547,0.06234211668177394,OK
GSM4299394,hc,0.026181617657607164,0.03879356724237384,0.23193045399718992,0.012048674079447288,0.049558045564616224,0.5980984121066779,0.03980945532704147,0.0035797740250461856,0.06742625353076345,OK
GSM4299395,hc,0.03008433227299871,0.09773239810489984,0.18357746711908218,0.0022014271366958397,0.03237461000672371,0.6233237298717195,0.02661893670602988,0.004087098781850314,0.06070317306563231,OK
GSM4299396,mci,0.036677629922328446,0.05911955856511031,0.24233620029906516,0.004501000073235992,0.03951809004145046,0.5831086129459065,0.029493004061011647,0.005245904091891524,0.06396199284173222,OK
GSM4299397,hc,0.04002082771963815,0.06551329854809114,0.21425893983683236,0.003262036394869807,0.03422817739448478,0.6074703603277272,0.032247986338244924,0.002998373440111649,0.061374072418499424,OK
GSM4299398,mci,0.03198707785804826,0.08748789656267351,0.19503626978427915,0.005013294554406277,0.033177868892990556,0.6118950715289486,0.03206895565159358,0.003333565167059965,0.06272615433461483,OK
GSM4299399,mci,0.03648015419718621,0.03178782298441314,0.2272920487773894,0.001352876121948203,0.04706297206995248,0.618182220685576,0.03176802190629674,0.006073883257237787,0.06420722755396839,OK
GSM4299400,ad,0.03500595895975443,0.052127672661370784,0.21652167255166344,0.013433448086768393,0.03491097313944007,0.6118782102554662,0.03177306956288265,0.004348994782653903,0.06340808329166016,OK
GSM4299401,hc,0.02739981399562381,0.06747959606941974,0.2446581892152353,0.0010675581125115254,0.029553582036612618,0.600515221469168,0.024711412717127613,0.0046146263843013045,0.06573722815071419,OK
GSM4299402,mci,0.03569420550459827,0.0382731347815593,0.19524309457706718,0.00531738093428748,0.03934053933339673,0.6458942005034852,0.03465788487038436,0.005579559495221421,0.063313300483665,OK
GSM4299403,ad,0.021503995611859006,0.07019250850762243,0.24096428541310896,0.0,0.033089083627063004,0.6018933572301688,0.028366262326561996,0.003990507283615901,0.06800857722989458,OK
GSM4299404,mci,0.003429528920100157,0.0951245598716707,0.26119526827356193,0.0,0.03010870788587088,0.5842380940328151,0.025212572848677343,0.0006912681673039182,0.07361535651274902,OK
GSM4299405,mci,0.04694848593123834,0.07118565545226677,0.14693682785888962,0.0013844812408740977,0.04893863766809686,0.6428379298824788,0.03197888058902561,0.009789101377129903,0.06546104943234014,OK
GSM4299406,mci,0.015302649628794608,0.05068796487054884,0.2682719044822438,0.005349467279131713,0.034165067410481836,0.5939249942925184,0.027004910076214424,0.005293041960066242,0.06777847324125964,OK
GSM4299407,mci,0.03152765489871355,0.05441373937358728,0.18427222196202836,0.0,0.04637281525629147,0.6399534729866407,0.035786702047734646,0.007673393475004023,0.06156362687359416,OK
GSM4299408,ad,0.03300932486143371,0.05321899146189501,0.22168293767649425,0.0,0.04079140126276299,0.610880576452724,0.038298262211479,0.002118506073211187,0.06096980439246016,OK
GSM4299409,mci,0.016108263989125557,0.060197143560088526,0.25550164006067,0.0021067558788701226,0.04234749599782312,0.5889201901250758,0.03127497583232476,0.0035435345560219725,0.06747044650686372,OK
GSM4299410,ad,0.019433691144557556,0.04122195092177484,0.21414108128827122,0.0007108513232134276,0.047565591770313914,0.6392307978830165,0.03226127907314896,0.005434756595703485,0.06532602698681585,OK
GSM4299411,ad,0.03409882104086113,0.0849048891936842,0.20531274347177098,0.0005698070353685001,0.04280033958843413,0.5943566792588287,0.036674467284649334,0.0012822531264030782,0.06216806232300755,OK
GSM4299412,mci,0.02930850250718297,0.046126315436264845,0.24462733719441165,0.005886008820100561,0.042832122419581835,0.5971087072065011,0.02792004974776595,0.006190956668191038,0.06874479776221402,OK
GSM4299413,mci,0.03237452929301012,0.06428643997164343,0.26581621613675366,0.0,0.03961153818227473,0.5688254734342634,0.025190829514465916,0.003894973467588685,0.06954963496125269,OK
GSM4299414,hc,0.041232161064273895,0.0450949350544187,0.19183048726235574,0.0016271579224744286,0.04985986840919637,0.6320886737609298,0.02768944880113896,0.01057726772521225,0.0637340055230911,OK
GSM4299415,mci,0.021792869938006196,0.07414235934180487,0.21947425685222494,0.0013425796014155506,0.03638207801138126,0.6115774014739578,0.027612148014558188,0.007676306766651243,0.06404465145177678,OK
GSM4299416,mci,0.019442885961953673,0.06896170078041783,0.23807946353258053,0.003111503238028639,0.027909240346366552,0.6125470464929575,0.02691292296327078,0.0030352366844244457,0.06477424545764011,OK
GSM4299417,ad,0.034414419047249276,0.06555010490815748,0.20560146015039485,0.005598775068607122,0.03552036835235675,0.6199356577929271,0.029125551071353846,0.004253663608953475,0.0669694509322167,OK
GSM4299418,hc,0.026479744968992223,0.07028359452235161,0.16734805427353958,0.0,0.034658043647836825,0.6626886933254036,0.03328305609237675,0.005258813169499435,0.058360954633794045,OK
GSM4299419,hc,0.04076491357011629,0.04713976159405961,0.1913533043323243,0.012635472239743218,0.03797681570202918,0.6321866601199504,0.029288059442349364,0.008655012999427588,0.06397277356819478,OK
GSM4299420,mci,0.02109511957600506,0.035197253009080914,0.24841095099651953,0.003989672671675664,0.036973813862739666,0.618495536127895,0.033523787075945895,0.002313866680138098,0.06573679461579442,OK
GSM4299421,hc,0.03653280858853855,0.09050674332623744,0.20100115151725328,0.007772522878360592,0.030646124339307065,0.5996773498593239,0.03008192298828299,0.0037813765026961797,0.06005022741656248,OK
GSM4299422,mci,0.033486499110249326,0.050793964409027836,0.210055712861323,0.0,0.04721160522481844,0.6194629215211901,0.032862210143176016,0.006127086730215234,0.06383128339930795,OK
GSM4299423,hc,0.015766429770159716,0.06631322698811147,0.23561971562014494,0.000660824653976854,0.034116436913538106,0.6112701129738973,0.027586851962403652,0.008666401117768107,0.06927918410224182,OK
GSM4299424,hc,0.028606038254211437,0.056631287825958776,0.29167418935002787,0.01070732951128971,0.05216166389354688,0.529186780163084,0.0213292959874457,0.009703415014435623,0.07379541116377526,OK
GSM4299425,mci,0.009032109698763686,0.08354763380629548,0.25710994123400216,0.0,0.032081756687871346,0.576401337066869,0.033953779292995666,0.007873442213202707,0.07158892209121724,OK
GSM4299426,hc,0.024075954796732267,0.0899290080070814,0.21488210258058738,0.0,0.03439840794781512,0.6092182978581379,0.025455177128804674,0.0020410516808413944,0.06303634900298094,OK
GSM4299427,hc,0.023735870284502032,0.0440210032459759,0.20416308464453808,0.0,0.03611065873874523,0.6549974827853009,0.03441598555655033,0.002555914744387618,0.06047440964805519,OK
GSM4299428,mci,0.03862747254313856,0.05937392028930621,0.2692199200728085,0.00975023663833069,0.04329114465543397,0.5412856772067545,0.03005588499937313,0.008395743594854427,0.06222747521574729,OK
GSM4299429,hc,0.02832024128579163,0.04126607628339188,0.22759292527816058,0.006365101093266389,0.036081693260675146,0.6178523682785242,0.03737793149970505,0.005143663020485238,0.06644780519908362,OK
GSM4299430,mci,0.03637899788019945,0.049560634457862546,0.1982780264396472,0.00642373040763111,0.0438361036480339,0.6326855449191899,0.02733664713865354,0.005500315108782384,0.06421855202176131,OK
GSM4299431,ad,0.03024421843242116,0.08644124012818116,0.1510477438320914,0.0005397602407036075,0.04866659478958678,0.6367093168113086,0.0393276169006736,0.007023508865033585,0.06346834084892405,OK
GSM4299432,ad,0.015501891518233935,0.07455533139907337,0.2526853422606374,0.0004647108058301913,0.03538508877705537,0.5834296868864611,0.030375922622180633,0.007602025730527921,0.06861432843982927,OK
GSM4299433,ad,0.04232224226241137,0.044904869315637586,0.1788070832969989,0.005643817192772994,0.04312980216812648,0.6395662260020827,0.035210188574959764,0.01041577118701034,0.05996679721013737,OK
GSM4299434,hc,0.0344565351520828,0.060916084838831555,0.2012686258562468,0.00863633610101839,0.038217609873991566,0.6115180487932668,0.03672738331987038,0.008259376064691695,0.06197072631395237,OK
GSM4299435,mci,0.030398881097440638,0.07058882664473748,0.20027319100671376,0.0036357084872445967,0.03519356596712229,0.6219892929259345,0.028174200705269346,0.009746333165537347,0.0636803527723942,OK
GSM4299436,ad,0.02286046317951899,0.09005319477902626,0.26694375728175923,0.0,0.036742539107952624,0.5516722301832395,0.029984401254100464,0.0017434142144027828,0.06631298617199678,OK
GSM4299437,hc,0.033247937670025665,0.049483054723479324,0.23222912677588164,0.0,0.04255275507426982,0.6043195103349761,0.0329951157742364,0.005172499647131022,0.061529062041413556,OK
GSM4299438,ad,0.034928183213751685,0.05026238225493594,0.2163224825226831,0.0018707630261000506,0.049953524622391166,0.605776707671866,0.03528991517831498,0.005596041509956984,0.06580439757940065,OK
GSM4299439,mci,0.03031852536573501,0.07236778845772618,0.21430247782639011,0.005718429296740036,0.037978143683273756,0.6013317184374529,0.03440943306145533,0.0035734838712265867,0.06251375789487225,OK
GSM4299452,mci,0.02133749390608553,0.04859319769908042,0.26126811316826626,0.001335563337927143,0.0427462821349191,0.5930100984659117,0.02639330231416238,0.005315948973647416,0.06893116532460414,OK
GSM4299453,ad,0.029413961188224813,0.04452939857821221,0.1665902494482412,0.0050992033645590185,0.04281448476747908,0.6690775409194626,0.0383762099875446,0.0040989517462767175,0.06357157969779374,OK
GSM4299454,hc,0.03759254406008095,0.0611805733241684,0.17235619809138547,0.006412983215496155,0.03955594763700908,0.6479256847372901,0.030692007277748203,0.004284061656821802,0.0638106955492741,OK
GSM4299455,ad,0.01659929353229774,0.0693197053247752,0.2575347099258453,0.000969863947023726,0.035276925523102035,0.590789304854402,0.029510196892553964,0.0,0.07093881261496145,OK
GSM4299456,ad,0.013605100588687927,0.08187559567950647,0.25401195504632224,0.0,0.0459233310748419,0.5662914893588451,0.0318678113177938,0.006424716934002661,0.07100806770453608,OK
GSM4299457,ad,0.03497711204487649,0.05626143920582542,0.24296721814998293,0.0,0.043415999277275394,0.5865420837880678,0.03583614753397198,0.0,0.06694703602683506,OK
GSM4299458,hc,0.031173085345404368,0.04104265557682742,0.2349336033321422,0.005808441292770472,0.04556017930895424,0.6026832796042441,0.03365453000856376,0.005144225531093526,0.06720970175527817,OK
GSM4299459,hc,0.025513268136646797,0.04354160323012613,0.23047414841528377,0.0035632321452785686,0.03327023045456361,0.6233268173007076,0.03273594382214857,0.00757475649524502,0.06718846111486189,OK
GSM4299460,mci,0.01576055484854444,0.09247251077690151,0.24988626792779745,0.001478451734946722,0.0333156580274231,0.5747983942052199,0.026711290813197983,0.005576871665968902,0.07046681593265802,OK
GSM4299461,mci,0.042023612515890645,0.05915675189784999,0.2073406281393563,0.0072803282204266274,0.039935626919144956,0.6056679599402823,0.033300488517010625,0.0052946038500383975,0.06319475859422542,OK
GSM4299462,mci,0.030146778634054704,0.02439774599557944,0.22227679372584064,0.006250837708964019,0.05346690380439951,0.6249149890529386,0.034019383644843124,0.0045265674333799175,0.06743485162149637,OK
GSM4299463,hc,0.03031786231055738,0.038814013154180996,0.19045176180166812,0.0026363298360661,0.050627562170743656,0.6426765319496227,0.03693489735929094,0.007541041417870166,0.0665613811365384,OK
GSM4299464,mci,0.018217167326246866,0.07009791027670784,0.2545913320945925,0.002196417143820375,0.04557331825129488,0.579094539255595,0.02823084848659521,0.00199846716514739,0.07131970848505127,OK
GSM4299465,hc,0.02322818783376099,0.07142719063073914,0.2303720608763924,0.0,0.03745830103917524,0.5961563698333925,0.034524762111302836,0.006833127675236894,0.06410663145006106,OK
GSM4299466,hc,0.02604148985559829,0.07020914351745071,0.2177620019775946,0.004350385165027587,0.03402539368261295,0.6137720686929534,0.029244472768338067,0.004595044340424397,0.06313377107053648,OK
GSM4299467,mci,0.01449513877396323,0.07670888230316854,0.2235339259710426,0.0059565543439058935,0.03728779203944907,0.6115446031936418,0.02896888821401527,0.0015042151608135657,0.06683513888836459,OK
GSM4299468,hc,0.030027404864280793,0.07692656003465172,0.19407698061433293,0.001589052184055045,0.041534542326101064,0.6227861298043864,0.026173776556146118,0.006885553616045935,0.0634531063628257,OK
GSM4299469,hc,0.018972973250863362,0.09399448859297493,0.23019570952631951,0.0014961962673223988,0.04720795286832673,0.5566883708853967,0.041084487657002636,0.010359820951793709,0.06327473723926917,OK
GSM4299470,ad,0.013717002699833218,0.09058355935793691,0.19769967769033125,0.00485882582156887,0.03033562856636654,0.6312305295982361,0.028123761897591342,0.003451014368135674,0.06373485825647711,OK
GSM4299471,mci,0.02132472562876385,0.054028402627981066,0.25932069471567576,0.0,0.036947115598727445,0.5933246177442512,0.03027108836902255,0.004783355315578109,0.06392245743949468,OK
GSM4299472,ad,0.01589887744765514,0.05302527556478077,0.2109577918562075,0.0015364927591965988,0.04736574615638528,0.6299367708100663,0.034354593364503215,0.006924452041205195,0.06543713289685504,OK
GSM4299473,ad,0.03549301540950383,0.08252676253435509,0.2004216352277728,0.00783543988997948,0.0326114203122147,0.6041295934361474,0.03313735653028292,0.0038447766597439754,0.061083063498961206,OK
GSM4299474,mci,0.037574558632426217,0.04888779906620606,0.21983661401288584,0.0,0.03640846930967934,0.6154819372133965,0.03570812433776979,0.006102497427636255,0.0612332992409241,OK
GSM4299475,mci,0.02565143435745507,0.0567804766319794,0.25272332045520346,0.000346262927660948,0.03963259816115651,0.5860010505121256,0.031075907000288054,0.007788949954130988,0.06766154836104504,OK
GSM4299476,ad,0.045983338518754496,0.06441473405967316,0.21991442512570358,0.005227027292012668,0.03474249028121523,0.5917953326726447,0.029095279448397245,0.00882737260159895,0.06318146643607364,OK
GSM4299477,ad,0.021176513753738205,0.05225148112174293,0.228079423789304,0.0,0.04038527289418921,0.6181139929355682,0.03530728533432321,0.004686030171134107,0.06713816286029664,OK
GSM4299478,hc,0.028811756508715494,0.057820442327570276,0.23562756421722852,0.010063054580914423,0.03328027988909564,0.5955343719120284,0.029536118293845594,0.009326412270601488,0.06279769850727288,OK
GSM4299479,hc,0.026335047290309634,0.04780086945745323,0.23167076915206808,0.008616291163439978,0.042838695352432656,0.603333905523834,0.03915678241975253,0.0002476396407099261,0.06546832606513994,OK
GSM4299480,mci,0.03041835781342151,0.04725982423169804,0.22843006279626496,0.0033894184965048433,0.04492898570208522,0.6053879005920298,0.03395542071147218,0.006230029656523341,0.065313227849821,OK
GSM4299481,mci,0.02309606284033304,0.05104218670176245,0.2318345944029197,0.0,0.04449024267284243,0.6043420098807595,0.04032630165119776,0.004868601850185195,0.06444022522283963,OK
GSM4299482,hc,0.028276307065959645,0.05364844042450738,0.2447499230310084,0.0025511363869526135,0.04868197212169258,0.5839171319215758,0.0361214342809676,0.002053654767335848,0.06719540784425743,OK
GSM4299483,hc,0.0334366977172864,0.0658949521077659,0.20899355691189953,0.003664864567069061,0.03985891018197026,0.6123830731751745,0.030632879548793443,0.0051350657900408325,0.06361896303588868,OK
GSM4299484,mci,0.040550027137284554,0.06967895154572229,0.23761619840612663,0.00527635902018901,0.03533114869689,0.5773682051467097,0.026367276432227527,0.007811833614850419,0.06572020334522068,OK
GSM4299485,ad,0.01794197071457996,0.06211792336882221,0.22120854343092314,0.0,0.03168161022793068,0.6294197864136079,0.028605080372668026,0.009025085471468144,0.06451280303035287,OK
GSM4299486,hc,0.0343282440815467,0.08052512534691261,0.21739239870267016,0.0,0.03636661652066338,0.597251466399305,0.03117783992922259,0.002958309019679619,0.06254766413330826,OK
GSM4299487,ad,0.04086775068133572,0.0843158296106081,0.23769249659987068,0.015386464381265686,0.03927625821491866,0.5358482343936005,0.03782435407133248,0.008788612047068177,0.06686720022468363,OK
GSM4299488,mci,0.02849836330606205,0.052276553312928804,0.23729433558100949,0.01059273447425696,0.04118696719293105,0.6015330386720332,0.024893046084473444,0.0037249613763050094,0.06703185468592343,OK
GSM4299489,mci,0.02713691899968934,0.07358358241303048,0.17991835295333808,0.0010911662670744352,0.045066741265694994,0.6306401163605952,0.03856757568630902,0.003995546054268371,0.061652823302267144,OK
GSM4299490,ad,0.01827458405985997,0.048299976864169133,0.26045307705778487,0.0,0.042310549312707946,0.5997764337870315,0.029022877033282716,0.0018625018851638146,0.06944738397859021,OK
GSM4299491,hc,0.030687119225389463,0.07360004618169406,0.21988061313994864,0.0013764524127400511,0.030438336082075395,0.6052705589464775,0.03445930554678665,0.004287568464888148,0.06304914249727112,OK
GSM4299492,hc,0.02370441952899176,0.07226967863240395,0.2873495008179645,0.0,0.03716500583196867,0.5486825484427557,0.025148335587393482,0.0056805111585218355,0.0697964551881101,OK
GSM4299493,hc,0.022331764650306667,0.06731569462951661,0.23830177491336668,6.300042353507953e-05,0.03498028495498087,0.6024337115538807,0.032649847336821365,0.0019239215375918845,0.06863199614863257,OK
GSM4299494,mci,0.04111948501231638,0.07991610631182428,0.18292757184190522,0.004885904157914429,0.03432458977780549,0.6235513661821174,0.02934737985764411,0.003927596858472681,0.060649859392017086,OK
GSM4299495,ad,0.01953950046464032,0.03688842133643749,0.2508967313803344,0.010061096256640579,0.03310125531691098,0.6116327860724216,0.034332657779999894,0.0035475513926148013,0.068333857213437,OK
GSM4299496,mci,0.030895336551298475,0.03127977131604317,0.24568592523310673,0.0,0.04377241641925602,0.606711304979621,0.033336637567086824,0.00831860793358771,0.0659453290475814,OK
GSM4299497,mci,0.04770997364056125,0.03138461357619193,0.19199617425799687,0.009329984907950006,0.04927852357393036,0.6284108717958495,0.03443098337672683,0.007458874870793352,0.06489470959267919,OK
GSM4299498,hc,0.03812265559815421,0.0489138414592465,0.23997956834528913,0.004165570962434473,0.035390886046015264,0.5937258949608802,0.03421186901136607,0.005489713616614142,0.06967952784472743,OK
GSM4299499,hc,0.04134191471363266,0.051882974871168046,0.24347173140487638,0.00358605712331076,0.033486498012266545,0.593495433521907,0.03202636531790685,0.0007090250349316069,0.06532898104608811,OK
GSM4299500,mci,0.034498276819600056,0.04021735180507506,0.21661509757445774,0.01128382853657757,0.047466224053073464,0.607232340605037,0.03640203716187365,0.006284843444305538,0.06532693953788896,OK
GSM4299501,mci,0.024828693622288192,0.036845886305137285,0.24703153560229396,0.003065905922234085,0.04672386264065478,0.6107637628051654,0.025186319586977157,0.0055540335152490985,0.06547747432471351,OK
GSM4299547,hc,0.009161864265367945,0.07157096826057148,0.22646089114844578,0.0,0.03703629181371874,0.6257978231794361,0.027395510239402173,0.0025766510930577864,0.07033742586847808,OK
GSM4299548,hc,0.026262964386396574,0.041269974613572374,0.26212985755620594,0.000806396706003961,0.038920161126412015,0.5910730590590382,0.033911028502878374,0.005626558049492598,0.06701081482596484,OK
GSM4299549,hc,0.022137770014689858,0.044153626749462195,0.21077695560146562,0.005818921782640228,0.038491203004937746,0.6364021526643102,0.03657235465154394,0.0056470155309503904,0.06368844625708202,OK
GSM4299550,hc,0.0332809460367057,0.05479513577501407,0.2400679761196558,0.003321601879808102,0.04316654884587135,0.586414875593985,0.03111928634331221,0.007833629405647784,0.06861947507156789,OK
GSM4299551,ad,0.029984898505646295,0.08011733847312193,0.190271191351767,0.007400762142339656,0.04302343202532982,0.6070992375944196,0.0373361563374939,0.004766983569881775,0.06398864993886193,OK
GSM4299552,hc,0.02111370980715186,0.0688398238833921,0.2633819909466341,0.0006813519380223778,0.04650981693887643,0.558527422424272,0.038019516141503645,0.00292636792014735,0.07038362456463783,OK
GSM4299553,mci,0.029991645788103465,0.06468041744494943,0.25730252251468805,0.0,0.04248137076835792,0.5659367053772324,0.03156100118982387,0.008046336916844775,0.06824436932419495,OK
GSM4299554,mci,0.025086590286184693,0.061346665995149326,0.2390393409604781,0.0,0.04014419600240653,0.5981822017939443,0.032847450661877484,0.0033535542999596994,0.06532732254959117,OK
GSM4299555,ad,0.0408350319595022,0.05960114505981046,0.18301050402407212,0.00028754489740163026,0.042100211056801666,0.6317013711106242,0.03820592924444308,0.004258262647344689,0.06264081276398478,OK
GSM4299556,ad,0.03904144982932848,0.04638311619237146,0.18414697552547188,0.008399449179241448,0.050758571895987654,0.6276670027697622,0.03804877103697575,0.005554663570861063,0.06366817179379766,OK
GSM4299557,hc,0.03946083816119266,0.055639441277902574,0.21248325020458017,0.003305342024122758,0.037685595434817865,0.6164391492753798,0.03498638362200406,0.0,0.0642254276537716,OK
GSM4299558,mci,0.02499855787427573,0.07348505355761781,0.2008199490342483,0.0,0.0397635945928586,0.6286426010954316,0.02907022940417848,0.00322001444138947,0.06347306971942716,OK
GSM4299559,ad,0.03196087918899568,0.059471140175728104,0.21204954606376303,0.006175061995422577,0.04219017619158893,0.6117795827985354,0.03242864885887911,0.003944964727087316,0.06508740246844415,OK
GSM4299560,mci,0.0183269267422857,0.05169365746130414,0.24401225598488196,0.008123653573405248,0.043211236549207624,0.5986642809830329,0.03327190835518117,0.0026960803507011513,0.07233219552883383,OK
GSM4299561,mci,0.01454213477704817,0.047339951288159876,0.2623048468585388,0.0,0.03607927212348994,0.602359985850705,0.03371499952052548,0.003658809581532706,0.07106092910975775,OK
GSM4299562,mci,0.028068098231876493,0.06186494727868372,0.25036713302617475,0.0,0.04573551195333077,0.5795734224081589,0.02949147058451489,0.004899416517260431,0.06364757962019506,OK
GSM4299563,mci,0.03478577673726879,0.05839055233839722,0.1755973716636427,0.004179486104477837,0.04041315012928829,0.6421456013495949,0.0337182147222994,0.010769846955030995,0.0631489041955745,OK
GSM4299564,mci,0.03788236216804747,0.05286242515266854,0.28605120135222006,0.0,0.04027272971689561,0.5525023730093919,0.023096571568653135,0.007332337032123195,0.06596173229793509,OK
GSM4299565,hc,0.033561236217026,0.05867466055260264,0.24614776092054108,0.0044939722903698095,0.037209770686973676,0.5818596224182281,0.028520975934878033,0.009532000979380674,0.0667338849381733,OK
GSM4299566,mci,0.031004991849783038,0.06819587129464987,0.2530015313555629,0.006210204523788485,0.03495898422003778,0.5706063286833688,0.030196643849850505,0.005825444222958706,0.06790177137116915,OK
GSM4299567,mci,0.030211227086709022,0.03811488846981486,0.21306944321074217,0.009038995882154587,0.03575515762363013,0.6370472258663611,0.035763661630049744,0.00099940023053846,0.06470908618470464,OK
GSM4299568,mci,0.04042572228020954,0.04426792408284841,0.2088694028030278,0.002649817052972685,0.03319449767548496,0.6334367593536252,0.03013710501400369,0.007018771737827641,0.06065321077187407,OK
GSM4299569,ad,0.014696138905424769,0.0637084924092947,0.2792955503611047,0.0,0.03891416095076071,0.5692571470397405,0.030133080946903652,0.003995429386770933,0.07578170643322435,OK
GSM4299570,mci,0.033156834829714,0.07052194455008394,0.22220128709739112,0.0,0.04013734340796618,0.5976425096322371,0.031822382311218096,0.004517698171389568,0.06410909417058701,OK
GSM4299571,ad,0.04485021361820555,0.053474894411716684,0.19120227958782476,0.004007543423888505,0.037079474926985975,0.6281181136127648,0.03400244670769238,0.0072650337109212305,0.06365521415452265,OK
GSM4299572,ad,0.033111644259993175,0.0594078803720926,0.22193586792734726,0.0,0.046231608091963194,0.5972152037528907,0.03359570928863823,0.00850208630707467,0.06599152141600467,OK
GSM4299573,hc,0.0374363597148801,0.014498688687117657,0.20430795218886008,0.0,0.0417778487123576,0.6634689389226966,0.03359756156188559,0.004912650212202351,0.062068615015606565,OK
GSM4299574,ad,0.019070518130109827,0.039189071312289395,0.24819886129351365,0.0,0.03648578528937262,0.6228191919329578,0.03204313610893739,0.002193435932819396,0.06821260060730006,OK
GSM4299575,ad,0.02417416298816845,0.07657590069941818,0.2533068793542019,0.0,0.038162825691286636,0.5728461970491789,0.02600444822833388,0.00892958598941193,0.06533113786523875,OK
GSM4299576,hc,0.030690806340857184,0.051372512476573665,0.22191424212576993,0.0003562446311292083,0.03961321993098152,0.6151440050707555,0.034354899295112075,0.006554070128821021,0.06514199176322319,OK
GSM4299577,ad,0.06639042208351231,0.05243161089689869,0.16722991555212446,0.011432371091385844,0.05169246350266578,0.603539528486289,0.042076705540492976,0.00520698284663103,0.06464950326660378,OK
GSM4299578,ad,0.03368350810527174,0.07048144545215528,0.20095610370287117,0.0038664884140386115,0.04942212076595616,0.6011766774642546,0.03441185241787314,0.006001803677579285,0.06510637826035123,OK
GSM4299579,ad,0.024231672563839346,0.04536291587692044,0.2284951265844789,0.0038319905029781916,0.04235923664341231,0.6212142754757306,0.030312994860248698,0.004191787492391552,0.0676856128917474,OK
GSM4299580,mci,0.027480375462573137,0.0670131597142068,0.24342139496816834,0.00450741300291089,0.04073150184997506,0.5850340358601127,0.026732835385675804,0.005079283756377241,0.0646893626471538,OK
GSM4299581,hc,0.02313613015029414,0.050597581740487854,0.16129799679526532,0.0,0.041442395077797275,0.6877097330070352,0.03374765445793904,0.0020685087711812284,0.06360327411644165,OK
GSM4299582,ad,0.02142725325934116,0.05851762754688422,0.2586029148157895,0.0033210878070267414,0.02816366177089529,0.6004735788260872,0.02753299431099569,0.001960881662980132,0.06445357901842864,OK
GSM4299583,mci,0.027570160504978864,0.07616495077132825,0.19685060691200867,0.002174255206248244,0.0351091466204681,0.6230016411197208,0.03355492729789255,0.0055743115673546235,0.06527210530764625,OK
GSM4299584,mci,0.020587250674896976,0.06699903283179907,0.1942636560461923,0.0,0.043863982045064864,0.6350878801064325,0.035822816889717723,0.0033753814058965466,0.060625161312417915,OK
GSM4299585,hc,0.020542884855396307,0.06551513407190278,0.19222328582785073,0.0,0.03735598863179127,0.6521105428729425,0.03215285335650042,9.931038361601094e-05,0.06303981758268264,OK
GSM4299586,ad,0.0380917858221136,0.06163445394133385,0.211628740850664,0.0,0.03782409206271933,0.6193222021427212,0.02925009077592194,0.0022486344045262586,0.062408293725154294,OK
GSM4299587,hc,0.03411360905864134,0.0454076214320805,0.22747855213460652,0.0,0.05334497521590263,0.5956467540873253,0.036021173753251354,0.007987314318192412,0.06315804839138638,OK
GSM4299588,ad,0.04279362616677234,0.051108980143178294,0.2034173844639562,0.003082681396078385,0.03880108931788904,0.6299644957590544,0.026325333323409524,0.004506409429661666,0.062199177042214025,OK
GSM4299589,hc,0.033614849960815076,0.05213572308514937,0.21045162238553652,0.0,0.03764916358330884,0.631222837314848,0.031330297175180044,0.0035955064951621114,0.06139256220821476,OK
GSM4299590,hc,0.03210159463678707,0.043318309171423604,0.21869216436501354,0.00011783483686373395,0.04207815239468506,0.6249093859685371,0.032052430809526064,0.0067301278171639925,0.06126286279277477,OK
GSM4299591,hc,0.024929965134821448,0.059636458454392076,0.24204186163758043,0.0,0.03972108081891737,0.5957845562141837,0.03143790938313576,0.006448168356969279,0.06804296411184024,OK
GSM4299592,mci,0.032540273091048705,0.019770253593642314,0.18801257871672755,0.002155769909821758,0.053420517796105425,0.6551882898451993,0.040294796174009676,0.008617520873445285,0.06821978806601417,OK
GSM4299593,mci,0.04604601204615742,0.04011666614249167,0.17962555375643277,0.0075043631439040085,0.04866714526946453,0.6376477511858947,0.03446715903945903,0.005925349416195915,0.06238948060438762,OK
GSM4299594,mci,0.03001610417478792,0.05199898922128834,0.240546079203698,0.0,0.04128461944178012,0.6001579071549094,0.032466625172044815,0.003529675631491364,0.06595933662496438,OK
GSM4299595,mci,0.03348123239367201,0.037283917269502274,0.20492847263090905,0.0,0.04749251923510566,0.6331424723747222,0.04052004572674226,0.0031513403693465667,0.06405034664408356,OK
GSM4299596,mci,0.038671027564807996,0.059349272090919454,0.19665866283852065,0.006275702126448006,0.04265499543452262,0.6165271592543121,0.026671597171224276,0.013191583519244989,0.0641347461482381,OK
GSM4299615,mci,0.03798166116041126,0.05732958953745725,0.2122500732578615,0.0016558419110152553,0.050449469048642274,0.5941779359079727,0.03869135450038022,0.007464074676259534,0.0633628808647427,OK
GSM4299616,hc,0.02320536813565229,0.07617304452276241,0.2739428964931399,0.0,0.04329795556249718,0.5556487423808625,0.02396176573811088,0.0037702271669749123,0.06830668979270582,OK
GSM4299617,mci,0.03327380113047965,0.05377276357862865,0.19158541398682086,0.0,0.04472005051509837,0.6359857876082905,0.03162659540910688,0.009035587771575078,0.0626956013070694,OK
GSM4299618,mci,0.0274183919646634,0.050943600885570865,0.20909496645995485,0.005008321987453746,0.04842690168620504,0.6156952188705,0.03714762095311806,0.006264977192534102,0.06671428187651014,OK
GSM4299619,hc,0.028149623415246232,0.058037752715162094,0.2117595524287355,0.001069539638187836,0.04504249008953226,0.6068197245712673,0.04308541635523008,0.006035900786638704,0.06528921004579367,OK
GSM4299620,ad,0.021751468284950573,0.027810077314388643,0.2009172479095751,0.0058986238734339705,0.04534726937851673,0.6510478848465553,0.03984137000750995,0.007386058385069739,0.06748825386839308,OK
GSM4299621,mci,0.032407458712434035,0.091873267017927,0.1835796728178437,0.003539651722825238,0.03677320466751127,0.6160774582252215,0.0334903951938814,0.0022588916423559413,0.06094935112115847,OK
GSM4299622,ad,0.027503407583344425,0.0632421899168569,0.20515705560992037,0.00451583023718192,0.0382237828790511,0.6260667861326141,0.03157787909137166,0.0037130685496593917,0.05923181739045073,OK
GSM4299623,mci,0.038207751002068205,0.046268849998198046,0.1817527894524582,0.009544453518564547,0.04305038474717715,0.640728808172422,0.034216238255358224,0.006230724853753598,0.06155811013267013,OK
GSM4299624,mci,0.04969137079012815,0.05512917983163894,0.22664766019500157,0.008668586289034537,0.0450100237534676,0.5823793323249934,0.027316418702531434,0.005157428113204339,0.0650402674889286,OK
GSM4299625,mci,0.04237436482404939,0.06085361849400397,0.18166203732731184,0.0037642228325003406,0.03877522630747241,0.6393339356112981,0.03197198979999028,0.001264604803373615,0.06323065228332989,OK
GSM4299626,mci,0.026540758375424606,0.050630458152602184,0.21812528392276614,0.0014100449332114552,0.038088486490234254,0.6321090203246118,0.030272946053061942,0.0028230017480874846,0.06449798712702248,OK
GSM4299627,ad,0.030474083679415755,0.03350530058582789,0.2403836177459459,0.0010395044324636319,0.0498192238910951,0.5976941336396232,0.03575322295858642,0.01133091306704197,0.0651246531028756,OK
GSM4299628,hc,0.031512187535970765,0.04857322526957217,0.27043204663119874,0.00470951069646997,0.03840456784000311,0.5750156906982871,0.024407696868358215,0.006945074460140008,0.0670536573885755,OK
GSM4299629,hc,0.04271277375306313,0.05390651915616325,0.18217450630329404,0.0,0.041778032853340856,0.6373002604077014,0.03673083864905563,0.005397068877381641,0.05927990016020913,OK
GSM4299630,mci,0.0447309377274743,0.07480661446757442,0.21952542036011247,0.006245151476557072,0.033503465614933,0.5877543838741489,0.02486044868045949,0.008573577798740328,0.06272485743227839,OK
GSM4299631,mci,0.0307222197714389,0.05400747213548096,0.2621070243810233,0.0013960978850662805,0.037938026827516375,0.5792387672098868,0.02532312345152413,0.009267268338063222,0.06538041288702262,OK
GSM4299632,hc,0.026907240489295464,0.06445708422019832,0.22048169165141912,0.0016047047358279352,0.03396704593160995,0.6150551234958731,0.030512739359315144,0.007014370116460946,0.06373613042535882,OK
GSM4299633,mci,0.03249406697779701,0.07430856665759647,0.1895692769076186,0.0033550193245273628,0.03492398759061503,0.6302549539121179,0.031164579463713177,0.003929549166014386,0.061516390287343126,OK
GSM4299634,mci,0.028650360144399468,0.07437888447033957,0.19435462029022682,0.0007734559966887438,0.03188396346386962,0.6303219736310232,0.032953893288943006,0.006682848714509677,0.061502722372445646,OK
GSM4299635,hc,0.029232332155339498,0.0578617543664904,0.19446937437362313,0.0,0.04122282938556907,0.6453625569638992,0.029938306507651096,0.0019128462474276107,0.06296948540377299,OK
GSM4299636,ad,0.02474484398994008,0.07822311557594434,0.2249385583229169,0.0,0.03670755861035784,0.5940681378883675,0.038742121764050015,0.002575663848423045,0.06476546322750767,OK
GSM4299637,hc,0.02755556939895522,0.04172954077535401,0.19527013487013023,0.0043125097661882725,0.04262271415354027,0.6520302061933135,0.03498886582966675,0.001490459012851522,0.06752671323757471,OK
GSM4299638,ad,0.028682161351416994,0.05124056928681474,0.2440994816063859,0.0012192212626449595,0.03474386816288352,0.6086926877589234,0.027507593149582333,0.003814417421348183,0.06646327973909498,OK
GSM4299639,ad,0.02639057128049721,0.054521952090358566,0.21629010834579507,0.0,0.03885540812443054,0.6263153828544564,0.03315942144123275,0.004467155863229463,0.06160347234526262,OK
GSM4299640,ad,0.010827135808473096,0.06692784453223008,0.19922668252813006,0.0,0.0357919539076596,0.6525892640673091,0.03268667794281241,0.00195044121338572,0.06496850060203448,OK
GSM4299641,ad,0.02843524628347744,0.05509945581483892,0.2118623328503028,0.0010848355546028568,0.04059817757658157,0.6229110953751433,0.03270645108656435,0.007302405458488786,0.06473565216312581,OK
GSM4299642,mci,0.02670679703730845,0.09424536823982943,0.22381165821934146,0.00523336719663866,0.027205486447637154,0.5906068271784329,0.026977588706551738,0.005212906974260144,0.06277326799329612,OK
GSM4299643,mci,0.03077930755645888,0.0609141875007594,0.20061166046880857,0.00870694724296005,0.03668174080029948,0.626864881001526,0.030386953257026367,0.005054322172161182,0.061665030093097074,OK
GSM4299644,ad,0.03462710008578308,0.051050401208232586,0.15765578884771914,0.0030850042303763267,0.046938449796622615,0.6613453254254479,0.03784644193242409,0.00745148847339418,0.06129591539048054,OK
GSM4299645,hc,0.030322536745532595,0.0831132361062064,0.23912301052775292,0.0,0.037191828061026444,0.5645820429587033,0.04008254621505181,0.005584799385726558,0.062480087865236074,OK
GSM4299646,mci,0.019702089259147876,0.05737943205225797,0.26642868136501535,0.0016138896516576752,0.04050120127794164,0.5794384684193974,0.031145312202422535,0.0037909257721594116,0.07098292614610198,OK
GSM4299647,mci,0.041038004718813886,0.03188651078897772,0.19316789240620852,0.006466028548127151,0.04822311442897023,0.6393485993584105,0.03290143752683059,0.006968412223661577,0.06635772472688534,OK
GSM4299648,mci,0.01937439788196352,0.06266798381157415,0.2458826374328982,0.0,0.04302240078439069,0.5956580071485134,0.03192271639714802,0.0014718565435119513,0.06768337188411516,OK
GSM4299649,hc,0.03650351555301932,0.05639468293515295,0.18147266784844737,0.0022957076819613087,0.03825976492902895,0.6532825011696841,0.025521059230625587,0.0062701006520803505,0.060636769617884556,OK
GSM4299650,ad,0.01606802890608745,0.060093216517909456,0.24425610121860694,0.0,0.03765033557139716,0.6018110009270341,0.03751191803533766,0.0026093988236272595,0.06868353370598762,OK
GSM4299651,mci,0.030330293784564463,0.07897402900398498,0.2362346349705053,0.003283494201098129,0.038356237448202074,0.5830008023089575,0.024929114372716433,0.004891393909971139,0.06536176045607692,OK
GSM4299652,hc,0.035291264326664934,0.04144638700414564,0.23393750345759834,0.0020165070443360802,0.03855266162994316,0.6116312610932539,0.03271277009172206,0.004411645352335783,0.0656248745327523,OK
GSM4299653,ad,0.034634379729112166,0.044490495065953824,0.18535786124080741,0.0,0.036072565095990695,0.6630067306123512,0.0309762318306159,0.005461736425168876,0.06261410083484038,OK
GSM4299654,hc,0.018900486810839646,0.036364892444116254,0.21435114952472045,0.013478277838009669,0.0517989970441334,0.6141843772364786,0.03241767968025515,0.018504139421446922,0.0963977317070697,OK
GSM4299655,ad,0.01492307220078665,0.06464444946017972,0.20071978850306293,0.004544533381710301,0.03005315876933641,0.6494289621538207,0.028367706944255,0.007318328586848094,0.06572640713449059,OK
GSM4299656,mci,0.022569760564729438,0.031949149709014926,0.2841023282500394,0.0021000867920813815,0.04377335996323044,0.587510028444437,0.023361245993996724,0.0046340402824706015,0.0721551973724564,OK
GSM4299657,ad,0.02755827786492586,0.0715982101393375,0.2279432384508265,0.004083176787772022,0.03035738931437769,0.6063183570284335,0.02495016762939647,0.00719118278493033,0.06525125937812247,OK
GSM4299658,mci,0.02161826255621966,0.05548224794786786,0.2643095687375245,0.0,0.039942226414740545,0.577166261738172,0.03569033233999482,0.005791100265480612,0.0683663015176029,OK
GSM4299659,mci,0.03787737067848095,0.04395408065478292,0.21925839618814474,0.0,0.042162633098673935,0.6100814675596832,0.0370729391571874,0.009593112663046896,0.06589796580999399,OK
GSM4299660,mci,0.006185823544676105,0.07202718219039425,0.23910676830917896,0.0009419152108741786,0.031750408741785044,0.619586379556565,0.02546654410621672,0.004934978340309797,0.07470429578288722,OK
GSM4299661,hc,0.030372523024258084,0.04256089723760657,0.22528566243414894,0.0,0.037761347226234886,0.6241489216942638,0.03451371059803689,0.005356937785450983,0.06511636972683829,OK
GSM4299662,ad,0.03184822916372079,0.06022894256654736,0.19811567488581144,0.0006989034813048613,0.04141726788617242,0.6264005332385387,0.03461385933488988,0.0066765894430145245,0.06191644271442558,OK
GSM4299663,ad,0.03849980705454843,0.10720362140326696,0.23223069104250008,0.005342091255925208,0.04310026618424687,0.5239030791032602,0.03713566307277557,0.012584780883476813,0.06210974393801176,OK
GSM4299664,ad,0.025785387216292255,0.06778145312109655,0.2186857385986397,0.006343969655538537,0.047789084071002436,0.5967062326943245,0.033200967240648624,0.0037071674024573378,0.06658548402085772,OK
