"","CM","EC","FB","MP","SMC","weight"
"972",0.240379543582073,0,0.240379543582073,0,0.240379543582073,0.240379543582073
"8743",0.167039519573651,0,0,0.167039519573651,0.167039519573651,0.167039519573651
"5552",0.695646541345311,0,0.695646541345311,0,0.695646541345311,0.695646541345311
"22918",0.60154419233245,0,0.60154419233245,0,0.60154419233245,0.60154419233245
"684",0.47955696369916,0,0.47955696369916,0,0.47955696369916,0.47955696369916
"7140",0.655702489902919,0,0,0.655702489902919,0.655702489902919,0.655702489902919
"306",0.534649018333058,0,0.534649018333058,0.534649018333058,0.534649018333058,0.534649018333058
"64129",0.163213837525018,0,0.163213837525018,0.163213837525018,0,0.163213837525018
"92162",0.626673482251634,0,0.626673482251634,0.626673482251634,0.626673482251634,0.626673482251634
"11170",0.905214695513139,0,0.905214695513139,0.905214695513139,0.905214695513139,0.905214695513139
"10791",0.182380952380952,0,0,0.182380952380952,0.182380952380952,0.182380952380952
"161198",0.781679856066168,0,0.781679856066168,0.781679856066168,0.781679856066168,0.781679856066168
"168537",0.750433101951523,0,0.750433101951523,0,0.750433101951523,0.750433101951523
"7122",0.897009500576304,0,0.897009500576304,0.897009500576304,0.897009500576304,0.897009500576304
"3122",0.203312958295465,0,0.203312958295465,0,0.203312958295465,0.203312958295465
"3113",0.196886199748856,0,0.196886199748856,0,0.196886199748856,0.196886199748856
"11185",0.76204536027788,0,0,0.76204536027788,0.76204536027788,0.76204536027788
"7035",0.836233760877622,0,0,0.836233760877622,0,0.836233760877622
"9689",0.073503726694117,0.073503726694117,0,0,0.073503726694117,0.073503726694117
"3956",0.164863335581872,0.164863335581872,0,0.164863335581872,0,0.164863335581872
"152503",0,0.496064956869516,0,0.496064956869516,0.496064956869516,0.496064956869516
"4256",0.775582759918972,0,0,0.775582759918972,0.775582759918972,0.775582759918972
"6678",0.0466331204150219,0,0,0.0466331204150219,0,0.0466331204150219
"5159",0.302507045788869,0.302507045788869,0,0.302507045788869,0,0.302507045788869
"55268",0,0.0339366723793389,0,0.0339366723793389,0.0339366723793389,0.0339366723793389
"9590",0.657661735620164,0.657661735620164,0,0.657661735620164,0,0.657661735620164
"2752",0,0.724997023758654,0,0,0.724997023758654,0.724997023758654
"83442",0.246627095981925,0.246627095981925,0,0,0.246627095981925,0.246627095981925
"4921",0.867639607128062,0.867639607128062,0,0.867639607128062,0.867639607128062,0.867639607128062
"1281",0.652538817944741,0.652538817944741,0,0.652538817944741,0,0.652538817944741
"26471",0.771040438481278,0.771040438481278,0,0.771040438481278,0,0.771040438481278
"219348",0.251013713464698,0.251013713464698,0,0.251013713464698,0,0.251013713464698
"2217",0.471583241837932,0.471583241837932,0,0,0.471583241837932,0.471583241837932
"3115",0.37525694306936,0,0.37525694306936,0,0.37525694306936,0.37525694306936
"397",0.94,0.94,0.94,0,0.94,0.94
"7534",0.488836927599688,0.488836927599688,0.488836927599688,0,0.488836927599688,0.488836927599688
"1675",0.596842192132103,0.596842192132103,0,0.596842192132103,0.596842192132103,0.596842192132103
"5176",0.741997113633458,0.741997113633458,0,0.741997113633458,0.741997113633458,0.741997113633458
"10351",0.729782013004056,0.729782013004056,0,0.729782013004056,0.729782013004056,0.729782013004056
"3075",0.717303573448525,0.717303573448525,0,0.717303573448525,0.717303573448525,0.717303573448525
"718",0.583568982023649,0.583568982023649,0,0.583568982023649,0.583568982023649,0.583568982023649
"1293",0.782593082650716,0.782593082650716,0,0.782593082650716,0.782593082650716,0.782593082650716
"2200",0.339991944480098,0.339991944480098,0,0.339991944480098,0.339991944480098,0.339991944480098
"11167",0.460958636671629,0.460958636671629,0,0.460958636671629,0.460958636671629,0.460958636671629
"3912",0.0095609256426193,0.0095609256426193,0,0.0095609256426193,0.0095609256426193,0.0095609256426193
"2012",0.52,0.52,0,0.52,0.52,0.52
"1292",0.140894922974602,0.140894922974602,0,0.140894922974602,0.140894922974602,0.140894922974602
"5376",0.608660921436844,0.608660921436844,0,0.608660921436844,0.608660921436844,0.608660921436844
"3429",0.579216645364707,0,0,0.579216645364707,0.579216645364707,0.579216645364707
"358",0.557120275326885,0,0.557120275326885,0.557120275326885,0,0.557120275326885
"4071",0.78,0,0.78,0.78,0.78,0.78
"2022",0.742288624065208,0,0,0.742288624065208,0.742288624065208,0.742288624065208
"2",0.913572016554815,0,0.913572016554815,0.913572016554815,0,0.913572016554815
"23345",0,0,0.831437463012655,0.831437463012655,0.831437463012655,0.831437463012655
"4892",0,0.91379652302128,0.91379652302128,0.91379652302128,0.91379652302128,0.91379652302128
"845",0,0.895518479979958,0.895518479979958,0.895518479979958,0.895518479979958,0.895518479979958
"8988",0,0.812386147320026,0.812386147320026,0.812386147320026,0.812386147320026,0.812386147320026
"27145",0,0.579039530732712,0.579039530732712,0.579039530732712,0.579039530732712,0.579039530732712
"6345",0,0.740467966124173,0.740467966124173,0.740467966124173,0.740467966124173,0.740467966124173
"51650",0,0.09235012093712,0.09235012093712,0.09235012093712,0.09235012093712,0.09235012093712
"127294",0,0.368823632360427,0.368823632360427,0.368823632360427,0.368823632360427,0.368823632360427
"161247",0,0.61296555178962,0.61296555178962,0.61296555178962,0.61296555178962,0.61296555178962
"9086",0,0.190667479258488,0.190667479258488,0.190667479258488,0.190667479258488,0.190667479258488
"5507",0,0.0226315789473684,0.0226315789473684,0.0226315789473684,0.0226315789473684,0.0226315789473684
"1653",0,0.0727380466364186,0.0727380466364186,0.0727380466364186,0.0727380466364186,0.0727380466364186
"137735",0,0.819475048974421,0.819475048974421,0.819475048974421,0.819475048974421,0.819475048974421
"5264",0,0.587092459763373,0.587092459763373,0.587092459763373,0.587092459763373,0.587092459763373
"2274",0,0.600913267118698,0.600913267118698,0.600913267118698,0.600913267118698,0.600913267118698
"6123",0,0.590874786393726,0.590874786393726,0.590874786393726,0.590874786393726,0.590874786393726
"5621",0,0.770626707191095,0.770626707191095,0.770626707191095,0.770626707191095,0.770626707191095
"115701",0,0.636347310744189,0.636347310744189,0.636347310744189,0.636347310744189,0.636347310744189
"6442",0,0.867525890228631,0.867525890228631,0.867525890228631,0.867525890228631,0.867525890228631
"10457",0,0.91780441177638,0.91780441177638,0.91780441177638,0.91780441177638,0.91780441177638
"3959",0,0.404755635476551,0.404755635476551,0.404755635476551,0.404755635476551,0.404755635476551
"84700",0,0.72684211163612,0.72684211163612,0.72684211163612,0.72684211163612,0.72684211163612
"2697",0,0.41,0.41,0.41,0.41,0.41
"6445",0,0.772841191528339,0.772841191528339,0.772841191528339,0.772841191528339,0.772841191528339
"51020",0,0.584859664255911,0.584859664255911,0.584859664255911,0.584859664255911,0.584859664255911
"2745",0,0.325510001725968,0.325510001725968,0.325510001725968,0.325510001725968,0.325510001725968
"201294",0,0.613186358071922,0.613186358071922,0.613186358071922,0.613186358071922,0.613186358071922
"4016",0,0.333857788544925,0.333857788544925,0.333857788544925,0.333857788544925,0.333857788544925
"4000",0,0.031151147657302,0.031151147657302,0.031151147657302,0.031151147657302,0.031151147657302
"55679",0,0.952929006781629,0.952929006781629,0.952929006781629,0.952929006781629,0.952929006781629
"8692",0.878,0,0.878,0.878,0.878,0.878
"2327",0.675,0,0,0.675,0.675,0.675
"4820",0.3275,0,0,0.3275,0.3275,0.3275
"10268",0.024,0,0.024,0.024,0.024,0.024
"55303",0.91,0,0.91,0,0.91,0.91
"153579",0.845,0,0.845,0.845,0.845,0.845
"79812",0.87,0,0.87,0.87,0.87,0.87
"947",0.28,0,0,0.28,0.28,0.28
"2157",0.0541176470588235,0,0.0541176470588235,0.0541176470588235,0.0541176470588235,0.0541176470588235
"7095",0.0243206920344373,0,0,0.0243206920344373,0.0243206920344373,0.0243206920344373
"10404",0.029375,0.029375,0,0.029375,0.029375,0.029375
"283383",0,0.8275,0,0.8275,0.8275,0.8275
"2252",0,0.64,0,0.64,0.64,0.64
"10550",0,0.00290656402401166,0,0.00290656402401166,0.00290656402401166,0.00290656402401166
"710",0.75,0.75,0,0.75,0,0.75
"10252",0.0288888888888889,0,0,0.0288888888888889,0,0.0288888888888889
"8722",0,0.88125,0,0.88125,0.88125,0.88125
"5320",0.93,0.93,0,0.93,0,0.93
"6277",0.0236363636363636,0.0236363636363636,0,0,0.0236363636363636,0.0236363636363636
"2878",0,0.088,0,0.088,0.088,0.088
"23741",0,0.0410204998943268,0,0.0410204998943268,0.0410204998943268,0.0410204998943268
"3320",0,0.034169886697411,0.034169886697411,0,0.034169886697411,0.034169886697411
"1522",0.426190476190476,0.426190476190476,0.426190476190476,0,0.426190476190476,0.426190476190476
"1997",0.365,0,0.365,0,0.365,0.365
"10398",0,0.165294117647059,0.165294117647059,0.165294117647059,0,0.165294117647059
"800",0.9,0.9,0,0.9,0,0.9
"11034",0,0.0282210793016236,0,0.0282210793016236,0,0.0282210793016236
"8404",0.58,0,0,0.58,0,0.58
"1465",0.801388888888889,0.801388888888889,0,0.801388888888889,0,0.801388888888889
"10395",0.776666666666667,0,0.776666666666667,0.776666666666667,0,0.776666666666667
"11142",0,0.108375899242747,0,0.108375899242747,0,0.108375899242747
"151230",0.039047619047619,0.039047619047619,0.039047619047619,0.039047619047619,0,0.039047619047619
"3488",0.5125,0.5125,0,0.5125,0,0.5125
"3280",0.0291666666666667,0.0291666666666667,0,0.0291666666666667,0,0.0291666666666667
"730",0.47,0.47,0,0.47,0.47,0.47
"715",0.0325,0.0325,0,0.0325,0.0325,0.0325
"125",0.675,0.675,0,0.675,0.675,0.675
"347",0.815,0.815,0,0.815,0.815,0.815
"5764",0.0833333333333333,0.0833333333333333,0,0.0833333333333333,0.0833333333333333,0.0833333333333333
"8076",0.86,0.86,0,0.86,0.86,0.86
"25890",0.45,0.45,0,0.45,0.45,0.45
"1805",0.885,0.885,0,0.885,0.885,0.885
"94031",0.0534848484848485,0.0534848484848485,0,0.0534848484848485,0.0534848484848485,0.0534848484848485
"6035",0,0,0,0,0.875,0.875
"3399",0.0285714285714286,0,0,0.0285714285714286,0,0.0285714285714286
"9452",0.3,0,0.3,0.3,0.3,0.3
"9351",0.0609090909090909,0,0.0609090909090909,0.0609090909090909,0.0609090909090909,0.0609090909090909
"2040",0.694509219786758,0,0.694509219786758,0.694509219786758,0.694509219786758,0.694509219786758
"11343",0.117024265644955,0,0.117024265644955,0.117024265644955,0,0.117024265644955
"10345",0,0.78,0.78,0.78,0.78,0.78
"1160",0,0.167692307692308,0.167692307692308,0.167692307692308,0.167692307692308,0.167692307692308
"23676",0,0.92,0.92,0.92,0.92,0.92
"165904",0,0.885,0.885,0.885,0.885,0.885
"6546",0,0.9025,0.9025,0.9025,0.9025,0.9025
"79933",0,0.886666666666667,0.886666666666667,0.886666666666667,0.886666666666667,0.886666666666667
"26521",0,0.0293911616453238,0.0293911616453238,0.0293911616453238,0.0293911616453238,0.0293911616453238
"4719",0,0.0163082987047697,0.0163082987047697,0.0163082987047697,0.0163082987047697,0.0163082987047697
"50486",0,0.0248809523809524,0.0248809523809524,0.0248809523809524,0.0248809523809524,0.0248809523809524
"84676",0,0.736666666666667,0.736666666666667,0.736666666666667,0.736666666666667,0.736666666666667
"401265",0,0.415454545454545,0.415454545454545,0.415454545454545,0.415454545454545,0.415454545454545
"167838",0,0.55,0.55,0.55,0.55,0.55
"90523",0,0.81,0.81,0.81,0.81,0.81
"6236",0,0.0576923076923077,0.0576923076923077,0.0576923076923077,0.0576923076923077,0.0576923076923077
"150572",0,0.77,0.77,0.77,0.77,0.77
"5019",0,0.222727272727273,0.222727272727273,0.222727272727273,0.222727272727273,0.222727272727273
"4724",0,0.0296529337108292,0.0296529337108292,0.0296529337108292,0.0296529337108292,0.0296529337108292
"146862",0,0.5725,0.5725,0.5725,0.5725,0.5725
"10231",0,0.158,0.158,0.158,0.158,0.158
"91807",0,0.70625,0.70625,0.70625,0.70625,0.70625
"54539",0,0.108846636833229,0.108846636833229,0.108846636833229,0.108846636833229,0.108846636833229
"56942",0,0.0315343003381411,0.0315343003381411,0.0315343003381411,0.0315343003381411,0.0315343003381411
"10267",0,0.1115625,0.1115625,0.1115625,0.1115625,0.1115625
"113622",0,0.835,0.835,0.835,0.835,0.835
"157310",0,0.735,0.735,0.735,0.735,0.735
"22906",0,0.827993627466717,0.827993627466717,0.827993627466717,0.827993627466717,0.827993627466717
"4695",0,0.0409096332817691,0.0409096332817691,0.0409096332817691,0.0409096332817691,0.0409096332817691
"1891",0,0.0438816265603941,0.0438816265603941,0.0438816265603941,0.0438816265603941,0.0438816265603941
"2287",0,0.0340322165794209,0.0340322165794209,0.0340322165794209,0.0340322165794209,0.0340322165794209
"6638",0,0.525209218848025,0.525209218848025,0.525209218848025,0.525209218848025,0.525209218848025
"84033",0,0.464,0.464,0.464,0.464,0.464
"92235",0,0.91,0.91,0.91,0.91,0.91
"27309",0,0.030395304298774,0.030395304298774,0.030395304298774,0.030395304298774,0.030395304298774
"50808",0,0.0843422102774502,0.0843422102774502,0.0843422102774502,0.0843422102774502,0.0843422102774502
"5092",0,0.174530802254844,0.174530802254844,0.174530802254844,0.174530802254844,0.174530802254844
"22808",0,0.628333333333333,0.628333333333333,0.628333333333333,0.628333333333333,0.628333333333333
"311",0,0.161538461538462,0.161538461538462,0.161538461538462,0.161538461538462,0.161538461538462
"477",0,0.44,0.44,0.44,0.44,0.44
"3316",0,0.398,0.398,0.398,0.398,0.398
"57159",0,0.71,0.71,0.71,0.71,0.71
"8803",0,0.0166513754246187,0.0166513754246187,0.0166513754246187,0.0166513754246187,0.0166513754246187
"9215",0,0.0242857142857143,0.0242857142857143,0.0242857142857143,0.0242857142857143,0.0242857142857143
"29103",0,0.963,0.963,0.963,0.963,0.963
"6418",0,0.942507842623867,0.942507842623867,0.942507842623867,0.942507842623867,0.942507842623867
"51142",0,0.0106319809147745,0.0106319809147745,0.0106319809147745,0.0106319809147745,0.0106319809147745
"8682",0,0.865062165438821,0.865062165438821,0.865062165438821,0.865062165438821,0.865062165438821
"140467",0,0.0316874600480474,0.0316874600480474,0.0316874600480474,0.0316874600480474,0.0316874600480474
"25915",0,0.307647418212931,0.307647418212931,0.307647418212931,0.307647418212931,0.307647418212931
"84266",0,0.345798848604935,0.345798848604935,0.345798848604935,0.345798848604935,0.345798848604935
"6271",0,0.768333333333333,0.768333333333333,0.768333333333333,0.768333333333333,0.768333333333333
"4338",0,0.028540133338534,0.028540133338534,0.028540133338534,0.028540133338534,0.028540133338534
"27258",0,0.0217403133466853,0.0217403133466853,0.0217403133466853,0.0217403133466853,0.0217403133466853
"10987",0,0.00311912528496619,0.00311912528496619,0.00311912528496619,0.00311912528496619,0.00311912528496619
"28958",0,0.104617959391749,0.104617959391749,0.104617959391749,0.104617959391749,0.104617959391749
"5269",0,0.061644362051661,0.061644362051661,0.061644362051661,0.061644362051661,0.061644362051661
"85437",0,0.0230356224926407,0.0230356224926407,0.0230356224926407,0.0230356224926407,0.0230356224926407
"27249",0,0.0120157478128174,0.0120157478128174,0.0120157478128174,0.0120157478128174,0.0120157478128174
"2739",0,0.024990425380049,0.024990425380049,0.024990425380049,0.024990425380049,0.024990425380049
"9167",0,0.803021695680542,0.803021695680542,0.803021695680542,0.803021695680542,0.803021695680542
"5202",0,0.0181386277368446,0.0181386277368446,0.0181386277368446,0.0181386277368446,0.0181386277368446
"128",0,0.0114885692948064,0.0114885692948064,0.0114885692948064,0.0114885692948064,0.0114885692948064
"5239",0,0.0178571428571429,0.0178571428571429,0.0178571428571429,0.0178571428571429,0.0178571428571429
"22931",0,0.0293999913608183,0.0293999913608183,0.0293999913608183,0.0293999913608183,0.0293999913608183
"5885",0,0.0293949803345339,0.0293949803345339,0.0293949803345339,0.0293949803345339,0.0293949803345339
"23412",0,0.0263157894736842,0.0263157894736842,0.0263157894736842,0.0263157894736842,0.0263157894736842
"5048",0,0.054601115440877,0.054601115440877,0.054601115440877,0.054601115440877,0.054601115440877
"51574",0,0.183636363636364,0.183636363636364,0.183636363636364,0.183636363636364,0.183636363636364
"6342",0,0.0187772027288867,0.0187772027288867,0.0187772027288867,0.0187772027288867,0.0187772027288867
"3913",0,0.935,0.935,0.935,0.935,0.935
"10241",0,0.133627074335395,0.133627074335395,0.133627074335395,0.133627074335395,0.133627074335395
"54873",0,0.5275,0.5275,0.5275,0.5275,0.5275
"23190",0,0.00912638854270297,0.00912638854270297,0.00912638854270297,0.00912638854270297,0.00912638854270297
"3550",0,0.0223179447724711,0.0223179447724711,0.0223179447724711,0.0223179447724711,0.0223179447724711
"8991",0,0.875,0.875,0.875,0.875,0.875
"4154",0,0.6025,0.6025,0.6025,0.6025,0.6025
