marker_ID,EC,Epi,Fib,IC,weight
4069,0.8200652981348844,0.8200652981348844,0.8200652981348844,0.0,0.8200652981348844
2207,0.895074651733345,0.895074651733345,0.895074651733345,0.0,0.895074651733345
199,0.6779539196068811,0.6779539196068811,0.6779539196068811,0.0,0.6779539196068811
3553,0.5816740237503185,0.5816740237503185,0.5816740237503185,0.0,0.5816740237503185
7805,0.8597257640364617,0.8597257640364617,0.8597257640364617,0.0,0.8597257640364617
5996,0.880980164152612,0.880980164152612,0.880980164152612,0.0,0.880980164152612
128346,0.9527609333333333,0.9527609333333333,0.9527609333333333,0.0,0.9527609333333333
3109,0.5608799982664641,0.5608799982664641,0.5608799982664641,0.0,0.5608799982664641
951,0.9021819420607722,0.9021819420607722,0.9021819420607722,0.0,0.9021819420607722
11010,0.30374081576387496,0.30374081576387496,0.30374081576387496,0.0,0.30374081576387496
9555,,,,0.0,0.0
427,,,,0.0,0.0
1277,,,0.0,,0.0
1281,0.6525388179447409,0.6525388179447409,0.0,0.6525388179447409,0.6525388179447409
219348,0.25101371346469753,0.25101371346469753,0.0,0.25101371346469753,0.25101371346469753
1292,0.14089492297460177,0.14089492297460177,0.0,0.14089492297460177,0.14089492297460177
11167,,,0.0,,0.0
5176,0.7419971136334578,0.7419971136334578,0.0,0.7419971136334578,0.7419971136334578
1293,0.7825930826507164,0.7825930826507164,0.0,0.7825930826507164,0.7825930826507164
5270,,,0.0,,0.0
2200,0.3399919444800981,0.3399919444800981,0.0,0.3399919444800981,0.3399919444800981
26471,0.7710404384812783,0.7710404384812783,0.0,0.7710404384812783,0.7710404384812783
7130,0.9149963091757342,0.9149963091757342,0.0,0.9149963091757342,0.9149963091757342
4239,0.4159903157253002,0.4159903157253002,0.0,0.4159903157253002,0.4159903157253002
7070,0.6518542790402827,0.6518542790402827,0.0,0.6518542790402827,0.6518542790402827
5118,0.8916061148881612,0.8916061148881612,0.0,0.8916061148881612,0.8916061148881612
718,0.5835689820236495,0.5835689820236495,0.0,0.5835689820236495,0.5835689820236495
9590,0.6576617356201644,0.6576617356201644,0.0,0.6576617356201644,0.6576617356201644
1513,0.9668705339977453,0.9668705339977453,0.0,0.9668705339977453,0.9668705339977453
5327,,,0.0,,0.0
112464,0.027142857142857142,0.027142857142857142,0.0,0.027142857142857142,0.027142857142857142
57124,0.059984435369546854,0.059984435369546854,0.0,0.059984435369546854,0.059984435369546854
1290,,,0.0,,0.0
3075,0.7173035734485255,0.7173035734485255,0.0,0.7173035734485255,0.7173035734485255
6320,0.52,0.52,0.0,0.52,0.52
2995,0.5969758988045732,0.5969758988045732,0.0,0.5969758988045732,0.5969758988045732
7123,0.6228982990648735,0.6228982990648735,0.0,0.6228982990648735,0.6228982990648735
23564,0.035378180641,0.035378180641,0.0,0.035378180641,0.035378180641
3671,0.7702602832803085,0.7702602832803085,0.0,0.7702602832803085,0.7702602832803085
56944,0.43709047804031886,0.43709047804031886,0.0,0.43709047804031886,0.43709047804031886
4016,0.333857788544925,0.333857788544925,0.0,0.333857788544925,0.333857788544925
3959,,,0.0,,0.0
10512,0.044657694873994826,0.044657694873994826,0.0,0.044657694873994826,0.044657694873994826
558,0.02,0.02,0.0,0.02,0.02
54587,0.1670523252623975,0.1670523252623975,0.0,0.1670523252623975,0.1670523252623975
9586,0.18630016122253157,0.18630016122253157,0.0,0.18630016122253157,0.18630016122253157
10457,0.9178044117763801,0.9178044117763801,0.0,0.9178044117763801,0.9178044117763801
5066,,,0.0,,0.0
1514,,,0.0,,0.0
3872,0.7155623912165989,0.0,0.7155623912165989,0.7155623912165989,0.7155623912165989
3860,0.9312880986479802,0.0,0.9312880986479802,0.9312880986479802,0.9312880986479802
8581,0.7891648678979188,0.0,0.7891648678979188,0.7891648678979188,0.7891648678979188
5349,0.6161755028680032,0.0,0.6161755028680032,0.6161755028680032,0.6161755028680032
4070,0.29266189749056304,0.0,0.29266189749056304,0.29266189749056304,0.29266189749056304
2810,0.7221118247875102,0.0,0.7221118247875102,0.7221118247875102,0.7221118247875102
3856,0.6143809138531653,0.0,0.6143809138531653,0.6143809138531653,0.6143809138531653
10653,0.0887254695,0.0,0.0887254695,0.0887254695,0.0887254695
5268,0.9380031619724645,0.0,0.9380031619724645,0.9380031619724645,0.9380031619724645
6364,0.8944862066136059,0.0,0.8944862066136059,0.8944862066136059,0.8944862066136059
3914,0.6380300959605266,0.0,0.6380300959605266,0.6380300959605266,0.6380300959605266
4312,0.8997864580531301,0.0,0.8997864580531301,0.8997864580531301,0.8997864580531301
65124,,0.0,,,0.0
27111,0.7744151646886404,0.0,0.7744151646886404,0.7744151646886404,0.7744151646886404
3664,0.043416149423818766,0.0,0.043416149423818766,0.043416149423818766,0.043416149423818766
8000,0.6084291502812684,0.0,0.6084291502812684,0.6084291502812684,0.6084291502812684
132299,0.3514285714285714,0.0,0.3514285714285714,0.3514285714285714,0.3514285714285714
23584,0.5773450136967414,0.0,0.5773450136967414,0.5773450136967414,0.5773450136967414
11074,0.9166032895019567,0.0,0.9166032895019567,0.9166032895019567,0.9166032895019567
7803,,0.0,,,0.0
4071,0.0,0.78,0.78,0.78,0.78
3429,0.0,0.5792166453647069,0.5792166453647069,0.5792166453647069,0.5792166453647069
358,0.0,0.557120275326885,0.557120275326885,0.557120275326885,0.557120275326885
641700,0.0,0.6027776436466401,0.6027776436466401,0.6027776436466401,0.6027776436466401
7122,0.0,0.8970095005763045,0.8970095005763045,0.8970095005763045,0.8970095005763045
6781,0.0,0.058897066486529315,0.058897066486529315,0.058897066486529315,0.058897066486529315
3569,0.0,0.1701842557021957,0.1701842557021957,0.1701842557021957,0.1701842557021957
2,0.0,0.9135720165548153,0.9135720165548153,0.9135720165548153,0.9135720165548153
22918,0.0,0.6015441923324496,0.6015441923324496,0.6015441923324496,0.6015441923324496
168537,0.0,0.7504331019515231,0.7504331019515231,0.7504331019515231,0.7504331019515231
8519,0.0,,,,0.0
25937,0.0,0.566392560112367,0.566392560112367,0.566392560112367,0.566392560112367
8743,0.0,0.16703951957365112,0.16703951957365112,0.16703951957365112,0.16703951957365112
2022,0.0,0.742288624065208,0.742288624065208,0.742288624065208,0.742288624065208
7378,0.0,,,,0.0
3428,0.0,,,,0.0
9976,0.0,0.7438376803028303,0.7438376803028303,0.7438376803028303,0.7438376803028303
23643,0.0,0.84,0.84,0.84,0.84
2697,0.0,0.41,0.41,0.41,0.41
7305,0.81,0.81,0.81,0.0,0.81
1880,0.75,0.75,0.75,0.0,0.75
1890,0.06838709677419355,0.06838709677419355,0.06838709677419355,0.0,0.06838709677419355
50486,0.024880952380952382,0.024880952380952382,0.024880952380952382,0.0,0.024880952380952382
58475,0.41,0.41,0.41,0.0,0.41
1520,0.76,0.76,0.76,0.0,0.76
10870,0.745,0.745,0.745,0.0,0.745
1522,0.4261904761904762,0.4261904761904762,0.4261904761904762,0.0,0.4261904761904762
6688,0.6975,0.6975,0.6975,0.0,0.6975
58191,0.065,0.065,0.065,0.0,0.065
968,0.44,0.44,0.44,0.0,0.44
5320,0.9299999999999999,0.9299999999999999,0.0,0.9299999999999999,0.9299999999999999
8076,0.8600000000000001,0.8600000000000001,0.0,0.8600000000000001,0.8600000000000001
6649,0.3639285714285714,0.3639285714285714,0.0,0.3639285714285714,0.3639285714285714
715,0.0325,0.0325,0.0,0.0325,0.0325
3488,0.5125,0.5125,0.0,0.5125,0.5125
6423,0.02,0.02,0.0,0.02,0.02
1805,0.885,0.885,0.0,0.885,0.885
94031,0.05348484848484848,0.05348484848484848,0.0,0.05348484848484848,0.05348484848484848
126393,0.46,0.46,0.0,0.46,0.46
2878,0.088,0.088,0.0,0.088,0.088
6590,0.79,0.79,0.0,0.79,0.79
2252,0.64,0.64,0.0,0.64,0.64
6876,0.49636363636363634,0.49636363636363634,0.0,0.49636363636363634,0.49636363636363634
54829,0.875,0.875,0.0,0.875,0.875
125,0.675,0.675,0.0,0.675,0.675
25890,0.45,0.45,0.0,0.45,0.45
10550,,,0.0,,0.0
7058,0.30500000000000005,0.30500000000000005,0.0,0.30500000000000005,0.30500000000000005
8483,0.7575,0.7575,0.0,0.7575,0.7575
286133,0.36500000000000005,0.36500000000000005,0.0,0.36500000000000005,0.36500000000000005
871,0.08033333333333333,0.08033333333333333,0.0,0.08033333333333333,0.08033333333333333
947,0.28,0.28,0.0,0.28,0.28
9235,0.8633333333333333,0.8633333333333333,0.0,0.8633333333333333,0.8633333333333333
10398,0.1652941176470588,0.1652941176470588,0.0,0.1652941176470588,0.1652941176470588
90843,,,0.0,,0.0
83871,0.8712500000000001,0.8712500000000001,0.0,0.8712500000000001,0.8712500000000001
23022,0.8766666666666667,0.8766666666666667,0.0,0.8766666666666667,0.8766666666666667
30851,,,0.0,,0.0
2098,,,0.0,,0.0
6342,,,0.0,,0.0
25915,,,0.0,,0.0
4735,,,0.0,,0.0
26521,,,0.0,,0.0
1781,,,0.0,,0.0
4724,,,0.0,,0.0
84266,,,0.0,,0.0
51699,,,0.0,,0.0
3880,0.20214285714285715,0.0,0.20214285714285715,0.20214285714285715,0.20214285714285715
10551,0.875,0.0,0.875,0.875,0.875
3875,0.31625,0.0,0.31625,0.31625,0.31625
2877,0.7866666666666666,0.0,0.7866666666666666,0.7866666666666666,0.7866666666666666
1646,0.7866666666666666,0.0,0.7866666666666666,0.7866666666666666,0.7866666666666666
64073,0.71,0.0,0.71,0.71,0.71
3248,0.04666666666666667,0.0,0.04666666666666667,0.04666666666666667,0.04666666666666667
10205,0.4,0.0,0.4,0.4,0.4
1999,0.8700000000000001,0.0,0.8700000000000001,0.8700000000000001,0.8700000000000001
10103,0.75,0.0,0.75,0.75,0.75
1577,0.8766666666666667,0.0,0.8766666666666667,0.8766666666666667,0.8766666666666667
347735,0.81,0.0,0.81,0.81,0.81
100131187,0.25493006993006995,0.0,0.25493006993006995,0.25493006993006995,0.25493006993006995
311,0.16153846153846155,0.0,0.16153846153846155,0.16153846153846155,0.16153846153846155
2532,0.0,0.5825,0.5825,0.5825,0.5825
6401,0.0,0.8733333333333333,0.8733333333333333,0.8733333333333333,0.8733333333333333
56999,0.0,0.0492,0.0492,0.0492,0.0492
83483,0.0,0.67,0.67,0.67,0.67
10268,0.0,0.024,0.024,0.024,0.024
10252,0.0,0.028888888888888888,0.028888888888888888,0.028888888888888888,0.028888888888888888
10203,0.0,0.1,0.1,0.1,0.1
2040,0.0,,,,0.0
54935,0.0,,,,0.0
79742,0.0,0.86,0.86,0.86,0.86
58494,0.0,0.03111111111111111,0.03111111111111111,0.03111111111111111,0.03111111111111111
1997,0.0,0.365,0.365,0.365,0.365
4154,0.0,0.6025,0.6025,0.6025,0.6025
