marker_ID,EC,Epi,Fib,IC
LYZ,0.0,0.0,0.0,2.9589628068743727
TYROBP,0.0,0.0,0.0,3.070460317434164
FCER1G,0.0,0.0,0.0,2.4882191380280925
EBI2,0.0,0.0,0.0,2.3166768155865913
AIF1,0.0,0.0,0.0,2.22424950878104
LST1,0.0,0.0,0.0,1.9197229035910917
IL1B,0.0,0.0,0.0,1.857832710359332
C15orf48,0.0,0.0,0.0,1.1587921985828638
EREG,0.0,0.0,0.0,1.136174817289898
MS4A6A,0.0,0.0,0.0,1.3297613399644779
LAPTM5,0.0,0.0,0.0,1.372642127165221
CD83,0.0,0.0,0.0,1.29725223591887
TYMP,0.0,0.0,0.0,1.6067234821655587
G0S2,0.0,0.0,0.0,1.386664020214895
BCL2A1,0.0,0.0,0.0,1.2291383887888205
MS4A7,0.0,0.0,0.0,1.1975267937761875
RGS1,0.0,0.0,0.0,1.2066271325232898
CTSS,0.0,0.0,0.0,1.5647841451260949
CREM,0.0,0.0,0.0,1.6566277198536095
HCST,0.0,0.0,0.0,1.2202200745123692
SERPINB9,0.0,0.0,0.0,1.2139721145658051
COTL1,0.0,0.0,0.0,1.4367601024020051
C1orf162,0.0,0.0,0.0,1.1322006562294191
RNASET2,0.0,0.0,0.0,1.3592026231289829
HLA-DMB,0.0,0.0,0.0,1.2007416247138138
PLEK,0.0,0.0,0.0,1.1356127247893486
DUSP2,0.0,0.0,0.0,1.4209188518690752
ITGB2,0.0,0.0,0.0,1.2077595950467255
SAMSN1,0.0,0.0,0.0,1.0383631634527046
CTSZ,0.0,0.0,0.0,1.2507071764807356
RNASE6,0.0,0.0,0.0,0.9275722768611412
CPVL,0.0,0.0,0.0,1.0644130099479823
NR4A2,0.0,0.0,0.0,1.274271490507171
RGS2,0.0,0.0,0.0,0.9094375918424111
SPI1,0.0,0.0,0.0,0.7710773378344966
RGS10,0.0,0.0,0.0,1.0972474510009342
CXCL16,0.0,0.0,0.0,1.0511236810616078
CD37,0.0,0.0,0.0,0.7455891072301403
AP1S2,0.0,0.0,0.0,0.6725000533646505
CD68,0.0,0.0,0.0,0.870341571754216
NINJ1,0.0,0.0,0.0,1.1239343756381066
PDE4B,0.0,0.0,0.0,0.5656641404582182
PTPRE,0.0,0.0,0.0,0.9275181504496772
CMTM6,0.0,0.0,0.0,1.323171755558417
PPT1,0.0,0.0,0.0,0.6783931195671007
BID,0.0,0.0,0.0,0.7102990903075851
GLIPR1,0.0,0.0,0.0,0.2788074951012303
ATP2B1,0.0,0.0,0.0,1.1350484242902432
FAM49B,0.0,0.0,0.0,0.6725000533646505
NFKB1,0.0,0.0,0.0,0.7549426534940925
CKLF-CMTM1,0.0,0.0,0.0,0.6538395715949263
ACTR2,0.0,0.0,0.0,0.942721677619498
IER5,0.0,0.0,0.0,0.6281761379891674
MACROH2A1,0.0,0.0,0.0,0.8740583673873441
ASAH1,0.0,0.0,0.0,0.7549426534940925
CTNNB1,0.0,0.0,0.0,0.905905271800528
KDM6B,0.0,0.0,0.0,0.9387716561392202
BTG2,0.0,0.0,0.0,0.9934317029022184
DCN,0.0,0.0,4.118699170121717,0.0
COL1A2,0.0,0.0,3.6210639342701962,0.0
LUM,0.0,0.0,3.569527890772201,0.0
COL1A1,0.0,0.0,3.481437968689603,0.0
COL3A1,0.0,0.0,3.457491896143712,0.0
CCDC80,0.0,0.0,3.4619815135242176,0.0
PLAC9,0.0,0.0,2.951344650091257,0.0
FBLN1,0.0,0.0,3.0987246777239585,0.0
COL6A2,0.0,0.0,2.7388344966852674,0.0
PLA2G2A,0.0,0.0,2.912873043159353,0.0
IGFBP6,0.0,0.0,3.0060237228707276,0.0
FSTL1,0.0,0.0,2.4956522264848378,0.0
MFAP5,0.0,0.0,2.622338956479261,0.0
PI16,0.0,0.0,2.403399009978507,0.0
SOD3,0.0,0.0,2.240771543421147,0.0
EFEMP1,0.0,0.0,2.262899420120873,0.0
SERPINF1,0.0,0.0,2.2707728740518673,0.0
FN1,0.0,0.0,2.0429792512398572,0.0
C1S,0.0,0.0,2.0924732582727597,0.0
COL6A3,0.0,0.0,2.0999969804085503,0.0
COL6A1,0.0,0.0,2.0046782186860446,0.0
C1R,0.0,0.0,1.940343125650986,0.0
SERPINE2,0.0,0.0,2.0437505598600993,0.0
MMP2,0.0,0.0,2.011197227875705,0.0
CCN2,0.0,0.0,1.8068386033091959,0.0
IGFBP5,0.0,0.0,2.306272195063454,0.0
VCAN,0.0,0.0,1.9092255442969754,0.0
SFRP2,0.0,0.0,1.694642399366142,0.0
CYR61,0.0,0.0,1.9086186305066146,0.0
FBN1,0.0,0.0,1.7759659483381105,0.0
NUPR1,0.0,0.0,1.8110416480115905,0.0
TIMP2,0.0,0.0,1.7454794909966,0.0
TNFAIP6,0.0,0.0,1.5674278873822638,0.0
MFAP4,0.0,0.0,1.67512881786628,0.0
TNXB,0.0,0.0,1.623092093893265,0.0
THY1,0.0,0.0,1.6282528518549162,0.0
ELN,0.0,0.0,1.562600755264141,0.0
RARRES2,0.0,0.0,1.5009723101201624,0.0
CXCL14,0.0,0.0,0.7311835404895725,0.0
IGF1,0.0,0.0,1.509165158768295,0.0
FBLN2,0.0,0.0,1.4941065074707625,0.0
DPT,0.0,0.0,1.3172542761878911,0.0
PCOLCE,0.0,0.0,1.347595743225014,0.0
EGR1,0.0,0.0,1.5955936917742606,0.0
CTHRC1,0.0,0.0,1.3329819360839155,0.0
SPON2,0.0,0.0,1.4076776035101422,0.0
C3,0.0,0.0,1.3209949976515043,0.0
HEL-S-265,0.0,0.0,1.6202355579458234,0.0
PCOLCE2,0.0,0.0,1.3502325219876576,0.0
SFRP4,0.0,0.0,1.06246600066241,0.0
HTRA3,0.0,0.0,1.1492291517339854,0.0
PRSS23,0.0,0.0,1.4411696808840375,0.0
AKAP12,0.0,0.0,1.3723055546776364,0.0
CTSK,0.0,0.0,1.2837798729576044,0.0
CGI-38,0.0,0.0,1.06246600066241,0.0
OGN,0.0,0.0,1.2601944397111804,0.0
BGN,0.0,0.0,1.218509197403346,0.0
HEL55,0.0,0.0,1.2658437209854418,0.0
PLAT,0.0,0.0,1.313346696005922,0.0
SFRP1,0.0,0.0,0.8757561698408551,0.0
GPX3,0.0,0.0,1.0524862985794672,0.0
COL5A1,0.0,0.0,1.182777239467772,0.0
COL14A1,0.0,0.0,1.1880538801713563,0.0
SDC2,0.0,0.0,1.234706232029882,0.0
CAVIN3,0.0,0.0,1.2248434521920544,0.0
CYBRD1,0.0,0.0,1.2142492018649274,0.0
NENF,0.0,0.0,1.5992459197944182,0.0
CD248,0.0,0.0,1.0923682356128455,0.0
GEM,0.0,0.0,1.0791854363231008,0.0
NBL1,0.0,0.0,1.3155366960930568,0.0
SLPI,0.0,0.0,1.4097117281450533,0.0
COL5A2,0.0,0.0,1.0650454515927317,0.0
CFH,0.0,0.0,1.3107282509983338,0.0
MMP23B,0.0,0.0,1.09188222276516,0.0
CLEC11A,0.0,0.0,1.0831104751344547,0.0
FBLN5,0.0,0.0,1.059749211698743,0.0
CALU,0.0,0.0,1.2573845984537608,0.0
C1QTNF3,0.0,0.0,0.9491056978582046,0.0
AEBP1,0.0,0.0,1.057907963886945,0.0
FGF7,0.0,0.0,0.9904051863946828,0.0
LRP1,0.0,0.0,1.1016676415637952,0.0
MFGE8,0.0,0.0,1.0724049075133841,0.0
TAGLN,0.0,0.0,1.1390632359569806,0.0
GYPC,0.0,0.0,1.0914043088911207,0.0
CLEC3B,0.0,0.0,0.6903913076857429,0.0
HTRA1,0.0,0.0,1.0285719106182298,0.0
ASPN,0.0,0.0,0.7810608673525856,0.0
ADH1B,0.0,0.0,0.822087026931327,0.0
FXYD1,0.0,0.0,1.004944346868915,0.0
SLIT3,0.0,0.0,1.0303945447317768,0.0
ABI3BP,0.0,0.0,1.002203387820801,0.0
HEL-S-277,0.0,0.0,1.0764956802370036,0.0
ARL6IP5,0.0,0.0,1.2441859868821812,0.0
CRIP1,0.0,0.0,0.9680839486455495,0.0
THBS2,0.0,0.0,0.9674199649225534,0.0
LTBP4,0.0,0.0,1.0192918090157224,0.0
ISLR,0.0,0.0,0.8758291083964362,0.0
NFIA,0.0,0.0,1.1449566660334853,0.0
FGFR1,0.0,0.0,0.9864045556157847,0.0
UAP1,0.0,0.0,1.0745760590204039,0.0
DPYSL2,0.0,0.0,0.9927789223579584,0.0
PTGIS,0.0,0.0,0.8921063308246377,0.0
OLFML3,0.0,0.0,0.8690892308708524,0.0
SELENOP,0.0,0.0,1.2452670775552073,0.0
RARRES1,0.0,0.0,0.7848020256557955,0.0
PDLIM2,0.0,0.0,0.9626425047727759,0.0
REXO2,0.0,0.0,1.1416437215352442,0.0
PRELP,0.0,0.0,0.8073046226669358,0.0
PBX1,0.0,0.0,1.061819615092301,0.0
CILP,0.0,0.0,0.43017250254999256,0.0
SCARA5,0.0,0.0,0.7785253959119836,0.0
DAB2,0.0,0.0,0.8868232961484599,0.0
SERPINH1,0.0,0.0,0.9282067743216289,0.0
CD34,0.0,0.0,0.7656549959236062,0.0
MATN2,0.0,0.0,0.4967858436883989,0.0
IFI27L2,0.0,0.0,1.0328871150240126,0.0
EFEMP2,0.0,0.0,0.8219309906911239,0.0
LHFP,0.0,0.0,0.8070622414295047,0.0
UGDH,0.0,0.0,1.1567684566621508,0.0
HCFC1R1,0.0,0.0,0.9252008527014342,0.0
COL4A2,0.0,0.0,0.773320078904105,0.0
LOXL1,0.0,0.0,0.3797043094811544,0.0
LGALS3BP,0.0,0.0,1.2067634921621715,0.0
IL32,0.0,0.0,0.7866000492362075,0.0
OAF,0.0,0.0,1.1156656521348225,0.0
SEMA3C,0.0,0.0,0.9216257103453789,0.0
AXL,0.0,0.0,0.7550956816237404,0.0
ADD3,0.0,0.0,0.9006149279117442,0.0
CRTAP,0.0,0.0,0.9101750189671514,0.0
TPM2,0.0,0.0,0.8558825328721144,0.0
TSPAN4,0.0,0.0,0.7503145465025507,0.0
PDLIM3,0.0,0.0,0.5016810332199408,0.0
MXRA8,0.0,0.0,0.6275955673773806,0.0
CREB5,0.0,0.0,0.429964342406323,0.0
DPYSL3,0.0,0.0,0.5642867973243648,0.0
RTL8C,0.0,0.0,0.8960281127188955,0.0
MYL9,0.0,0.0,0.8618200668109263,0.0
PPAP2A,0.0,0.0,0.8147223996643398,0.0
MYADM,0.0,0.0,0.9433048083705688,0.0
GPNMB,0.0,0.0,0.9379075870506068,0.0
ANTXR1,0.0,0.0,0.6492142449991674,0.0
COPZ2,0.0,0.0,0.5053712149647586,0.0
NFIC,0.0,0.0,0.7356948548415001,0.0
PAM,0.0,0.0,0.547099550444804,0.0
QSCN6,0.0,0.0,0.8619858643077086,0.0
UGP2,0.0,0.0,0.9388550611008728,0.0
GSTM3,0.0,0.0,0.5921519641723965,0.0
LOC201895,0.0,0.0,0.9748632978880466,0.0
IFI6,0.0,0.0,0.7482665892098664,0.0
TCEAL8,0.0,0.0,0.9514997661117661,0.0
NUCB2,0.0,0.0,0.45256636795097555,0.0
RAB34,0.0,0.0,0.7004314093619551,0.0
RBMS1,0.0,0.0,1.070172903854541,0.0
LOC92689,0.0,0.0,0.5976837222295821,0.0
PALLD,0.0,0.0,0.4617308608546643,0.0
YWHAH,0.0,0.0,0.9280900935744716,0.0
KDELR2,0.0,0.0,1.2280762319681018,0.0
PLEKHC1,0.0,0.0,0.45458325435224023,0.0
P4HB,0.0,0.0,0.9706781708153148,0.0
STMP1,0.0,0.0,1.0012890255736249,0.0
AP3S1,0.0,0.0,0.9502124347399454,0.0
RND3,0.0,0.0,0.9426886122914523,0.0
C4orf48,0.0,0.0,0.674182254242275,0.0
RAB32,0.0,0.0,0.614276295432816,0.0
TMEM167A,0.0,0.0,0.8226762390330675,0.0
TMEM230,0.0,0.0,1.0494311200786046,0.0
CTSL,0.0,0.0,0.5817782544108734,0.0
RHOBTB3,0.0,0.0,0.4886881614323676,0.0
B4GALT1,0.0,0.0,0.5962483890628152,0.0
C1orf21,0.0,0.0,0.6965274150942182,0.0
TRAM1,0.0,0.0,0.8505372438895131,0.0
MYDGF,0.0,0.0,1.1480609779514994,0.0
TAX1BP3,0.0,0.0,0.9516742045405635,0.0
TTC3,0.0,0.0,0.5798398707350025,0.0
PLD3,0.0,0.0,0.6334163537210484,0.0
SRM,0.0,0.0,0.8584569387754036,0.0
TUBB6,0.0,0.0,0.6297511648808671,0.0
ESD,0.0,0.0,0.9407746981954397,0.0
CAMLG,0.0,0.0,0.7821012220745237,0.0
ATP6AP2,0.0,0.0,0.7971771876525148,0.0
REX1BD,0.0,0.0,0.9298097950907535,0.0
DUT,0.0,0.0,0.8429407631626042,0.0
ADI1,0.0,0.0,1.054129775384891,0.0
LAMP1,0.0,0.0,0.8127714464831541,0.0
HIGD1A,0.0,0.0,0.7476171661147772,0.0
TMED9,0.0,0.0,0.9832682927179215,0.0
MTCH1,0.0,0.0,0.7553513164637529,0.0
NDFIP1,0.0,0.0,1.0327593440275988,0.0
RNH1,0.0,0.0,0.9288207077103765,0.0
PYURF,0.0,0.0,0.7705875717523791,0.0
LAMTOR1,0.0,0.0,0.747295864760092,0.0
FKBP8,0.0,0.0,0.7775859234138467,0.0
TCEAL4,0.0,0.0,0.9567640225477152,0.0
POLR2F,0.0,0.0,0.8564520635565809,0.0
SPTSSA,0.0,0.0,0.8992236450080053,0.0
SSR3,0.0,0.0,0.8137899928671875,0.0
CHURC1,0.0,0.0,0.6765482603656396,0.0
AYP1,0.0,0.0,0.6021220772602678,0.0
FUNDC2,0.0,0.0,0.5655420637390937,0.0
CMPK1,0.0,0.0,0.6978621515379332,0.0
SCP2,0.0,0.0,0.942694871499407,0.0
TMED10,0.0,0.0,0.9639292374986966,0.0
HDLBP,0.0,0.0,0.54967861075446,0.0
STUB1,0.0,0.0,0.4882203233503156,0.0
CAMK2N1,0.0,0.0,0.7095097998408768,0.0
GTF2H5,0.0,0.0,0.8961752294104312,0.0
COPS6,0.0,0.0,0.47011259741365397,0.0
SAR1A,0.0,0.0,0.8222749196151168,0.0
C3orf60,0.0,0.0,0.8057687398562001,0.0
SEPTIN2,0.0,0.0,0.6038617805504755,0.0
GDI2,0.0,0.0,0.4976531746229148,0.0
C1orf122,0.0,0.0,0.8642997500290418,0.0
DNAJC8,0.0,0.0,0.6873715971552932,0.0
CBX3,0.0,0.0,0.7149613528030403,0.0
PGAM1,0.0,0.0,0.841953340362795,0.0
LRPAP1,0.0,0.0,0.49481700944497964,0.0
TIMM8B,0.0,0.0,0.8659708082752005,0.0
MRP63,0.0,0.0,0.7479138892820061,0.0
LAMTOR2,0.0,0.0,0.5799368081267807,0.0
RNF181,0.0,0.0,0.7597842403421027,0.0
DYNC1I2,0.0,0.0,0.7390475376246797,0.0
RTF1,0.0,0.0,0.7724704307862745,0.0
TMCO1,0.0,0.0,0.8357825814579306,0.0
POLR2J,0.0,0.0,0.6765482603656396,0.0
NDUFS8,0.0,0.0,0.731751781164359,0.0
CTTN,0.0,0.0,0.43944664206918505,0.0
WASF2,0.0,0.0,0.760790463237632,0.0
MRPL41,0.0,0.0,0.9376512710697833,0.0
DGUOK,0.0,0.0,0.6253932066900034,0.0
MZT2A,0.0,0.0,0.4565895977536945,0.0
LSM5,0.0,0.0,0.8154618652254393,0.0
POLR2I,0.0,0.0,0.43463577235408307,0.0
SRP9,0.0,0.0,0.7294370223673383,0.0
MRPL20,0.0,0.0,0.9032697999707664,0.0
GNB2,0.0,0.0,0.47011259741365397,0.0
SCAND1,0.0,0.0,0.7955667927178249,0.0
SSU72,0.0,0.0,0.6025748181919223,0.0
NDUFB5,0.0,0.0,0.6850525702934618,0.0
TMEM147,0.0,0.0,0.6359708237642611,0.0
RNF7,0.0,0.0,0.7842411184860449,0.0
NDUFS7,0.0,0.0,0.572156489826213,0.0
NDUFAF8,0.0,0.0,0.7180149550217108,0.0
NDUFS4,0.0,0.0,0.7550856720494913,0.0
ALKBH7,0.0,0.0,0.6326858541972163,0.0
VPS29,0.0,0.0,0.42975231265768754,0.0
POLR2K,0.0,0.0,0.6731444195407028,0.0
PSMD8,0.0,0.0,0.7022695889671553,0.0
SBDS,0.0,0.0,0.8171407661815044,0.0
CSNK2B,0.0,0.0,0.2993501055076311,0.0
METAP2,0.0,0.0,0.7715506537443513,0.0
BRP44,0.0,0.0,0.20940649598321223,0.0
KRT17,0.0,3.747384950322221,0.0,0.0
AQP3,0.0,3.311093750018161,0.0,0.0
KRT19,0.0,3.4941509185500426,0.0,0.0
KRT13,0.0,2.836213433250275,0.0,0.0
LY6D,0.0,2.853781700263224,0.0,0.0
FXYD3,0.0,2.5548552134830045,0.0,0.0
AGR2,0.0,2.488518373200317,0.0,0.0
PHLDA2,0.0,2.8365846583483214,0.0,0.0
TACSTD2,0.0,2.4508723039959994,0.0,0.0
SFN,0.0,2.288752790945594,0.0,0.0
KRT18,0.0,1.9965260578411073,0.0,0.0
KRT8,0.0,1.9658071795375454,0.0,0.0
GPX2,0.0,1.9494142376715884,0.0,0.0
AKR1C2,0.0,1.8867755663138408,0.0,0.0
KRT7,0.0,1.9497772406690896,0.0,0.0
IMUP,0.0,1.747464754902859,0.0,0.0
HMGA1,0.0,1.9523664125147695,0.0,0.0
KLF5,0.0,1.6422944094801946,0.0,0.0
SPINT2,0.0,1.6353742029463567,0.0,0.0
DHRS2,0.0,1.5919628638141923,0.0,0.0
HPGD,0.0,1.5478319736198398,0.0,0.0
SPINK1,0.0,1.6148771675635296,0.0,0.0
PERP,0.0,1.7638542124227703,0.0,0.0
ANXA10,0.0,1.4337276552754126,0.0,0.0
SERPINB5,0.0,1.4308133759461366,0.0,0.0
DUOXA2,0.0,1.3458341695801956,0.0,0.0
CCL20,0.0,1.0236275374545611,0.0,0.0
ODC1,0.0,1.4719975214350325,0.0,0.0
SMIM22,0.0,1.4388138910731858,0.0,0.0
CLDN4,0.0,1.5784397933723977,0.0,0.0
TXNDC17,0.0,1.8057495363629625,0.0,0.0
LAMB3,0.0,1.3605535663648862,0.0,0.0
EVA1,0.0,1.3759590562822381,0.0,0.0
CLDN7,0.0,1.3558826607018672,0.0,0.0
DKK1,0.0,1.5595276621490148,0.0,0.0
MMP1,0.0,0.7568755682642146,0.0,0.0
HAS3,0.0,1.283449671512671,0.0,0.0
HS3ST1,0.0,1.2898900454776145,0.0,0.0
EIF6,0.0,1.6140711076438572,0.0,0.0
FAM3B,0.0,1.2047706171935813,0.0,0.0
ELF3,0.0,1.2791815654277592,0.0,0.0
RASD1,0.0,1.1203767116713843,0.0,0.0
TSPAN1,0.0,1.194952817856649,0.0,0.0
LMO7,0.0,1.2765979408888848,0.0,0.0
CYP3A5,0.0,1.215425666338555,0.0,0.0
TNFRSF21,0.0,1.2489960164845981,0.0,0.0
SOWAHC,0.0,1.2209471511077634,0.0,0.0
ITGA2,0.0,1.1587010335090715,0.0,0.0
CHCHD10,0.0,1.2424721726336614,0.0,0.0
SDCBP2,0.0,1.108584915027519,0.0,0.0
SLC14A1,0.0,1.1352211396402705,0.0,0.0
ITGA6,0.0,1.1567052725898306,0.0,0.0
CLCA4,0.0,1.001842944831237,0.0,0.0
PMAIP1,0.0,1.1515517866236538,0.0,0.0
BAG1,0.0,1.365003115446956,0.0,0.0
SERINC2,0.0,1.0852934594816575,0.0,0.0
IRF6,0.0,1.0453815665102442,0.0,0.0
RAB10,0.0,1.3445545224489759,0.0,0.0
ID1,0.0,1.3934619491774578,0.0,0.0
TSTD1,0.0,1.157018387041319,0.0,0.0
PSCA,0.0,1.1759421828073267,0.0,0.0
OCIAD2,0.0,1.1124913867276705,0.0,0.0
SYT8,0.0,0.8491369998830968,0.0,0.0
AKR1C1,0.0,1.2747243395839343,0.0,0.0
INPP1,0.0,1.142557558371367,0.0,0.0
VSIG2,0.0,0.8632811038559106,0.0,0.0
SDC1,0.0,0.821843569266274,0.0,0.0
STK17A,0.0,1.1328266706759664,0.0,0.0
IFNGR2,0.0,1.304673964069477,0.0,0.0
TRIM31,0.0,0.5226340723547442,0.0,0.0
MALL,0.0,0.6395377855821717,0.0,0.0
TUBA1C,0.0,1.290831041766225,0.0,0.0
GSPT1,0.0,1.2209872799223416,0.0,0.0
FOSL1,0.0,1.218297184534641,0.0,0.0
CHMP2B,0.0,1.2179558702396467,0.0,0.0
ATP1B1,0.0,0.8708764257077508,0.0,0.0
TXNRD1,0.0,0.6855734598212448,0.0,0.0
ADFP,0.0,1.1532458123015448,0.0,0.0
FAM162A,0.0,1.2894541696873627,0.0,0.0
ZNF593,0.0,1.2307249969659901,0.0,0.0
FAM107B,0.0,1.0914199177256951,0.0,0.0
EIF4E,0.0,1.1127786556500912,0.0,0.0
POLR1D,0.0,1.1317917757917693,0.0,0.0
GNL3,0.0,0.8047671755736994,0.0,0.0
UNQ501,0.0,1.0392893388245983,0.0,0.0
ARPC5L,0.0,0.8353095727258377,0.0,0.0
PTP4A1,0.0,0.842553726419516,0.0,0.0
ASPH,0.0,0.8411129231575816,0.0,0.0
EIF3A,0.0,1.0991141276963077,0.0,0.0
HNRNPAB,0.0,1.1235421194425992,0.0,0.0
TGIF1,0.0,1.1298923396271658,0.0,0.0
YPEL5,0.0,0.8935217444437507,0.0,0.0
ANXA11,0.0,1.1271856611121658,0.0,0.0
UQCRFS1,0.0,1.145945559138323,0.0,0.0
MRPL14,0.0,1.0534220326078851,0.0,0.0
CDC42EP5,0.0,0.8728385519088837,0.0,0.0
HEL-S-71,0.0,0.8155761719447332,0.0,0.0
MANF,0.0,0.8335894679652425,0.0,0.0
C1QBP,0.0,0.8649700417911903,0.0,0.0
ACADVL,0.0,0.6642125352070226,0.0,0.0
FAM3C,0.0,0.9856287735474272,0.0,0.0
ENSA,0.0,0.5102523136199483,0.0,0.0
ZC3H15,0.0,0.7568755682642146,0.0,0.0
TM4SF1,3.2087080459450923,0.0,0.0,0.0
FY,3.20146251963826,0.0,0.0,0.0
IFI27,3.236358669044452,0.0,0.0,0.0
AQP1,2.051735528093669,0.0,0.0,0.0
SELE,1.9098105316851728,0.0,0.0,0.0
VWF,1.795748758168656,0.0,0.0,0.0
RAMP2,1.9095655762308033,0.0,0.0,0.0
VCAM1,1.573976241397634,0.0,0.0,0.0
ECSCR,1.5285240133852038,0.0,0.0,0.0
C2CD4B,1.4229665058082213,0.0,0.0,0.0
ICAM1,1.6432477699460046,0.0,0.0,0.0
PECAM1,1.4711910188408281,0.0,0.0,0.0
ADAMTS9,1.4156893961882313,0.0,0.0,0.0
CLDN5,1.314447506139917,0.0,0.0,0.0
EMCN,1.4292205176861799,0.0,0.0,0.0
stc1,1.1931127714991012,0.0,0.0,0.0
PLVAP,1.3275915490288275,0.0,0.0,0.0
IL6,1.0874306753164158,0.0,0.0,0.0
A2M,1.5250469721690418,0.0,0.0,0.0
NPDC1,1.5266983631190292,0.0,0.0,0.0
RAMP3,1.1931127714991012,0.0,0.0,0.0
SPRY1,1.2551533050090655,0.0,0.0,0.0
TSPAN7,1.0723326504578694,0.0,0.0,0.0
CD93,1.106099714063386,0.0,0.0,0.0
hIAN7,0.9586037797515153,0.0,0.0,0.0
CALCRL,1.0735986811228655,0.0,0.0,0.0
ATP1A1,1.349967030751661,0.0,0.0,0.0
EPAS1,1.1671293042972049,0.0,0.0,0.0
ZNF385D,0.9691362371659347,0.0,0.0,0.0
BCAM,1.2273217159986458,0.0,0.0,0.0
IFITM1,1.1265746368049399,0.0,0.0,0.0
ADGRL4,0.9413180667281685,0.0,0.0,0.0
PRCP,1.2564743076841536,0.0,0.0,0.0
STOM,1.322824086619477,0.0,0.0,0.0
SLC2A3,1.1851015855254374,0.0,0.0,0.0
RND1,0.6963469918997047,0.0,0.0,0.0
DUSP23,1.2556531217413471,0.0,0.0,0.0
WWTR1,1.2122256134233647,0.0,0.0,0.0
DIPK2B,0.8858571290064501,0.0,0.0,0.0
MEF2C,1.0241746524031652,0.0,0.0,0.0
TNFSF10,1.0316469109766535,0.0,0.0,0.0
ARHGAP29,0.9992434538493746,0.0,0.0,0.0
ENG,1.0874306753164158,0.0,0.0,0.0
DSCR1,1.1157211152120232,0.0,0.0,0.0
JAM2,0.9620411358553179,0.0,0.0,0.0
NCOA7,1.3003691526335899,0.0,0.0,0.0
THBD,0.9514207547021892,0.0,0.0,0.0
ARL4A,0.9413180667281685,0.0,0.0,0.0
KLF2,0.9980804980149354,0.0,0.0,0.0
MARCKSL1,1.1907286241934827,0.0,0.0,0.0
HEL70,1.0839107414276892,0.0,0.0,0.0
HSPG2,1.072168105734216,0.0,0.0,0.0
ESAM,0.4982128004579718,0.0,0.0,0.0
UPP1,0.9122831236533319,0.0,0.0,0.0
IRF1,1.1993185534776996,0.0,0.0,0.0
TGFBR2,1.182685671955442,0.0,0.0,0.0
IFI16,1.2509610480397997,0.0,0.0,0.0
CLEC2B,1.402369698579744,0.0,0.0,0.0
TSHZ2,1.1954463536267828,0.0,0.0,0.0
ARRDC3,0.8246745020646775,0.0,0.0,0.0
CSRP2,0.4982128004579718,0.0,0.0,0.0
ADAMTS1,0.682289913315652,0.0,0.0,0.0
LY96,0.7943585111183277,0.0,0.0,0.0
ARID5A,0.4644385008879445,0.0,0.0,0.0
CAV2,0.8220970617424244,0.0,0.0,0.0
MYH9,1.0200601496798964,0.0,0.0,0.0
ACTN1,0.9560251483381335,0.0,0.0,0.0
FNIP2,0.8457841762879035,0.0,0.0,0.0
PSMB9,0.8138180028940155,0.0,0.0,0.0
HEL-S-156an,0.8690557134187075,0.0,0.0,0.0
FAM241A,0.5153422564682643,0.0,0.0,0.0
KMT2E,0.9872696701494662,0.0,0.0,0.0
ELF1,1.0661670815257422,0.0,0.0,0.0
GNAI2,0.882799844608398,0.0,0.0,0.0
PIM3,1.0739247607924303,0.0,0.0,0.0
CDC37,1.0841095777742646,0.0,0.0,0.0
GJA1,0.8885806606830606,0.0,0.0,0.0
RDX,0.8292304591215178,0.0,0.0,0.0
PSMB8,0.8315955710156135,0.0,0.0,0.0
STAT3,0.9113627891013987,0.0,0.0,0.0
LIMS1,0.7979421128922005,0.0,0.0,0.0
JMJD1C,1.0844257225694502,0.0,0.0,0.0
MBNL1,0.6429069103416535,0.0,0.0,0.0
AKAP13,1.0445933966691487,0.0,0.0,0.0
CMIP,0.8438029873795989,0.0,0.0,0.0
C1orf63,0.8241095771802147,0.0,0.0,0.0
NECTIN2,0.7398229818724741,0.0,0.0,0.0
HSPA1B,0.5083804957423641,0.0,0.0,0.0
POLE4,0.749503811458766,0.0,0.0,0.0
PDLIM5,0.957767707993029,0.0,0.0,0.0
ISG15,0.7147079427841359,0.0,0.0,0.0
PTTG1IP,0.8690423135492332,0.0,0.0,0.0
CAPNS1,0.8131788346620235,0.0,0.0,0.0
EIF4B,0.963876662405555,0.0,0.0,0.0
PRMT1,0.8306446861894113,0.0,0.0,0.0
CANX,0.7495822935023375,0.0,0.0,0.0
ACTN4,0.6963469918997047,0.0,0.0,0.0
JAK1,0.7710036582202421,0.0,0.0,0.0
EIF3D,0.6825261685570093,0.0,0.0,0.0
BRD2,0.5123416353132287,0.0,0.0,0.0
ANP32B,0.5594535912823368,0.0,0.0,0.0
LOC51064,0.8457841762879035,0.0,0.0,0.0
PDCD6,0.7449700133144159,0.0,0.0,0.0
NDUFA12,0.6397574937643524,0.0,0.0,0.0
PPIG,0.7244041260920757,0.0,0.0,0.0
PAIP2,0.6544101078167667,0.0,0.0,0.0
JOSD3,0.6544101078167667,0.0,0.0,0.0
FBL,0.6525012947685239,0.0,0.0,0.0
RSRC2,0.7485927179584329,0.0,0.0,0.0
HNRNPM,0.5120055446305385,0.0,0.0,0.0
