marker_ID,Basal,EC,Fat,Fib,Luminal,Lym,MP,weight
2207,0.895074651733345,0.895074651733345,0.895074651733345,0.895074651733345,0.895074651733345,0.895074651733345,0.0,0.895074651733345
4069,0.8200652981348844,0.8200652981348844,0.8200652981348844,0.8200652981348844,0.8200652981348844,0.8200652981348844,0.0,0.8200652981348844
7805,0.8597257640364617,0.8597257640364617,0.8597257640364617,0.8597257640364617,0.8597257640364617,0.0,0.0,0.8597257640364617
3108,,,,,,,0.0,0.0
241,0.7428699813759462,0.7428699813759462,0.7428699813759462,0.7428699813759462,0.7428699813759462,0.7428699813759462,0.0,0.7428699813759462
199,0.6779539196068811,0.6779539196068811,0.6779539196068811,0.6779539196068811,0.6779539196068811,0.6779539196068811,0.0,0.6779539196068811
5199,0.8002001187563481,0.8002001187563481,0.8002001187563481,0.8002001187563481,0.8002001187563481,0.8002001187563481,0.0,0.8002001187563481
2014,,,,0.0,,,0.0,0.0
5996,0.880980164152612,0.880980164152612,0.880980164152612,0.880980164152612,0.880980164152612,0.880980164152612,0.0,0.880980164152612
8673,0.0,0.595,0.595,0.595,0.0,0.595,0.0,0.595
9555,0.0,0.0,,,0.0,,0.0,0.0
3059,0.7864910425730678,0.7864910425730678,0.7864910425730678,0.7864910425730678,0.7864910425730678,0.7864910425730678,0.0,0.7864910425730678
3109,0.5608799982664641,0.5608799982664641,0.5608799982664641,0.5608799982664641,0.5608799982664641,0.5608799982664641,0.0,0.5608799982664641
427,,,,,,,0.0,0.0
219972,0.8598555393280165,0.8598555393280165,0.8598555393280165,0.8598555393280165,0.8598555393280165,0.8598555393280165,0.0,0.8598555393280165
57175,,,,,0.0,,0.0,0.0
55364,0.03125866923370954,0.03125866923370954,0.03125866923370954,0.03125866923370954,0.03125866923370954,0.03125866923370954,0.0,0.03125866923370954
942,0.5917647677315803,0.5917647677315803,0.5917647677315803,0.5917647677315803,0.5917647677315803,0.5917647677315803,0.0,0.5917647677315803
51316,0.7542532333477671,0.7542532333477671,0.7542532333477671,0.0,0.0,0.7542532333477671,0.0,0.7542532333477671
7045,,,,,,,0.0,0.0
29108,0.07280219780219781,0.07280219780219781,0.07280219780219781,0.07280219780219781,0.07280219780219781,0.07280219780219781,0.0,0.07280219780219781
9476,0.905387487955806,0.905387487955806,0.905387487955806,0.905387487955806,0.905387487955806,0.905387487955806,0.0,0.905387487955806
257106,0.719701082352731,0.719701082352731,0.719701082352731,0.719701082352731,0.719701082352731,0.719701082352731,0.0,0.719701082352731
397,0.94,0.94,0.94,0.94,0.94,0.0,0.0,0.94
915,0.8230553199390802,0.8230553199390802,0.8230553199390802,0.8230553199390802,0.8230553199390802,0.0,0.8230553199390802,0.8230553199390802
9595,0.9589742090697976,0.9589742090697976,0.9589742090697976,0.9589742090697976,0.9589742090697976,0.0,0.0,0.9589742090697976
5880,0.2885714285714286,0.2885714285714286,0.2885714285714286,0.2885714285714286,0.2885714285714286,0.0,0.0,0.2885714285714286
9535,0.8350633117130937,0.8350633117130937,0.8350633117130937,0.8350633117130937,0.8350633117130937,0.0,0.0,0.8350633117130937
5790,0.806619696796057,0.806619696796057,0.806619696796057,0.806619696796057,0.806619696796057,0.0,0.806619696796057,0.806619696796057
3932,0.7660710097107436,0.7660710097107436,0.7660710097107436,0.7660710097107436,0.7660710097107436,0.0,0.7660710097107436,0.7660710097107436
916,0.8403474568986611,0.8403474568986611,0.8403474568986611,0.8403474568986611,0.8403474568986611,0.0,0.8403474568986611,0.8403474568986611
6404,0.8700614179231054,0.8700614179231054,0.8700614179231054,0.8700614179231054,0.8700614179231054,0.0,0.0,0.8700614179231054
27040,0.7938482259599433,0.7938482259599433,0.7938482259599433,0.7938482259599433,0.7938482259599433,0.0,0.7938482259599433,0.7938482259599433
5788,0.9416881172564583,0.9416881172564583,0.9416881172564583,0.9416881172564583,0.9416881172564583,0.0,0.0,0.9416881172564583
3148,,,,,0.0,0.0,0.0,0.0
951,0.9021819420607722,0.9021819420607722,0.9021819420607722,0.9021819420607722,0.9021819420607722,0.0,0.0,0.9021819420607722
1265,0.0,,,,,0.0,0.0,0.0
3856,0.0,0.6143809138531653,0.6143809138531653,0.6143809138531653,0.0,0.6143809138531653,0.0,0.6143809138531653
140576,0.0,0.0,0.7083333333333333,0.0,0.0,0.7083333333333333,0.7083333333333333,0.7083333333333333
8581,0.7891648678979188,0.7891648678979188,0.7891648678979188,0.7891648678979188,0.0,0.7891648678979188,0.7891648678979188,0.7891648678979188
26471,0.7710404384812783,0.7710404384812783,0.7710404384812783,0.0,0.0,0.7710404384812783,0.7710404384812783,0.7710404384812783
2752,0.7249970237586538,0.0,0.7249970237586538,0.0,0.0,0.7249970237586538,0.0,0.7249970237586538
57111,0.5620347055258742,0.5620347055258742,0.5620347055258742,0.5620347055258742,0.0,0.5620347055258742,0.5620347055258742,0.5620347055258742
6692,0.29382926904833334,0.29382926904833334,0.29382926904833334,0.29382926904833334,0.0,0.29382926904833334,0.29382926904833334,0.29382926904833334
4070,0.29266189749056304,0.29266189749056304,0.29266189749056304,0.29266189749056304,0.0,0.29266189749056304,0.29266189749056304,0.29266189749056304
6768,0.11194470101135495,0.11194470101135495,0.11194470101135495,0.11194470101135495,0.0,0.11194470101135495,0.11194470101135495,0.11194470101135495
57402,0.8300055012965534,0.8300055012965534,0.8300055012965534,0.8300055012965534,0.0,0.8300055012965534,0.8300055012965534,0.8300055012965534
5264,,,,,0.0,,,0.0
3664,0.0,0.043416149423818766,0.043416149423818766,0.043416149423818766,0.0,0.043416149423818766,0.043416149423818766,0.043416149423818766
64063,0.09978976882568441,0.09978976882568441,0.09978976882568441,0.09978976882568441,0.0,0.09978976882568441,0.09978976882568441,0.09978976882568441
1454,,,,,0.0,,,0.0
822,0.0,0.824061783848601,0.824061783848601,0.824061783848601,0.0,0.824061783848601,0.0,0.824061783848601
3949,,,,,0.0,,,0.0
780,0.0,,,,0.0,,,0.0
55620,0.4281738483660984,0.4281738483660984,0.4281738483660984,0.4281738483660984,0.0,0.4281738483660984,0.4281738483660984,0.4281738483660984
6242,,,,,0.0,,,0.0
5603,,,,,0.0,,,0.0
54472,,,,,0.0,,,0.0
3831,,,,,0.0,,,0.0
22800,,,,,0.0,,,0.0
2820,0.6601681173336618,0.6601681173336618,0.6601681173336618,0.6601681173336618,0.0,0.6601681173336618,0.6601681173336618,0.6601681173336618
6049,0.35272822846530294,0.35272822846530294,0.35272822846530294,0.35272822846530294,0.0,0.35272822846530294,0.35272822846530294,0.35272822846530294
10477,,,,,0.0,,,0.0
525,0.8338134185240893,0.8338134185240893,0.8338134185240893,0.8338134185240893,0.0,0.8338134185240893,0.8338134185240893,0.8338134185240893
147700,0.10942679241917531,0.10942679241917531,0.10942679241917531,0.10942679241917531,0.0,0.10942679241917531,0.10942679241917531,0.10942679241917531
51650,0.0,,,,0.0,,0.0,0.0
282991,0.14978481774219013,0.14978481774219013,0.14978481774219013,0.14978481774219013,0.0,0.14978481774219013,0.14978481774219013,0.14978481774219013
2077,,,,,0.0,,,0.0
7130,0.9149963091757342,0.9149963091757342,0.9149963091757342,0.0,0.9149963091757342,0.9149963091757342,0.9149963091757342,0.9149963091757342
1281,0.6525388179447409,0.6525388179447409,0.6525388179447409,0.0,0.6525388179447409,0.6525388179447409,0.6525388179447409,0.6525388179447409
1277,,,,0.0,,,,0.0
7123,0.6228982990648735,0.6228982990648735,0.6228982990648735,0.0,0.6228982990648735,0.6228982990648735,0.6228982990648735,0.6228982990648735
3956,0.0,,,0.0,,,0.0,0.0
5176,0.7419971136334578,0.7419971136334578,0.7419971136334578,0.0,0.7419971136334578,0.7419971136334578,0.7419971136334578,0.7419971136334578
11167,0.0,,,0.0,,,,0.0
6678,0.0,0.0,0.0,0.0,,,,0.0
1292,0.14089492297460177,0.14089492297460177,0.14089492297460177,0.0,0.14089492297460177,0.14089492297460177,0.14089492297460177,0.14089492297460177
687,0.47,0.0,0.47,0.0,0.47,0.47,0.47,0.47
1290,,,,0.0,,,,0.0
1293,0.7825930826507164,0.7825930826507164,0.7825930826507164,0.0,0.7825930826507164,0.7825930826507164,0.7825930826507164,0.7825930826507164
5118,0.8916061148881612,0.8916061148881612,0.8916061148881612,0.0,0.8916061148881612,0.8916061148881612,0.8916061148881612,0.8916061148881612
1513,0.9668705339977453,0.9668705339977453,0.9668705339977453,0.0,0.9668705339977453,0.9668705339977453,0.9668705339977453,0.9668705339977453
4921,0.8676396071280623,0.8676396071280623,0.8676396071280623,0.0,0.8676396071280623,0.8676396071280623,0.8676396071280623,0.8676396071280623
2200,0.3399919444800981,0.3399919444800981,0.3399919444800981,0.0,0.3399919444800981,0.3399919444800981,0.3399919444800981,0.3399919444800981
5621,0.0,0.0,,0.0,,,,0.0
5327,,,,0.0,,,,0.0
4237,0.8883868596768738,0.8883868596768738,0.8883868596768738,0.0,0.8883868596768738,0.8883868596768738,0.8883868596768738,0.8883868596768738
3912,,,,0.0,,,,0.0
54587,0.1670523252623975,0.1670523252623975,0.1670523252623975,0.0,0.1670523252623975,0.1670523252623975,0.1670523252623975,0.1670523252623975
5376,0.6086609214368442,0.0,0.6086609214368442,0.0,0.6086609214368442,0.6086609214368442,0.6086609214368442,0.6086609214368442
22839,,,,0.0,0.0,,,0.0
3671,0.7702602832803085,0.7702602832803085,0.7702602832803085,0.0,0.7702602832803085,0.7702602832803085,0.7702602832803085,0.7702602832803085
4314,0.858817882144458,0.858817882144458,0.858817882144458,0.0,0.858817882144458,0.858817882144458,0.858817882144458,0.858817882144458
55970,0.0,0.0,,0.0,0.0,,,0.0
7070,0.6518542790402827,0.6518542790402827,0.6518542790402827,0.0,0.6518542790402827,0.6518542790402827,0.6518542790402827,0.6518542790402827
2217,,0.0,,0.0,,,0.0,0.0
55328,,,0.0,,,,,0.0
4619,0.9086603112603874,0.9086603112603874,0.0,0.9086603112603874,0.9086603112603874,0.9086603112603874,0.9086603112603874,0.9086603112603874
6447,0.31913104711215856,0.31913104711215856,0.0,0.31913104711215856,0.31913104711215856,0.31913104711215856,0.31913104711215856,0.31913104711215856
91860,0.6937500000000001,0.6937500000000001,0.0,0.6937500000000001,0.6937500000000001,0.6937500000000001,0.6937500000000001,0.6937500000000001
3902,0.6922983852763069,0.6922983852763069,0.0,0.6922983852763069,0.6922983852763069,0.6922983852763069,0.6922983852763069,0.6922983852763069
390191,0.8806590181293295,0.8806590181293295,0.0,0.8806590181293295,0.8806590181293295,0.8806590181293295,0.8806590181293295,0.8806590181293295
3773,0.933583352262663,0.933583352262663,0.0,0.933583352262663,0.933583352262663,0.933583352262663,0.933583352262663,0.933583352262663
1586,0.5122238856323179,0.5122238856323179,0.0,0.5122238856323179,0.5122238856323179,0.5122238856323179,0.5122238856323179,0.5122238856323179
80852,0.9647415367797799,0.9647415367797799,0.0,0.9647415367797799,0.9647415367797799,0.9647415367797799,0.9647415367797799,0.9647415367797799
54739,0.5338394922442808,0.5338394922442808,0.0,0.5338394922442808,0.5338394922442808,0.5338394922442808,0.5338394922442808,0.5338394922442808
728,0.5484525506732515,0.5484525506732515,0.0,0.5484525506732515,0.5484525506732515,0.5484525506732515,0.5484525506732515,0.5484525506732515
5655,0.5007664868436384,0.5007664868436384,0.0,0.5007664868436384,0.5007664868436384,0.5007664868436384,0.5007664868436384,0.5007664868436384
131408,,,0.0,,,,,0.0
83987,0.14037869906982708,0.14037869906982708,0.0,0.14037869906982708,0.14037869906982708,0.14037869906982708,0.14037869906982708,0.14037869906982708
118932,0.8787382451497376,0.8787382451497376,0.0,0.8787382451497376,0.8787382451497376,0.8787382451497376,0.8787382451497376,0.8787382451497376
7318,0.40247194556355304,0.40247194556355304,0.0,0.40247194556355304,0.40247194556355304,0.40247194556355304,0.40247194556355304,0.40247194556355304
7732,0.38105088595991043,0.38105088595991043,0.0,0.38105088595991043,0.38105088595991043,0.38105088595991043,0.38105088595991043,0.38105088595991043
169841,0.039001925266158366,0.039001925266158366,0.0,0.039001925266158366,0.039001925266158366,0.039001925266158366,0.039001925266158366,0.039001925266158366
64333,0.73448475,0.73448475,0.0,0.73448475,0.73448475,0.73448475,0.73448475,0.73448475
7135,0.9028277202318754,0.9028277202318754,0.0,0.9028277202318754,0.9028277202318754,0.9028277202318754,0.9028277202318754,0.9028277202318754
3606,0.698,0.698,0.0,0.698,0.698,0.698,0.698,0.698
84678,,,0.0,,,,,0.0
11185,0.7620453602778802,0.7620453602778802,0.0,0.7620453602778802,0.7620453602778802,0.7620453602778802,0.7620453602778802,0.7620453602778802
1653,,,0.0,,,,,0.0
255189,0.898090961514634,0.898090961514634,0.0,0.898090961514634,0.898090961514634,0.898090961514634,0.898090961514634,0.898090961514634
255043,,,0.0,,,,,0.0
28960,,,0.0,,,,,0.0
3990,0.8634523846762752,0.8634523846762752,0.0,0.8634523846762752,0.8634523846762752,0.8634523846762752,0.8634523846762752,0.8634523846762752
201164,0.11027491609804893,0.11027491609804893,0.0,0.11027491609804893,0.11027491609804893,0.11027491609804893,0.11027491609804893,0.11027491609804893
84985,0.6819841875964059,0.6819841875964059,0.0,0.6819841875964059,0.6819841875964059,0.6819841875964059,0.6819841875964059,0.6819841875964059
140732,0.6652119568745704,0.6652119568745704,0.0,0.6652119568745704,0.6652119568745704,0.6652119568745704,0.6652119568745704,0.6652119568745704
5777,0.4619868475646887,0.4619868475646887,0.0,0.4619868475646887,0.4619868475646887,0.4619868475646887,0.4619868475646887,0.4619868475646887
387695,0.8806756545217173,0.8806756545217173,0.0,0.8806756545217173,0.8806756545217173,0.8806756545217173,0.8806756545217173,0.8806756545217173
5179,0.25084217326167596,0.25084217326167596,0.0,0.25084217326167596,0.25084217326167596,0.25084217326167596,0.25084217326167596,0.25084217326167596
166336,0.4066666666666667,0.4066666666666667,0.0,0.4066666666666667,0.4066666666666667,0.4066666666666667,0.4066666666666667,0.4066666666666667
671,0.8574324556581788,0.8574324556581788,0.0,0.8574324556581788,0.8574324556581788,0.8574324556581788,0.8574324556581788,0.8574324556581788
5054,0.02009240446940341,0.02009240446940341,0.0,0.02009240446940341,0.02009240446940341,0.02009240446940341,0.02009240446940341,0.02009240446940341
2,0.9135720165548153,0.9135720165548153,0.0,0.9135720165548153,0.9135720165548153,0.9135720165548153,0.9135720165548153,0.9135720165548153
55228,0.05995275977127279,0.05995275977127279,0.0,0.05995275977127279,0.05995275977127279,0.05995275977127279,0.05995275977127279,0.05995275977127279
4327,0.523602676140317,0.523602676140317,0.0,0.523602676140317,0.523602676140317,0.523602676140317,0.523602676140317,0.523602676140317
496,0.8661753077690014,0.8661753077690014,0.0,0.8661753077690014,0.8661753077690014,0.8661753077690014,0.8661753077690014,0.8661753077690014
132160,,,0.0,,,,,0.0
57152,0.6585733265531799,0.6585733265531799,0.0,0.6585733265531799,0.6585733265531799,0.6585733265531799,0.6585733265531799,0.6585733265531799
1031,0.14493611444297969,0.14493611444297969,0.0,0.14493611444297969,0.14493611444297969,0.14493611444297969,0.14493611444297969,0.14493611444297969
56169,0.964300666772373,0.964300666772373,0.0,0.964300666772373,0.964300666772373,0.964300666772373,0.964300666772373,0.964300666772373
10661,0.687994427826553,0.687994427826553,0.0,0.687994427826553,0.687994427826553,0.687994427826553,0.687994427826553,0.687994427826553
79574,0.8996366494180137,0.8996366494180137,0.0,0.8996366494180137,0.8996366494180137,0.8996366494180137,0.8996366494180137,0.8996366494180137
2067,,,0.0,,,,,0.0
2882,0.31894736842105265,0.31894736842105265,0.0,0.31894736842105265,0.31894736842105265,0.31894736842105265,0.31894736842105265,0.31894736842105265
84251,0.40244941136387374,0.40244941136387374,0.0,0.40244941136387374,0.40244941136387374,0.40244941136387374,0.40244941136387374,0.40244941136387374
155465,0.9604029682437007,0.9604029682437007,0.0,0.9604029682437007,0.9604029682437007,0.9604029682437007,0.9604029682437007,0.9604029682437007
660,0.767916310959547,0.767916310959547,0.0,0.767916310959547,0.767916310959547,0.767916310959547,0.767916310959547,0.767916310959547
27033,0.771893519063582,0.771893519063582,0.0,0.771893519063582,0.771893519063582,0.771893519063582,0.771893519063582,0.771893519063582
1203,,,0.0,,,,,0.0
1437,0.6446272847665491,0.6446272847665491,0.0,0.6446272847665491,0.6446272847665491,0.6446272847665491,0.6446272847665491,0.6446272847665491
6677,0.7867907099292631,0.7867907099292631,0.0,0.7867907099292631,0.7867907099292631,0.7867907099292631,0.7867907099292631,0.7867907099292631
57016,0.654894875841362,0.654894875841362,0.0,0.654894875841362,0.654894875841362,0.654894875841362,0.654894875841362,0.654894875841362
4938,0.6941120964959745,0.6941120964959745,0.0,0.6941120964959745,0.6941120964959745,0.6941120964959745,0.6941120964959745,0.6941120964959745
25780,0.5378686143615031,0.5378686143615031,0.0,0.5378686143615031,0.5378686143615031,0.5378686143615031,0.5378686143615031,0.5378686143615031
4071,0.0,0.0,0.78,0.78,0.0,0.78,0.78,0.78
948,0.9369840935631797,0.0,0.9369840935631797,0.9369840935631797,0.9369840935631797,0.9369840935631797,0.0,0.9369840935631797
358,0.557120275326885,0.0,0.557120275326885,0.557120275326885,0.557120275326885,0.557120275326885,0.557120275326885,0.557120275326885
7122,0.8970095005763045,0.0,0.8970095005763045,0.8970095005763045,0.8970095005763045,0.8970095005763045,0.8970095005763045,0.8970095005763045
2022,0.742288624065208,0.0,0.742288624065208,0.742288624065208,0.742288624065208,0.742288624065208,0.742288624065208,0.742288624065208
9590,0.6576617356201644,0.0,0.6576617356201644,0.6576617356201644,0.6576617356201644,0.6576617356201644,0.6576617356201644,0.6576617356201644
641700,0.6027776436466401,0.0,0.6027776436466401,0.6027776436466401,0.6027776436466401,0.6027776436466401,0.6027776436466401,0.6027776436466401
64129,0.0,0.0,0.1632138375250183,0.1632138375250183,0.0,0.1632138375250183,0.1632138375250183,0.1632138375250183
116844,0.400029528172835,0.0,0.400029528172835,0.400029528172835,0.400029528172835,0.400029528172835,0.400029528172835,0.400029528172835
5552,0.6956465413453106,0.0,0.6956465413453106,0.6956465413453106,0.6956465413453106,0.0,0.0,0.6956465413453106
22918,0.6015441923324496,0.0,0.6015441923324496,0.6015441923324496,0.6015441923324496,0.6015441923324496,0.6015441923324496,0.6015441923324496
439996,0.9748033309048305,0.0,0.9748033309048305,0.9748033309048305,0.9748033309048305,0.9748033309048305,0.9748033309048305,0.9748033309048305
389,0.0,0.0,,0.0,0.0,,,0.0
3569,0.1701842557021957,0.0,0.1701842557021957,0.0,0.1701842557021957,0.1701842557021957,0.1701842557021957,0.1701842557021957
64108,0.7893749455409507,0.0,0.7893749455409507,0.7893749455409507,0.7893749455409507,0.7893749455409507,0.7893749455409507,0.7893749455409507
684,0.47955696369916034,0.0,0.47955696369916034,0.0,0.0,0.47955696369916034,0.0,0.47955696369916034
7378,,0.0,,,,,,0.0
10544,,0.0,,,,,,0.0
340061,0.90125,0.0,0.90125,0.90125,0.90125,0.90125,0.90125,0.90125
25937,0.0,0.0,0.566392560112367,0.566392560112367,0.0,0.566392560112367,0.566392560112367,0.566392560112367
2697,0.0,0.0,0.41,0.0,0.41,0.41,0.41,0.41
9180,0.0,0.0,0.5252462842336763,0.5252462842336763,0.0,0.5252462842336763,0.5252462842336763,0.5252462842336763
3384,0.792154125,0.0,0.792154125,0.792154125,0.792154125,0.792154125,0.792154125,0.792154125
306,0.5346490183330583,0.0,0.5346490183330583,0.0,0.0,0.5346490183330583,0.5346490183330583,0.5346490183330583
8837,0.7805555555555556,0.0,0.7805555555555556,0.7805555555555556,0.7805555555555556,0.7805555555555556,0.0,0.7805555555555556
55281,0.935,0.0,0.935,0.935,0.935,0.935,0.935,0.935
11186,0.0,0.0,,0.0,0.0,,,0.0
92162,0.6266734822516336,0.0,0.6266734822516336,0.6266734822516336,0.6266734822516336,0.6266734822516336,0.6266734822516336,0.6266734822516336
11078,,0.0,,,,,,0.0
29780,0.87,0.0,0.87,0.87,0.87,0.87,0.87,0.87
6856,0.0,0.0,,0.0,0.0,,,0.0
3430,,0.0,,,,,,0.0
3861,0.0,0.8722498234498628,0.8722498234498628,0.8722498234498628,0.8722498234498628,0.8722498234498628,0.8722498234498628,0.8722498234498628
2810,0.0,0.7221118247875102,0.7221118247875102,0.7221118247875102,0.0,0.7221118247875102,0.0,0.7221118247875102
3934,0.0,0.8278273797763644,0.8278273797763644,0.8278273797763644,0.0,0.8278273797763644,0.8278273797763644,0.8278273797763644
3963,0.0,0.688770426278802,0.688770426278802,0.688770426278802,0.0,0.688770426278802,0.688770426278802,0.688770426278802
127534,0.0,0.5341901624930359,0.5341901624930359,0.5341901624930359,0.5341901624930359,0.5341901624930359,0.5341901624930359,0.5341901624930359
5349,0.0,0.6161755028680032,0.0,0.6161755028680032,0.0,0.6161755028680032,0.6161755028680032,0.6161755028680032
2707,0.0,0.7929772561885285,0.7929772561885285,0.7929772561885285,0.7929772561885285,0.7929772561885285,0.7929772561885285,0.7929772561885285
978,0.0,0.475,0.475,0.475,0.475,0.475,0.475,0.475
8572,0.0,0.03200140972607659,0.03200140972607659,0.03200140972607659,0.0,0.03200140972607659,0.03200140972607659,0.03200140972607659
2274,0.0,,,,0.0,,,0.0
5268,0.0,0.9380031619724645,0.9380031619724645,0.9380031619724645,0.0,0.9380031619724645,0.9380031619724645,0.9380031619724645
55612,0.0,0.5177396441904148,0.5177396441904148,0.5177396441904148,0.5177396441904148,0.5177396441904148,0.5177396441904148,0.5177396441904148
72,0.0,0.7520858338525691,0.7520858338525691,0.7520858338525691,0.7520858338525691,0.7520858338525691,0.7520858338525691,0.7520858338525691
3852,0.0,0.8081074017886702,0.8081074017886702,0.8081074017886702,0.8081074017886702,0.8081074017886702,0.8081074017886702,0.8081074017886702
1307,0.0,0.08033245967282321,0.08033245967282321,0.08033245967282321,0.08033245967282321,0.08033245967282321,0.08033245967282321,0.08033245967282321
3914,0.0,0.6380300959605266,0.6380300959605266,0.6380300959605266,0.6380300959605266,0.6380300959605266,0.6380300959605266,0.6380300959605266
11187,0.0,0.826395580375821,0.826395580375821,0.826395580375821,0.0,0.826395580375821,0.826395580375821,0.826395580375821
79080,0.0,,,,,,,0.0
3918,0.0,0.33315136823183045,0.33315136823183045,0.33315136823183045,0.0,0.33315136823183045,0.33315136823183045,0.33315136823183045
3843,0.0,,,,0.0,,,0.0
7919,0.0,0.0,,,0.0,,0.0,0.0
824,0.0,0.0,0.9067800212305477,0.9067800212305477,0.0,0.9067800212305477,0.9067800212305477,0.9067800212305477
9414,0.0,,,,0.0,,,0.0
1308,0.0,0.8565320304861759,0.8565320304861759,0.8565320304861759,0.8565320304861759,0.8565320304861759,0.8565320304861759,0.8565320304861759
7041,0.0,,,,,,,0.0
1503,0.0,,,,,,,0.0
27101,0.0,,,,0.0,,,0.0
22827,0.0,0.0,,,0.0,,,0.0
8480,0.0,,,,,,,0.0
1155,0.0,,,,0.0,,0.0,0.0
4256,0.0,0.7755827599189722,0.7755827599189722,0.7755827599189722,0.7755827599189722,0.7755827599189722,0.7755827599189722,0.7755827599189722
25843,0.0,,,,0.0,,,0.0
7305,0.81,0.81,0.81,0.81,0.81,0.81,0.0,0.81
1520,0.76,0.76,0.76,0.76,0.76,0.0,0.0,0.76
712,0.85,0.85,0.85,0.85,0.85,0.85,0.0,0.85
1043,0.445,0.445,0.445,0.445,0.445,0.0,0.0,0.445
714,0.8866666666666667,0.8866666666666667,0.8866666666666667,0.8866666666666667,0.8866666666666667,0.8866666666666667,0.0,0.8866666666666667
58191,0.0,0.065,0.065,0.065,0.0,0.065,0.0,0.065
9450,0.7866666666666666,0.7866666666666666,0.7866666666666666,0.7866666666666666,0.7866666666666666,0.7866666666666666,0.0,0.7866666666666666
4046,0.9066666666666667,0.9066666666666667,0.9066666666666667,0.0,0.9066666666666667,0.0,0.0,0.9066666666666667
1436,0.702,0.702,0.702,0.702,0.702,0.702,0.0,0.702
122618,0.8316666666666667,0.8316666666666667,0.8316666666666667,0.8316666666666667,0.8316666666666667,0.8316666666666667,0.0,0.8316666666666667
3936,0.91,0.91,0.91,0.91,0.91,0.91,0.0,0.91
962,0.7775000000000001,0.7775000000000001,0.7775000000000001,0.7775000000000001,0.7775000000000001,0.7775000000000001,0.0,0.7775000000000001
2212,0.8966666666666666,0.8966666666666666,0.8966666666666666,0.8966666666666666,0.8966666666666666,0.8966666666666666,0.0,0.8966666666666666
124460,0.8841666666666667,0.8841666666666667,0.8841666666666667,0.8841666666666667,0.8841666666666667,0.8841666666666667,0.0,0.8841666666666667
94240,0.04133333333333333,0.04133333333333333,0.04133333333333333,0.04133333333333333,0.04133333333333333,0.04133333333333333,0.0,0.04133333333333333
4731,,,,,0.0,,0.0,0.0
29103,0.9630000000000001,0.9630000000000001,0.9630000000000001,0.9630000000000001,0.0,0.9630000000000001,0.0,0.9630000000000001
8773,,,,,,,0.0,0.0
27334,0.625,0.625,0.625,0.625,0.625,0.625,0.0,0.625
6342,0.0,,,,0.0,,0.0,0.0
3550,,,,,,,0.0,0.0
10010,,,,,,,0.0,0.0
79720,0.0,,,,0.0,0.0,0.0,0.0
6304,0.908,0.908,0.908,0.908,0.908,0.0,0.0,0.908
1236,0.46,0.46,0.46,0.46,0.46,0.0,0.0,0.46
9262,0.93,0.93,0.93,0.93,0.93,0.0,0.0,0.93
133418,0.0,0.026111111111111113,0.026111111111111113,0.026111111111111113,0.026111111111111113,0.0,0.026111111111111113,0.026111111111111113
10870,0.745,0.745,0.745,0.745,0.745,0.0,0.745,0.745
50615,0.381,0.381,0.381,0.381,0.381,0.0,0.381,0.381
1731,0.88,0.88,0.88,0.88,0.88,0.0,0.88,0.88
917,0.65,0.65,0.65,0.65,0.65,0.0,0.65,0.65
170575,0.78,0.78,0.78,0.78,0.78,0.0,0.78,0.78
3875,0.0,0.31625,0.31625,0.31625,0.0,0.31625,0.0,0.31625
3880,0.20214285714285715,0.20214285714285715,0.20214285714285715,0.20214285714285715,0.0,0.20214285714285715,0.20214285714285715,0.20214285714285715
4072,0.0,0.06428571428571428,0.06428571428571428,0.06428571428571428,0.0,0.06428571428571428,0.06428571428571428,0.06428571428571428
1397,0.0,0.0,0.8858333333333334,0.8858333333333334,0.0,0.8858333333333334,0.8858333333333334,0.8858333333333334
6271,0.0,0.7683333333333333,0.7683333333333333,0.7683333333333333,0.0,0.7683333333333333,0.7683333333333333,0.7683333333333333
92359,0.90125,0.90125,0.90125,0.90125,0.0,0.90125,0.90125,0.90125
347735,0.0,0.81,0.81,0.81,0.0,0.81,0.81,0.81
64787,0.06380952380952382,0.06380952380952382,0.06380952380952382,0.06380952380952382,0.0,0.06380952380952382,0.06380952380952382,0.06380952380952382
30851,,,,,0.0,,,0.0
1891,0.0,,,,0.0,,,0.0
4709,0.0,,,,0.0,,0.0,0.0
79192,0.024854166666666667,0.024854166666666667,0.024854166666666667,0.024854166666666667,0.0,0.024854166666666667,0.024854166666666667,0.024854166666666667
164668,0.41,0.41,0.41,0.41,0.0,0.41,0.41,0.41
33,0.0,0.06785714285714287,0.06785714285714287,0.06785714285714287,0.0,0.06785714285714287,0.06785714285714287,0.06785714285714287
53826,0.77,0.77,0.77,0.77,0.0,0.77,0.77,0.77
3029,,,,,0.0,,,0.0
1999,0.8700000000000001,0.8700000000000001,0.8700000000000001,0.8700000000000001,0.0,0.8700000000000001,0.8700000000000001,0.8700000000000001
8099,0.0,,,,0.0,,,0.0
9324,,,,,0.0,,,0.0
10205,0.4,0.4,0.4,0.4,0.0,0.4,0.4,0.4
11142,,0.0,,,0.0,,,0.0
54502,0.684375,0.684375,0.684375,0.684375,0.0,0.684375,0.684375,0.684375
9961,0.8400000000000001,0.8400000000000001,0.8400000000000001,0.8400000000000001,0.0,0.8400000000000001,0.8400000000000001,0.8400000000000001
25847,0.0,,,,0.0,,0.0,0.0
2591,0.309,0.309,0.309,0.309,0.0,0.309,0.309,0.309
1410,0.5025,0.5025,0.5025,0.5025,0.0,0.5025,0.5025,0.5025
9255,0.0,,,,0.0,,,0.0
374897,0.76,0.76,0.76,0.76,0.0,0.76,0.76,0.76
4199,0.256,0.256,0.256,0.256,0.0,0.256,0.256,0.256
59343,,,,,0.0,,,0.0
55111,,,,,0.0,,0.0,0.0
10267,0.11156250000000001,0.11156250000000001,0.11156250000000001,0.11156250000000001,0.0,0.11156250000000001,0.11156250000000001,0.11156250000000001
311,0.16153846153846155,0.16153846153846155,0.16153846153846155,0.16153846153846155,0.0,0.16153846153846155,0.16153846153846155,0.16153846153846155
10987,,,,,0.0,,,0.0
4820,0.3275,0.3275,0.3275,0.3275,0.0,0.3275,0.3275,0.3275
10540,0.0,,,,0.0,,,0.0
497661,0.0,,,,0.0,,0.0,0.0
23367,,,,,0.0,,,0.0
27258,,,,,0.0,,,0.0
246184,,,,,0.0,,,0.0
55017,,,,,0.0,,,0.0
84933,,,,,0.0,,,0.0
10640,,,,,0.0,,,0.0
23412,0.02631578947368421,0.02631578947368421,0.02631578947368421,0.02631578947368421,0.0,0.02631578947368421,0.02631578947368421,0.02631578947368421
26127,,,,,0.0,,0.0,0.0
3669,0.88,0.88,0.88,0.88,0.0,0.88,0.88,0.88
871,0.0,0.0,0.08033333333333333,0.0,0.08033333333333333,0.08033333333333333,0.08033333333333333,0.08033333333333333
1805,0.885,0.885,0.885,0.0,0.885,0.885,0.885,0.885
710,0.75,0.75,0.75,0.0,0.75,0.75,0.75,0.75
8076,0.8600000000000001,0.8600000000000001,0.8600000000000001,0.0,0.8600000000000001,0.8600000000000001,0.8600000000000001,0.8600000000000001
10875,0.27749999999999997,0.27749999999999997,0.27749999999999997,0.0,0.27749999999999997,0.27749999999999997,0.27749999999999997,0.27749999999999997
1800,0.74,0.74,0.74,0.0,0.74,0.74,0.74,0.74
947,0.28,0.0,0.28,0.0,0.28,0.28,0.28,0.28
2878,0.088,0.088,0.088,0.0,0.0,0.088,0.088,0.088
347,0.815,0.815,0.815,0.0,0.815,0.815,0.815,0.815
94031,0.05348484848484848,0.05348484848484848,0.05348484848484848,0.0,0.05348484848484848,0.05348484848484848,0.05348484848484848,0.05348484848484848
9936,0.12352941176470589,0.12352941176470589,0.12352941176470589,0.0,0.12352941176470589,0.12352941176470589,0.12352941176470589,0.12352941176470589
8406,0.5221428571428571,0.5221428571428571,0.5221428571428571,0.0,0.5221428571428571,0.5221428571428571,0.5221428571428571,0.5221428571428571
9452,0.3,0.3,0.3,0.0,0.3,0.3,0.3,0.3
7058,0.30500000000000005,0.30500000000000005,0.30500000000000005,0.0,0.30500000000000005,0.30500000000000005,0.30500000000000005,0.30500000000000005
25890,0.45,0.45,0.45,0.0,0.45,0.45,0.45,0.45
6649,0.3639285714285714,0.3639285714285714,0.3639285714285714,0.0,0.3639285714285714,0.3639285714285714,0.3639285714285714,0.3639285714285714
4323,0.70875,0.70875,0.70875,0.0,0.70875,0.70875,0.70875,0.70875
493869,0.11166666666666666,0.11166666666666666,0.11166666666666666,0.0,0.11166666666666666,0.11166666666666666,0.11166666666666666,0.11166666666666666
715,0.0325,0.0325,0.0325,0.0,0.0325,0.0325,0.0325,0.0325
2098,0.0,,,0.0,0.0,,0.0,0.0
1312,0.0,,,0.0,0.0,,,0.0
3437,0.81,0.81,0.0,0.81,0.81,0.81,0.81,0.81
3433,0.5883333333333334,0.5883333333333334,0.0,0.5883333333333334,0.5883333333333334,0.5883333333333334,0.5883333333333334,0.5883333333333334
3991,0.8916666666666666,0.8916666666666666,0.0,0.8916666666666666,0.8916666666666666,0.8916666666666666,0.8916666666666666,0.8916666666666666
973,0.55,0.55,0.0,0.55,0.55,0.55,0.55,0.55
1788,0.28768181818181815,0.28768181818181815,0.0,0.28768181818181815,0.28768181818181815,0.28768181818181815,0.28768181818181815,0.28768181818181815
283807,0.876,0.876,0.0,0.876,0.876,0.876,0.876,0.876
115727,0.3628571428571429,0.3628571428571429,0.0,0.3628571428571429,0.3628571428571429,0.3628571428571429,0.3628571428571429,0.3628571428571429
1876,0.08157894736842106,0.08157894736842106,0.0,0.08157894736842106,0.08157894736842106,0.08157894736842106,0.08157894736842106,0.08157894736842106
933,0.7835714285714286,0.7835714285714286,0.0,0.7835714285714286,0.7835714285714286,0.7835714285714286,0.7835714285714286,0.7835714285714286
57569,0.03833333333333333,0.03833333333333333,0.0,0.03833333333333333,0.03833333333333333,0.03833333333333333,0.03833333333333333,0.03833333333333333
7518,0.037000000000000005,0.037000000000000005,0.0,0.037000000000000005,0.037000000000000005,0.037000000000000005,0.037000000000000005,0.037000000000000005
340485,0.94,0.94,0.0,0.94,0.94,0.94,0.94,0.94
55137,0.03,0.03,0.0,0.03,0.03,0.03,0.03,0.03
10085,0.02411764705882353,0.02411764705882353,0.0,0.02411764705882353,0.02411764705882353,0.02411764705882353,0.02411764705882353,0.02411764705882353
3699,0.8133928571428571,0.8133928571428571,0.0,0.8133928571428571,0.8133928571428571,0.8133928571428571,0.8133928571428571,0.8133928571428571
79885,0.03,0.03,0.0,0.03,0.03,0.03,0.03,0.03
25801,0.028749999999999998,0.028749999999999998,0.0,0.028749999999999998,0.028749999999999998,0.028749999999999998,0.028749999999999998,0.028749999999999998
149478,0.19375,0.19375,0.0,0.19375,0.19375,0.19375,0.19375,0.19375
22899,0.6325,0.6325,0.0,0.6325,0.6325,0.6325,0.6325,0.6325
57156,0.03,0.03,0.0,0.03,0.03,0.03,0.03,0.03
112483,,,0.0,,,,,0.0
27306,0.87,0.87,0.0,0.87,0.87,0.87,0.87,0.87
1128,0.32666666666666666,0.32666666666666666,0.0,0.32666666666666666,0.32666666666666666,0.32666666666666666,0.32666666666666666,0.32666666666666666
55039,,,0.0,,,,,0.0
100526760,,,0.0,,,,,0.0
57412,0.07,0.07,0.0,0.07,0.07,0.07,0.07,0.07
57761,0.404,0.404,0.0,0.404,0.404,0.404,0.404,0.404
197257,0.699,0.699,0.0,0.699,0.699,0.699,0.699,0.699
221981,0.05,0.05,0.0,0.05,0.05,0.05,0.05,0.05
151871,0.8733333333333333,0.8733333333333333,0.0,0.8733333333333333,0.8733333333333333,0.8733333333333333,0.8733333333333333,0.8733333333333333
54414,0.685,0.685,0.0,0.685,0.685,0.685,0.685,0.685
56999,0.0492,0.0492,0.0,0.0492,0.0492,0.0492,0.0492,0.0492
89846,0.08666666666666667,0.08666666666666667,0.0,0.08666666666666667,0.08666666666666667,0.08666666666666667,0.08666666666666667,0.08666666666666667
64900,0.19374999999999998,0.19374999999999998,0.0,0.19374999999999998,0.19374999999999998,0.19374999999999998,0.19374999999999998,0.19374999999999998
153642,0.02909090909090909,0.02909090909090909,0.0,0.02909090909090909,0.02909090909090909,0.02909090909090909,0.02909090909090909,0.02909090909090909
5830,,,0.0,,,,,0.0
116496,0.15625,0.15625,0.0,0.15625,0.15625,0.15625,0.15625,0.15625
285195,0.375,0.375,0.0,0.375,0.375,0.375,0.375,0.375
8050,,,0.0,,,,,0.0
7980,0.24714285714285714,0.24714285714285714,0.0,0.24714285714285714,0.24714285714285714,0.24714285714285714,0.24714285714285714,0.24714285714285714
6554,0.88,0.88,0.0,0.88,0.88,0.88,0.88,0.88
2670,0.8925000000000001,0.8925000000000001,0.0,0.8925000000000001,0.8925000000000001,0.8925000000000001,0.8925000000000001,0.8925000000000001
24146,0.88,0.88,0.0,0.88,0.88,0.88,0.88,0.88
3981,0.1115,0.1115,0.0,0.1115,0.1115,0.1115,0.1115,0.1115
3423,,,0.0,,,,,0.0
79870,0.10871929824561403,0.10871929824561403,0.0,0.10871929824561403,0.10871929824561403,0.10871929824561403,0.10871929824561403,0.10871929824561403
3145,0.0,0.0,0.0,0.0,0.0,0.0,0.0,0.0
364,0.8528571428571429,0.8528571428571429,0.0,0.8528571428571429,0.8528571428571429,0.8528571428571429,0.8528571428571429,0.8528571428571429
143279,0.042314285714285714,0.042314285714285714,0.0,0.042314285714285714,0.042314285714285714,0.042314285714285714,0.042314285714285714,0.042314285714285714
54995,0.30954545454545457,0.30954545454545457,0.0,0.30954545454545457,0.30954545454545457,0.30954545454545457,0.30954545454545457,0.30954545454545457
401409,0.13333333333333333,0.13333333333333333,0.0,0.13333333333333333,0.13333333333333333,0.13333333333333333,0.13333333333333333,0.13333333333333333
23743,0.1092,0.1092,0.0,0.1092,0.1092,0.1092,0.1092,0.1092
222698,0.25666666666666665,0.25666666666666665,0.0,0.25666666666666665,0.25666666666666665,0.25666666666666665,0.25666666666666665,0.25666666666666665
443,0.8899999999999999,0.8899999999999999,0.0,0.8899999999999999,0.8899999999999999,0.8899999999999999,0.8899999999999999,0.8899999999999999
143662,0.77,0.77,0.0,0.77,0.77,0.77,0.77,0.77
79007,0.078125,0.078125,0.0,0.078125,0.078125,0.078125,0.078125,0.078125
29109,,,0.0,,,,,0.0
223082,0.18833333333333332,0.18833333333333332,0.0,0.18833333333333332,0.18833333333333332,0.18833333333333332,0.18833333333333332,0.18833333333333332
25842,,,0.0,,,,,0.0
340359,0.95,0.95,0.0,0.95,0.95,0.95,0.95,0.95
80004,0.0390625,0.0390625,0.0,0.0390625,0.0390625,0.0390625,0.0390625,0.0390625
7200,0.2825,0.2825,0.0,0.2825,0.2825,0.2825,0.2825,0.2825
10861,0.8099999999999999,0.8099999999999999,0.0,0.8099999999999999,0.8099999999999999,0.8099999999999999,0.8099999999999999,0.8099999999999999
8987,0.11142857142857143,0.11142857142857143,0.0,0.11142857142857143,0.11142857142857143,0.11142857142857143,0.11142857142857143,0.11142857142857143
56649,0.90875,0.90875,0.0,0.90875,0.90875,0.90875,0.90875,0.90875
84432,0.86125,0.86125,0.0,0.86125,0.86125,0.86125,0.86125,0.86125
2159,0.815,0.815,0.0,0.815,0.815,0.815,0.815,0.815
54847,0.0925,0.0925,0.0,0.0925,0.0925,0.0925,0.0925,0.0925
10203,0.1,0.1,0.0,0.1,0.1,0.1,0.1,0.1
5885,,,0.0,,,,,0.0
81693,0.46714285714285714,0.46714285714285714,0.0,0.46714285714285714,0.46714285714285714,0.46714285714285714,0.46714285714285714,0.46714285714285714
149345,0.10285714285714286,0.10285714285714286,0.0,0.10285714285714286,0.10285714285714286,0.10285714285714286,0.10285714285714286,0.10285714285714286
53919,0.5816666666666668,0.5816666666666668,0.0,0.5816666666666668,0.5816666666666668,0.5816666666666668,0.5816666666666668,0.5816666666666668
51184,,,0.0,,,,,0.0
1992,0.48,0.48,0.0,0.48,0.48,0.48,0.48,0.48
1089,0.25,0.25,0.0,0.25,0.25,0.25,0.25,0.25
3399,0.0,0.0,0.02857142857142857,0.0,0.02857142857142857,0.02857142857142857,0.02857142857142857,0.02857142857142857
8404,0.58,0.0,0.58,0.0,0.58,0.58,0.58,0.58
79927,0.5675,0.0,0.5675,0.5675,0.5675,0.5675,0.5675,0.5675
11343,0.1170242656449553,0.0,0.1170242656449553,0.1170242656449553,0.1170242656449553,0.1170242656449553,0.1170242656449553,0.1170242656449553
83483,0.67,0.0,0.67,0.67,0.67,0.67,0.67,0.67
79812,0.87,0.0,0.87,0.87,0.87,0.87,0.87,0.87
50848,0.0,0.0,0.2522027972027972,0.2522027972027972,0.0,0.2522027972027972,0.2522027972027972,0.2522027972027972
58494,0.03111111111111111,0.0,0.03111111111111111,0.03111111111111111,0.03111111111111111,0.03111111111111111,0.03111111111111111,0.03111111111111111
116362,0.060714285714285714,0.0,0.060714285714285714,0.060714285714285714,0.060714285714285714,0.060714285714285714,0.060714285714285714,0.060714285714285714
146862,0.5725,0.0,0.5725,0.5725,0.5725,0.5725,0.5725,0.5725
57381,0.04,0.0,0.04,0.0,0.04,0.04,0.04,0.04
54625,0.0215,0.0,0.0215,0.0215,0.0215,0.0215,0.0215,0.0215
3627,0.665,0.0,0.665,0.665,0.665,0.665,0.665,0.665
2793,0.264,0.0,0.264,0.264,0.264,0.264,0.264,0.264
2040,,0.0,,,,,,0.0
8835,0.0,0.0,0.036000000000000004,0.036000000000000004,0.036000000000000004,0.036000000000000004,0.036000000000000004,0.036000000000000004
94,0.6333333333333333,0.0,0.6333333333333333,0.6333333333333333,0.6333333333333333,0.6333333333333333,0.6333333333333333,0.6333333333333333
1439,0.7575000000000001,0.0,0.7575000000000001,0.7575000000000001,0.7575000000000001,0.7575000000000001,0.0,0.7575000000000001
3280,0.029166666666666667,0.0,0.029166666666666667,0.029166666666666667,0.0,0.029166666666666667,0.029166666666666667,0.029166666666666667
9351,0.060909090909090906,0.0,0.060909090909090906,0.060909090909090906,0.060909090909090906,0.060909090909090906,0.060909090909090906,0.060909090909090906
841,0.7641666666666667,0.0,0.7641666666666667,0.7641666666666667,0.7641666666666667,0.7641666666666667,0.7641666666666667,0.7641666666666667
1580,0.6799999999999999,0.0,0.6799999999999999,0.6799999999999999,0.6799999999999999,0.6799999999999999,0.6799999999999999,0.6799999999999999
64073,0.71,0.0,0.71,0.71,0.0,0.71,0.71,0.71
27253,0.030000000000000002,0.0,0.030000000000000002,0.030000000000000002,0.030000000000000002,0.030000000000000002,0.030000000000000002,0.030000000000000002
126282,0.085,0.0,0.085,0.085,0.085,0.085,0.085,0.085
8609,0.268,0.0,0.268,0.268,0.268,0.268,0.268,0.268
29015,0.92,0.0,0.92,0.92,0.92,0.92,0.92,0.92
8682,,0.0,,,,,0.0,0.0
5360,0.0,0.0,0.515,0.515,0.515,0.515,0.515,0.515
11007,0.0,0.0,,,0.0,,,0.0
330,0.08499999999999999,0.0,0.08499999999999999,0.08499999999999999,0.08499999999999999,0.08499999999999999,0.08499999999999999,0.08499999999999999
55754,,0.0,,,0.0,,,0.0
10395,0.7766666666666666,0.0,0.7766666666666666,0.7766666666666666,0.7766666666666666,0.7766666666666666,0.7766666666666666,0.7766666666666666
163351,0.45,0.0,0.45,0.45,0.45,0.45,0.45,0.45
29121,0.8775,0.0,0.8775,0.8775,0.8775,0.8775,0.8775,0.8775
7376,,0.0,,,0.0,,,0.0
6876,0.0,0.49636363636363634,0.49636363636363634,0.49636363636363634,0.49636363636363634,0.49636363636363634,0.49636363636363634,0.49636363636363634
1465,0.0,0.0,0.8013888888888889,0.8013888888888889,0.0,0.8013888888888889,0.0,0.8013888888888889
1264,0.0,0.1775,0.1775,0.1775,0.1775,0.1775,0.1775,0.1775
3488,0.0,0.5125,0.5125,0.5125,0.0,0.5125,0.5125,0.5125
10398,0.0,0.1652941176470588,0.1652941176470588,0.1652941176470588,0.1652941176470588,0.1652941176470588,0.1652941176470588,0.1652941176470588
800,0.0,0.0,0.9,0.0,0.9,0.9,0.9,0.9
1678,0.0,0.013333333333333334,0.013333333333333334,0.013333333333333334,0.0,0.013333333333333334,0.013333333333333334,0.013333333333333334
23022,0.0,0.8766666666666667,0.8766666666666667,0.8766666666666667,0.8766666666666667,0.8766666666666667,0.8766666666666667,0.8766666666666667
54433,0.0,,,,0.0,,,0.0
22931,0.0,0.0,,0.0,0.0,,,0.0
6663,0.0,0.9125,0.9125,0.9125,0.9125,0.9125,0.9125,0.9125
4712,0.0,0.0,,,0.0,,0.0,0.0
8815,0.0,,,,0.0,,0.0,0.0
5701,0.0,,,,0.0,,,0.0
9564,0.0,0.8574999999999999,0.8574999999999999,0.8574999999999999,0.8574999999999999,0.8574999999999999,0.8574999999999999,0.8574999999999999
203,0.0,,,,,,,0.0
23650,0.0,0.459,0.459,0.459,0.459,0.459,0.459,0.459
4338,0.0,,,,,,,0.0
26521,0.0,,,,0.0,,0.0,0.0
10199,0.0,0.04047619047619048,0.04047619047619048,0.04047619047619048,0.04047619047619048,0.04047619047619048,0.04047619047619048,0.04047619047619048
4678,0.0,,,,,,,0.0
4724,0.0,,,,0.0,,,0.0
8692,0.0,0.878,0.878,0.878,0.878,0.878,0.878,0.878
26003,0.0,,,,0.0,,,0.0
122786,0.0,0.92,0.92,0.0,0.92,0.92,0.92,0.92
27257,0.0,,,,0.0,,,0.0
51699,0.0,,,,0.0,,0.0,0.0
6629,0.0,,,,0.0,,0.0,0.0
90843,0.0,,,,0.0,,,0.0
2739,0.0,,,,0.0,,,0.0
85437,0.0,,,,0.0,,,0.0
126119,0.0,0.02666666666666667,0.02666666666666667,0.02666666666666667,0.02666666666666667,0.02666666666666667,0.02666666666666667,0.02666666666666667
51128,0.0,,,,0.0,,,0.0
4643,0.0,0.028,0.028,0.028,0.0,0.028,0.028,0.028
27309,0.0,,,,,,,0.0
1781,0.0,,,,0.0,,0.0,0.0
27249,0.0,,,,,,,0.0
81611,0.0,,,,0.0,,,0.0
