marker_ID,EC,Epi_basal,Epi_stratified,Epi_suprabasal,Epi_upper,Fib,Gland,IC
CXCR4,0.0,0.0,0.0,0.0,0.0,0.0,0.0,1.3862943649291992
CD69,0.0,0.0,0.0,0.0,0.0,0.0,0.0,0.6931471824645996
RGS1,0.0,0.0,0.0,0.0,0.0,0.0,0.0,0.6931471824645996
CD52,0.0,0.0,0.0,0.0,0.0,0.0,0.0,0.6931471824645996
LAPTM5,0.0,0.0,0.0,0.0,0.0,0.0,0.0,0.6931471824645996
ARHGDIB,0.0,0.0,0.0,0.0,0.0,0.0,0.0,0.6931471824645996
CORO1A,0.0,0.0,0.0,0.0,0.0,0.0,0.0,0.6931471824645996
CLU,1.3862943649291992,0.0,0.0,0.0,0.0,1.3862943649291992,3.1132683753967285,0.0
DEFB1,0.0,0.0,0.6931471824645996,0.0,0.0,0.0,1.9459102153778076,0.0
WFDC2,0.0,0.0,0.0,0.0,0.0,0.0,1.0986123085021973,0.0
KRT19,0.0,1.9459102153778076,0.0,1.0986123085021973,2.3025851249694824,0.0,2.7725887298583984,0.0
MMP7,0.0,0.0,0.0,0.0,0.0,0.0,0.6931471824645996,0.0
SCPEP1,0.0,0.0,0.0,0.0,0.0,0.0,1.3862943649291992,0.0
TSC22D1,0.6931471824645996,0.0,0.0,0.0,0.0,0.0,1.0986123085021973,0.0
SAA1,0.0,0.0,0.0,0.0,0.0,0.0,0.6931471824645996,0.0
KRT7,0.0,0.0,0.0,0.0,0.6931471824645996,0.0,1.0986123085021973,0.0
KRT8,0.0,0.6931471824645996,0.0,0.6931471824645996,0.0,0.0,1.0986123085021973,0.0
GLUL,0.0,0.6931471824645996,0.0,0.6931471824645996,0.0,0.6931471824645996,1.3862943649291992,0.0
CEBPB,0.0,0.0,0.0,0.0,0.0,0.6931471824645996,1.0986123085021973,0.0
RBP1,0.0,0.0,0.0,0.0,0.0,0.0,0.6931471824645996,0.0
KRT23,0.0,0.0,0.0,0.0,0.0,0.0,0.6931471824645996,0.0
FOLR1,0.0,0.0,0.0,0.0,0.0,0.0,0.6931471824645996,0.0
TFCP2L1,0.0,0.0,0.0,0.0,0.0,0.0,0.6931471824645996,0.0
LITAF,0.0,0.0,0.0,0.0,0.0,0.0,0.6931471824645996,0.0
PLPP2,0.0,0.0,0.0,0.0,0.0,0.0,0.6931471824645996,0.0
MDK,0.0,0.0,0.0,0.0,0.0,0.0,0.6931471824645996,0.0
PDLIM4,0.0,0.0,0.0,0.0,0.0,0.0,0.6931471824645996,0.0
NFIB,0.0,0.0,0.0,0.0,0.0,0.0,0.6931471824645996,0.0
RARRES3,0.0,0.0,0.0,0.0,0.0,0.0,0.6931471824645996,0.0
EPCAM,0.0,0.0,0.0,0.0,0.0,0.0,0.6931471824645996,0.0
FOSB,0.0,0.0,0.0,0.0,0.0,0.0,0.6931471824645996,0.0
CHPT1,0.0,0.0,0.0,0.0,0.0,0.0,0.6931471824645996,0.0
SYNE2,0.0,0.0,0.0,0.0,0.0,0.0,0.6931471824645996,0.0
CTNNB1,0.0,0.0,0.0,0.0,0.0,0.0,0.6931471824645996,0.0
XIST,0.0,0.0,0.0,0.0,0.0,0.0,0.6931471824645996,0.0
PIM3,0.0,0.0,0.0,0.0,0.0,0.0,0.6931471824645996,0.0
TTC3,0.0,0.0,0.0,0.0,0.0,0.0,0.6931471824645996,0.0
KRTCAP3,0.0,0.0,0.0,0.0,0.0,0.0,0.6931471824645996,0.0
SH3YL1,0.0,0.0,0.0,0.0,0.0,0.0,0.6931471824645996,0.0
DHRS3,0.0,0.0,0.0,0.0,0.0,0.0,0.6931471824645996,0.0
EPB41L4A-AS1,0.0,0.0,0.0,0.0,0.0,0.0,0.6931471824645996,0.0
IGBP1,0.0,0.0,0.0,0.0,0.0,0.0,0.6931471824645996,0.0
LRPAP1,0.0,0.0,0.0,0.0,0.0,0.0,0.6931471824645996,0.0
RSRP1,0.0,0.0,0.0,0.0,0.0,0.0,0.6931471824645996,0.0
CD164,0.0,0.0,0.0,0.0,0.0,0.0,0.6931471824645996,0.0
DDX24,0.0,0.0,0.0,0.0,0.0,0.0,0.6931471824645996,0.0
DDX17,0.0,0.0,0.0,0.0,0.0,0.0,0.6931471824645996,0.0
SYNGR2,0.0,0.0,0.0,0.0,0.0,0.0,0.6931471824645996,0.0
SEP15,0.0,0.0,0.0,0.0,0.0,0.0,0.6931471824645996,0.0
DCN,0.0,0.0,0.0,0.0,0.0,3.25809645652771,0.0,0.0
CFD,0.0,0.0,0.0,0.0,0.0,3.295836925506592,0.0,0.0
PLA2G2A,0.0,0.0,0.0,0.0,0.0,1.7917594909667969,0.0,0.0
MGP,0.6931471824645996,0.0,0.0,0.0,0.0,2.079441547393799,0.0,0.0
LGALS1,0.0,0.0,0.0,0.0,0.0,2.079441547393799,0.0,0.0
S100A4,0.0,0.0,0.0,0.0,0.0,2.4849066734313965,0.0,1.0986123085021973
IGFBP6,0.0,0.0,0.0,0.0,0.0,1.9459102153778076,0.0,0.0
TIMP1,1.0986123085021973,0.6931471824645996,0.0,0.0,0.0,2.079441547393799,0.0,0.0
C1R,0.0,0.0,0.0,0.0,0.0,1.7917594909667969,0.0,0.0
FBLN1,0.0,0.0,0.0,0.0,0.0,1.6094379425048828,0.0,0.0
SERPING1,0.0,0.0,0.0,0.0,0.0,1.6094379425048828,0.0,0.0
TIMP3,0.6931471824645996,0.0,0.0,0.0,0.0,1.6094379425048828,0.0,0.0
MFAP4,0.0,0.0,0.0,0.0,0.0,1.3862943649291992,0.0,0.0
SOD3,0.0,0.0,0.0,0.0,0.0,1.0986123085021973,0.0,0.0
GPX3,0.0,0.0,0.0,0.0,1.0986123085021973,1.9459102153778076,0.0,0.0
SFRP2,0.0,0.0,0.0,0.0,0.0,1.0986123085021973,0.0,0.0
C1S,0.0,0.0,0.0,0.0,0.0,1.3862943649291992,0.0,0.0
COL1A2,0.0,0.0,0.0,0.0,0.0,1.3862943649291992,0.0,0.0
PLAC9,0.0,0.0,0.0,0.0,0.0,1.3862943649291992,0.0,0.0
MYL9,0.0,0.0,0.0,0.0,0.0,0.6931471824645996,0.0,0.0
SERPINF1,0.0,0.0,0.0,0.0,0.0,1.0986123085021973,0.0,0.0
SELM,0.0,0.0,0.0,0.0,0.0,1.0986123085021973,0.0,0.0
IGFBP5,0.0,0.0,0.0,0.0,0.0,1.0986123085021973,0.0,0.0
ADH1B,0.0,0.0,0.0,0.0,0.0,0.6931471824645996,0.0,0.0
LUM,0.0,0.0,0.0,0.0,0.0,1.0986123085021973,0.0,0.0
MFAP5,0.0,0.0,0.0,0.0,0.0,0.6931471824645996,0.0,0.0
CALD1,0.0,0.0,0.0,0.0,0.0,1.0986123085021973,0.0,0.0
COL6A2,0.0,0.0,0.0,0.0,0.0,1.0986123085021973,0.0,0.0
RARRES2,0.0,0.0,0.0,0.0,0.0,1.0986123085021973,0.0,0.0
NNMT,0.6931471824645996,0.0,0.0,0.0,0.0,1.0986123085021973,0.0,0.0
SPARC,0.6931471824645996,0.0,0.0,0.0,0.0,1.0986123085021973,0.0,0.0
CCDC80,0.0,0.0,0.0,0.0,0.0,0.6931471824645996,0.0,0.0
PCOLCE,0.0,0.0,0.0,0.0,0.0,0.6931471824645996,0.0,0.0
TPM1,0.0,0.0,0.0,0.0,0.0,0.6931471824645996,0.0,0.0
PMP22,0.0,0.0,0.0,0.0,0.0,0.6931471824645996,0.0,0.0
EFEMP1,0.0,0.0,0.0,0.0,0.0,0.6931471824645996,0.0,0.0
C3,0.0,0.0,0.0,0.0,0.0,0.6931471824645996,0.0,0.0
MT1M,0.0,0.0,0.0,0.0,0.0,0.6931471824645996,0.0,0.0
MFGE8,0.0,0.0,0.0,0.0,0.0,0.6931471824645996,0.0,0.0
EMP3,0.0,0.0,0.0,0.0,0.0,0.6931471824645996,0.0,0.0
COL6A1,0.0,0.0,0.0,0.0,0.0,0.6931471824645996,0.0,0.0
FBLN2,0.0,0.0,0.0,0.0,0.0,0.6931471824645996,0.0,0.0
COL1A1,0.0,0.0,0.0,0.0,0.0,0.6931471824645996,0.0,0.0
PRELP,0.0,0.0,0.0,0.0,0.0,0.6931471824645996,0.0,0.0
COL3A1,0.0,0.0,0.0,0.0,0.0,0.6931471824645996,0.0,0.0
PRKCDBP,0.0,0.0,0.0,0.0,0.0,0.6931471824645996,0.0,0.0
CPE,0.0,0.0,0.0,0.0,0.0,0.6931471824645996,0.0,0.0
TFPI,0.0,0.0,0.0,0.0,0.0,0.6931471824645996,0.0,0.0
TUBA1A,0.0,0.0,0.0,0.0,0.0,0.6931471824645996,0.0,0.0
FSTL1,0.0,0.0,0.0,0.0,0.0,0.6931471824645996,0.0,0.0
RHOB,0.0,0.0,0.0,0.0,0.0,0.6931471824645996,0.6931471824645996,0.0
ARL6IP5,0.0,0.0,0.0,0.0,0.0,0.6931471824645996,0.6931471824645996,0.0
DDAH2,0.0,0.0,0.0,0.0,0.0,0.6931471824645996,0.6931471824645996,0.0
VKORC1,0.0,0.0,0.0,0.0,0.0,0.6931471824645996,0.0,0.0
ARID5B,0.0,0.0,0.0,0.0,0.0,0.6931471824645996,0.0,0.0
CYB5R3,0.0,0.0,0.0,0.0,0.0,0.6931471824645996,0.0,0.0
ADH5,0.0,0.0,0.0,0.0,0.0,0.6931471824645996,0.0,0.0
APLP2,0.0,0.0,0.0,0.0,0.0,0.6931471824645996,0.6931471824645996,0.0
CNFN,0.0,0.0,1.0986123085021973,0.6931471824645996,5.0434250831604,0.0,0.0,0.0
CRCT1,0.0,0.0,0.6931471824645996,0.0,4.330733299255371,0.0,0.0,0.0
CRNN,0.0,0.0,1.3862943649291992,0.6931471824645996,4.304065227508545,0.0,0.0,0.0
MAL,0.0,0.0,1.0986123085021973,0.0,3.97029185295105,0.0,0.0,0.0
ECM1,0.0,0.0,0.6931471824645996,0.0,3.6888794898986816,0.0,0.0,0.0
TMPRSS11B,0.0,0.0,0.0,0.0,3.295836925506592,0.0,0.0,0.0
SPINK7,0.0,0.0,0.0,0.0,3.465735912322998,0.0,0.0,0.0
MUC21,0.0,0.0,0.6931471824645996,0.0,3.295836925506592,0.0,0.0,0.0
LYPD2,0.0,0.0,0.0,0.0,3.178053855895996,0.0,0.0,0.0
LYNX1,0.0,0.0,0.6931471824645996,0.0,3.465735912322998,0.0,0.0,0.0
CYSRT1,0.0,0.0,1.3862943649291992,0.0,3.367295742034912,0.0,0.0,0.0
SPRR2A,0.0,0.0,1.3862943649291992,0.6931471824645996,3.5553481578826904,0.0,0.0,0.0
TGM3,0.0,0.0,0.0,0.0,2.8332133293151855,0.0,0.0,0.0
SLURP1,0.0,0.0,0.6931471824645996,0.0,3.178053855895996,0.0,0.0,0.0
IL1RN,0.0,0.0,2.079441547393799,0.6931471824645996,3.332204580307007,0.0,0.0,0.0
PRSS27,0.0,0.0,0.0,0.0,2.4849066734313965,0.0,0.0,0.0
SPRR1B,0.0,0.0,1.7917594909667969,0.6931471824645996,3.367295742034912,0.0,0.0,0.0
LCN2,0.0,0.0,0.0,0.0,2.4849066734313965,0.0,0.0,0.0
KRT78,0.0,0.0,0.0,0.0,2.397895336151123,0.0,0.0,0.0
S100P,0.0,0.0,0.0,0.0,2.397895336151123,0.0,0.0,0.0
ERO1A,0.0,0.0,0.0,0.0,2.3025851249694824,0.0,0.0,0.0
NCCRP1,0.0,0.0,0.0,0.0,2.3025851249694824,0.0,0.0,0.0
CLIC3,0.0,0.0,1.0986123085021973,0.0,2.6390573978424072,0.0,0.0,0.0
PSCA,0.0,0.0,0.0,0.0,2.1972246170043945,0.0,0.0,0.0
C15orf48,0.0,0.0,0.0,0.0,2.1972246170043945,0.0,0.0,0.0
SCEL,0.0,0.0,0.6931471824645996,0.0,2.397895336151123,0.0,0.0,0.0
SPRR2D,0.0,0.0,0.0,0.0,2.079441547393799,0.0,0.0,0.0
TMPRSS11E,0.0,0.0,0.0,0.0,2.079441547393799,0.0,0.0,0.0
HILPDA,0.0,0.0,0.0,0.0,2.1972246170043945,0.0,0.0,0.0
FAM3D,0.0,0.0,0.0,0.0,2.079441547393799,0.0,0.0,0.0
PPL,0.0,0.0,0.6931471824645996,0.0,2.3025851249694824,0.0,0.0,0.0
SPRR2E,0.0,0.0,0.6931471824645996,0.0,1.9459102153778076,0.0,0.0,0.0
CLCA4,0.0,0.0,0.0,0.0,1.9459102153778076,0.0,0.0,0.0
MXD1,0.0,0.0,0.0,0.0,1.7917594909667969,0.0,0.0,0.0
KLK13,0.0,0.0,0.0,0.0,1.9459102153778076,0.0,0.0,0.0
SBSN,0.0,0.0,1.0986123085021973,0.0,2.397895336151123,0.0,0.0,0.0
KLK12,0.0,0.0,0.0,0.0,1.7917594909667969,0.0,0.0,0.0
MALL,0.0,0.0,1.0986123085021973,0.0,2.3025851249694824,0.0,0.0,0.0
PRSS3,0.0,0.0,0.0,0.0,1.9459102153778076,0.0,0.0,0.0
LMO7,0.0,0.0,0.0,0.0,1.7917594909667969,0.0,0.0,0.0
TMPRSS11D,0.0,0.0,0.0,0.0,1.6094379425048828,0.0,0.0,0.0
AIF1L,0.0,0.0,0.0,0.0,1.6094379425048828,0.0,0.0,0.0
FAM25A,0.0,0.0,0.0,0.0,1.0986123085021973,0.0,0.0,0.0
TMEM40,0.0,0.0,1.0986123085021973,0.0,1.9459102153778076,0.0,0.0,0.0
PHLDA1,0.0,0.0,0.0,0.0,1.7917594909667969,0.0,0.0,0.0
CARHSP1,0.0,0.0,1.0986123085021973,0.6931471824645996,2.079441547393799,0.0,0.0,0.0
EPS8L1,0.0,0.0,0.0,0.0,1.6094379425048828,0.0,0.0,0.0
PI3,0.0,0.0,0.0,0.0,1.3862943649291992,0.0,0.0,0.0
A2ML1,0.0,0.0,0.6931471824645996,0.0,1.7917594909667969,0.0,0.0,0.0
TPRG1,0.0,0.0,0.0,0.0,1.3862943649291992,0.0,0.0,0.0
CRISP3,0.0,0.0,0.0,0.0,1.0986123085021973,0.0,0.0,0.0
NAMPT,0.0,0.0,0.6931471824645996,0.0,1.7917594909667969,0.0,0.0,0.0
RAB10,0.0,0.0,1.0986123085021973,0.6931471824645996,1.9459102153778076,0.0,0.0,0.0
SPINT1,0.0,0.0,0.6931471824645996,0.0,1.6094379425048828,0.0,0.6931471824645996,0.0
NDUFA4L2,0.0,0.0,1.0986123085021973,0.0,1.7917594909667969,0.0,0.0,0.0
CEACAM6,0.0,0.0,0.0,0.0,1.3862943649291992,0.0,0.0,0.0
ATP1B1,0.0,0.0,0.0,0.0,1.3862943649291992,0.0,0.0,0.0
CEACAM5,0.0,0.0,0.0,0.0,1.3862943649291992,0.0,0.0,0.0
ANKRD37,0.0,0.0,0.0,0.0,1.3862943649291992,0.0,0.0,0.0
H1F0,0.0,0.0,0.0,0.0,1.3862943649291992,0.0,0.0,0.0
SULT2B1,0.0,0.0,0.6931471824645996,0.0,1.6094379425048828,0.0,0.0,0.0
PRSS22,0.0,0.0,0.0,0.0,1.0986123085021973,0.0,0.0,0.0
HPGD,0.0,0.0,0.0,0.0,1.3862943649291992,0.0,0.0,0.0
SFTA2,0.0,0.0,0.0,0.0,1.0986123085021973,0.0,0.0,0.0
CLDN4,0.0,0.0,1.0986123085021973,0.0,1.6094379425048828,0.0,1.0986123085021973,0.0
OBFC1,0.0,0.0,0.0,0.0,1.3862943649291992,0.0,0.0,0.0
TRIP10,0.0,0.0,0.0,0.0,1.3862943649291992,0.0,0.0,0.0
PLAC8,0.0,0.0,0.0,0.0,0.6931471824645996,0.0,0.0,0.0
SAMD9,0.0,0.0,0.0,0.0,1.0986123085021973,0.0,0.0,0.0
PIM1,0.0,0.0,0.0,0.0,1.3862943649291992,0.0,0.0,0.0
FAM129B,0.0,0.0,0.6931471824645996,0.0,1.3862943649291992,0.0,0.0,0.0
SPRR1A,0.0,0.0,0.0,0.0,1.0986123085021973,0.0,0.0,0.0
C5orf66-AS1,0.0,0.0,0.0,0.0,1.3862943649291992,0.0,0.0,0.0
CXCL17,0.0,0.0,0.6931471824645996,0.0,1.3862943649291992,0.0,0.0,0.0
TGM1,0.0,0.0,1.0986123085021973,0.0,1.6094379425048828,0.0,0.0,0.0
CCNG2,0.0,0.0,0.0,0.0,1.0986123085021973,0.0,0.0,0.0
ST3GAL4,0.0,0.0,0.0,0.0,1.0986123085021973,0.0,0.0,0.0
PDZK1IP1,0.0,0.0,0.6931471824645996,0.0,1.0986123085021973,0.0,0.0,0.0
SDCBP2,0.0,0.0,0.0,0.0,1.0986123085021973,0.0,0.0,0.0
ANXA11,0.0,0.0,0.6931471824645996,0.0,1.3862943649291992,0.0,0.0,0.0
CAPN14,0.0,0.0,0.0,0.0,1.0986123085021973,0.0,0.0,0.0
S100A12,0.0,0.0,0.0,0.0,1.0986123085021973,0.0,0.0,0.0
CTNNBIP1,0.0,0.0,1.3862943649291992,0.6931471824645996,1.7917594909667969,0.0,0.0,0.0
UBL3,0.0,0.0,0.0,0.0,1.0986123085021973,0.0,0.0,0.0
RHOD,0.0,0.0,0.6931471824645996,0.0,1.3862943649291992,0.0,0.0,0.0
C2orf54,0.0,0.0,0.0,0.0,1.0986123085021973,0.0,0.0,0.0
SERPINB2,0.0,0.0,0.0,0.0,1.0986123085021973,0.0,0.0,0.0
GCHFR,0.0,0.0,0.0,0.0,1.0986123085021973,0.0,0.0,0.0
TAX1BP1,0.0,0.0,0.6931471824645996,0.0,1.3862943649291992,0.0,0.6931471824645996,0.0
C6orf132,0.0,0.0,0.6931471824645996,0.0,1.3862943649291992,0.0,0.0,0.0
KLK11,0.0,0.0,1.0986123085021973,0.0,1.3862943649291992,0.0,0.0,0.0
KLK10,0.0,0.0,0.0,0.0,1.0986123085021973,0.0,0.0,0.0
UPP1,0.0,0.0,0.6931471824645996,0.0,1.0986123085021973,0.0,0.0,0.0
NUCB2,0.0,0.0,0.6931471824645996,0.0,1.3862943649291992,0.0,0.0,0.0
TSPAN6,0.0,0.0,0.0,0.0,1.0986123085021973,0.0,0.0,0.0
GLTP,0.0,0.0,1.0986123085021973,0.6931471824645996,1.6094379425048828,0.0,0.0,0.0
IL18,0.0,0.0,0.0,0.0,1.0986123085021973,0.0,0.0,0.0
CST6,0.0,0.0,0.0,0.0,1.0986123085021973,0.0,0.0,0.0
ARF6,0.0,0.0,0.6931471824645996,0.6931471824645996,1.3862943649291992,0.0,0.0,0.0
MUC1,0.0,0.0,0.0,0.0,0.6931471824645996,0.0,0.0,0.0
PPP1CB,0.0,0.0,0.6931471824645996,0.0,1.2424533367156982,0.0,0.6931471824645996,0.0
C20orf24,0.0,0.0,0.6931471824645996,0.6931471824645996,1.3862943649291992,0.0,0.0,0.0
VSIG10L,0.0,0.0,0.0,0.0,1.0986123085021973,0.0,0.0,0.0
SH3BGRL2,0.0,0.0,0.0,0.0,1.0986123085021973,0.0,0.0,0.0
TMOD3,0.0,0.0,0.0,0.0,1.0986123085021973,0.0,0.0,0.0
EHF,0.0,0.0,0.6931471824645996,0.0,1.0986123085021973,0.0,0.6931471824645996,0.0
CRYAB,0.0,0.0,0.0,0.0,1.0986123085021973,0.6931471824645996,0.0,0.0
SMIM5,0.0,0.0,0.0,0.0,0.6931471824645996,0.0,0.0,0.0
ABLIM1,0.0,0.0,0.6931471824645996,0.0,1.0986123085021973,0.0,0.0,0.0
TMPRSS11A,0.0,0.0,0.0,0.0,1.0986123085021973,0.0,0.0,0.0
BNIP3,0.0,0.0,0.0,0.0,0.6931471824645996,0.0,0.0,0.0
IVL,0.0,0.0,0.6931471824645996,0.0,1.0986123085021973,0.0,0.0,0.0
PADI1,0.0,0.0,0.0,0.0,0.6931471824645996,0.0,0.0,0.0
ATP6V1D,0.0,0.0,0.6931471824645996,0.0,1.0986123085021973,0.0,0.0,0.0
GIPC1,0.0,0.0,0.6931471824645996,0.6931471824645996,1.3862943649291992,0.0,0.0,0.0
DIO2,0.0,0.0,0.0,0.0,0.6931471824645996,0.0,0.0,0.0
MLLT4,0.0,0.0,0.0,0.0,0.6931471824645996,0.0,0.0,0.0
PRDM1,0.0,0.0,0.0,0.0,0.6931471824645996,0.0,0.0,0.0
FMO2,0.0,0.0,0.0,0.0,0.6931471824645996,0.0,0.0,0.0
CEACAM1,0.0,0.0,0.0,0.0,0.6931471824645996,0.0,0.0,0.0
CCDC64B,0.0,0.0,0.0,0.0,1.0986123085021973,0.0,0.0,0.0
GRPEL2,0.0,0.0,0.0,0.0,0.6931471824645996,0.0,0.0,0.0
EPS8L2,0.0,0.0,0.0,0.0,1.0986123085021973,0.0,0.0,0.0
TTC9,0.0,0.0,0.0,0.0,0.6931471824645996,0.0,0.0,0.0
TMBIM1,0.0,0.0,0.6931471824645996,0.6931471824645996,1.0986123085021973,0.0,0.0,0.0
ZNF185,0.0,0.0,0.6931471824645996,0.0,1.0986123085021973,0.0,0.0,0.0
MAL2,0.0,0.0,1.0986123085021973,0.6931471824645996,1.3862943649291992,0.0,0.0,0.0
PPP1R3C,0.0,0.0,0.0,0.0,0.6931471824645996,0.0,0.0,0.0
FUT3,0.0,0.0,0.0,0.0,0.6931471824645996,0.0,0.0,0.0
RALA,0.0,0.0,0.6931471824645996,0.6931471824645996,1.0986123085021973,0.0,0.0,0.0
LRP10,0.0,0.0,0.6931471824645996,0.0,1.0986123085021973,0.0,0.0,0.0
NAPRT,0.0,0.0,0.0,0.0,1.0986123085021973,0.0,0.0,0.0
ASPG,0.0,0.0,0.0,0.0,0.6931471824645996,0.0,0.0,0.0
FAM83A,0.0,0.0,0.0,0.0,0.6931471824645996,0.0,0.0,0.0
LPIN1,0.0,0.0,0.0,0.0,0.6931471824645996,0.0,0.0,0.0
GNA15,0.0,0.0,0.0,0.0,1.0986123085021973,0.0,0.0,0.0
SERINC2,0.0,0.0,0.0,0.0,0.6931471824645996,0.0,0.0,0.0
RAB11FIP1,0.0,0.0,0.0,0.0,0.6931471824645996,0.0,0.0,0.0
TMEM45B,0.0,0.0,0.0,0.0,0.6931471824645996,0.0,0.0,0.0
C7orf73,0.0,0.0,1.0986123085021973,0.6931471824645996,1.3862943649291992,0.0,0.0,0.0
RIOK3,0.0,0.0,0.0,0.0,0.6931471824645996,0.0,0.0,0.0
SLK,0.0,0.0,0.0,0.0,0.6931471824645996,0.0,0.0,0.0
EVPL,0.0,0.0,0.0,0.0,0.6931471824645996,0.0,0.0,0.0
AIM1,0.0,0.0,0.0,0.0,0.6931471824645996,0.0,0.0,0.0
NMRK1,0.0,0.0,0.0,0.0,0.6931471824645996,0.0,0.0,0.0
PRSS8,0.0,0.0,0.0,0.0,0.6931471824645996,0.0,0.0,0.0
QSOX1,0.0,0.0,0.0,0.0,0.6931471824645996,0.0,0.0,0.0
HM13,0.0,0.0,0.6931471824645996,0.0,1.0986123085021973,0.0,0.0,0.0
STK24,0.0,0.0,0.0,0.0,0.6931471824645996,0.0,0.0,0.0
PAX9,0.0,0.0,0.0,0.0,0.6931471824645996,0.0,0.0,0.0
DMKN,0.0,0.0,0.0,0.0,0.6931471824645996,0.0,0.0,0.0
KATNBL1,0.0,0.0,0.0,0.0,0.6931471824645996,0.0,0.0,0.0
SMAGP,0.0,0.0,0.6931471824645996,0.0,1.0986123085021973,0.0,0.0,0.0
UBE2B,0.0,0.0,0.0,0.0,1.0986123085021973,0.0,0.0,0.0
SH3GL1,0.0,0.0,0.0,0.0,0.6931471824645996,0.0,0.0,0.0
KLK7,0.0,0.0,0.0,0.0,0.6931471824645996,0.0,0.0,0.0
PHACTR4,0.0,0.0,0.0,0.0,0.6931471824645996,0.0,0.0,0.0
CD68,0.0,0.0,0.0,0.0,0.6931471824645996,0.0,0.0,0.0
EPHA2,0.0,0.0,0.0,0.0,0.6931471824645996,0.0,0.0,0.0
CD46,0.0,0.0,0.0,0.0,0.6931471824645996,0.0,0.0,0.0
GJB6,0.0,0.0,0.0,0.0,0.6931471824645996,0.0,0.0,0.0
HMOX2,0.0,0.0,0.0,0.0,0.6931471824645996,0.0,0.0,0.0
ZFAND5,0.0,0.0,0.0,0.0,0.6931471824645996,0.0,0.0,0.0
RER1,0.0,0.0,0.6931471824645996,0.6931471824645996,1.0986123085021973,0.0,0.0,0.0
NPEPPS,0.0,0.0,0.0,0.0,0.6931471824645996,0.0,0.0,0.0
RANBP9,0.0,0.0,0.0,0.0,0.6931471824645996,0.0,0.0,0.0
C1orf116,0.0,0.0,0.0,0.0,0.6931471824645996,0.0,0.0,0.0
SASH1,0.0,0.0,0.0,0.0,0.6931471824645996,0.0,0.0,0.0
CDA,0.0,0.0,0.0,0.0,0.6931471824645996,0.0,0.0,0.0
GDPD3,0.0,0.0,0.0,0.0,0.6931471824645996,0.0,0.0,0.0
GMDS,0.0,0.0,0.0,0.0,0.6931471824645996,0.0,0.6931471824645996,0.0
VPS4B,0.0,0.0,0.0,0.0,0.6931471824645996,0.0,0.0,0.0
SCNN1B,0.0,0.0,0.0,0.0,0.6931471824645996,0.0,0.0,0.0
NDRG2,0.0,0.0,0.0,0.0,0.6931471824645996,0.0,0.6931471824645996,0.0
PDLIM2,0.0,0.0,0.0,0.0,0.6931471824645996,0.0,0.0,0.0
GID8,0.0,0.0,0.0,0.0,0.6931471824645996,0.0,0.0,0.0
CHMP5,0.0,0.0,0.0,0.0,0.6931471824645996,0.0,0.0,0.0
MGLL,0.0,0.0,0.0,0.0,0.6931471824645996,0.0,0.0,0.0
PTK6,0.0,0.0,0.0,0.0,0.6931471824645996,0.0,0.0,0.0
TTC22,0.0,0.0,0.0,0.0,0.6931471824645996,0.0,0.0,0.0
RP6-65G23.3,0.0,0.0,0.0,0.0,0.6931471824645996,0.0,0.0,0.0
MYO6,0.0,0.0,0.0,0.0,0.6931471824645996,0.0,0.0,0.0
CD55,0.0,0.0,0.0,0.0,0.6931471824645996,0.0,0.0,0.0
WDR26,0.0,0.0,0.0,0.0,0.6931471824645996,0.0,0.0,0.0
GPT2,0.0,0.0,0.0,0.0,0.6931471824645996,0.0,0.0,0.0
HSPB8,0.0,0.0,0.0,0.0,0.6931471824645996,0.0,0.0,0.0
PMM1,0.0,0.0,0.0,0.0,0.6931471824645996,0.0,0.0,0.0
UBE2G1,0.0,0.0,0.0,0.0,0.6931471824645996,0.0,0.0,0.0
DUSP5,0.0,0.0,0.0,0.0,0.6931471824645996,0.0,0.0,0.0
ADGRF1,0.0,0.0,0.0,0.0,0.6931471824645996,0.0,0.0,0.0
ETHE1,0.0,0.0,0.0,0.0,0.6931471824645996,0.0,0.0,0.0
RBM47,0.0,0.0,0.0,0.0,0.6931471824645996,0.0,0.0,0.0
BNIPL,0.0,0.0,0.0,0.0,0.6931471824645996,0.0,0.0,0.0
ADIPOR1,0.0,0.0,0.0,0.0,0.6931471824645996,0.0,0.0,0.0
C18orf25,0.0,0.0,0.0,0.0,0.6931471824645996,0.0,0.0,0.0
MBOAT2,0.0,0.0,0.0,0.0,0.6931471824645996,0.0,0.0,0.0
SERPINB6,0.0,0.0,0.0,0.0,0.6931471824645996,0.0,0.0,0.0
TMEM154,0.0,0.0,0.0,0.0,0.6931471824645996,0.0,0.0,0.0
GRHL1,0.0,0.0,0.0,0.0,0.6931471824645996,0.0,0.0,0.0
SREK1IP1,0.0,0.0,0.0,0.0,0.6931471824645996,0.0,0.0,0.0
B3GNT8,0.0,0.0,0.0,0.0,0.6931471824645996,0.0,0.0,0.0
ACADM,0.0,0.0,0.0,0.0,0.6931471824645996,0.0,0.0,0.0
MYZAP,0.0,0.0,0.0,0.0,0.6931471824645996,0.0,0.0,0.0
SLC16A3,0.0,0.0,0.0,0.0,0.6931471824645996,0.0,0.0,0.0
TNIP1,0.0,0.0,0.0,0.0,0.6931471824645996,0.0,0.0,0.0
OAS1,0.0,0.0,0.0,0.0,0.6931471824645996,0.0,0.0,0.0
CHP1,0.0,0.0,0.0,0.0,0.6931471824645996,0.0,0.0,0.0
MAFF,0.0,0.0,0.0,0.0,0.6931471824645996,0.0,0.0,0.0
HSBP1L1,0.0,0.0,0.0,0.0,0.6931471824645996,0.0,0.0,0.0
SPSB3,0.0,0.0,0.0,0.0,0.6931471824645996,0.0,0.0,0.0
CRB3,0.0,0.0,0.0,0.0,0.6931471824645996,0.0,0.0,0.0
MMP24-AS1,0.0,0.0,0.0,0.0,0.6931471824645996,0.0,0.0,0.0
HIST1H2AC,0.0,0.0,0.0,0.0,0.6931471824645996,0.0,0.0,0.0
PLBD1,0.0,0.0,0.0,0.0,0.6931471824645996,0.0,0.0,0.0
EML3,0.0,0.0,0.0,0.0,0.6931471824645996,0.0,0.0,0.0
TP53I3,0.0,0.0,0.0,0.0,0.6931471824645996,0.0,0.0,0.0
MAP2K1,0.0,0.0,0.0,0.0,0.6931471824645996,0.0,0.0,0.0
ASCC2,0.0,0.0,0.0,0.0,0.6931471824645996,0.0,0.0,0.0
INO80C,0.0,0.0,0.0,0.0,0.6931471824645996,0.0,0.0,0.0
ITSN2,0.0,0.0,0.0,0.0,0.6931471824645996,0.0,0.0,0.0
GALNT1,0.0,0.0,0.0,0.0,0.6931471824645996,0.0,0.0,0.0
SDR16C5,0.0,0.0,0.0,0.0,0.6931471824645996,0.0,0.0,0.0
MARCH5,0.0,0.0,0.0,0.0,0.6931471824645996,0.0,0.0,0.0
HECTD1,0.0,0.0,0.0,0.0,0.6931471824645996,0.0,0.0,0.0
MPZL3,0.0,0.0,0.0,0.0,0.6931471824645996,0.0,0.0,0.0
PLSCR1,0.0,0.0,0.0,0.0,0.6931471824645996,0.0,0.0,0.0
EPHX3,0.0,0.0,0.0,0.0,0.6931471824645996,0.0,0.0,0.0
MAPK3,0.0,0.0,0.0,0.0,0.6931471824645996,0.0,0.0,0.0
SF3B3,0.0,0.0,0.0,0.0,0.6931471824645996,0.0,0.0,0.0
ARHGAP27,0.0,0.0,0.0,0.0,0.6931471824645996,0.0,0.0,0.0
ISG20,0.0,0.0,0.0,0.0,0.6931471824645996,0.0,0.0,0.0
RNF141,0.0,0.0,0.0,0.0,0.6931471824645996,0.0,0.0,0.0
CLIP1,0.0,0.0,0.0,0.0,0.6931471824645996,0.0,0.0,0.0
BNIP3L,0.0,0.0,0.0,0.0,0.6931471824645996,0.0,0.0,0.0
SNX24,0.0,0.0,0.0,0.0,0.6931471824645996,0.0,0.0,0.0
ZNF431,0.0,0.0,0.0,0.0,0.6931471824645996,0.0,0.0,0.0
UGCG,0.0,0.0,0.0,0.0,0.6931471824645996,0.0,0.0,0.0
RNF11,0.0,0.0,0.0,0.0,0.6931471824645996,0.0,0.0,0.0
GADD45B,0.0,0.0,0.0,0.0,0.6931471824645996,0.0,0.0,0.0
CLDND1,0.0,0.0,0.0,0.0,0.6931471824645996,0.0,0.0,0.0
LYPLA1,0.0,0.0,0.0,0.0,0.6931471824645996,0.0,0.0,0.0
HBP1,0.0,0.0,0.0,0.0,0.6931471824645996,0.0,0.0,0.0
DAPP1,0.0,0.0,0.0,0.0,0.6931471824645996,0.0,0.0,0.0
CMAS,0.0,0.0,0.0,0.0,0.6931471824645996,0.0,0.0,0.0
PVRL4,0.0,0.0,0.0,0.0,0.6931471824645996,0.0,0.0,0.0
VAT1,0.0,0.0,0.0,0.0,0.6931471824645996,0.0,0.0,0.0
VPS37B,0.0,0.0,0.0,0.0,0.6931471824645996,0.0,0.0,0.0
GALE,0.0,0.0,0.0,0.0,0.6931471824645996,0.0,0.0,0.0
DTX2,0.0,0.0,0.0,0.0,0.6931471824645996,0.0,0.0,0.0
PLS3,0.0,0.0,0.0,0.0,0.6931471824645996,0.0,0.0,0.0
DENND2C,0.0,0.0,0.0,0.0,0.6931471824645996,0.0,0.0,0.0
TOM1,0.0,0.0,0.0,0.0,0.6931471824645996,0.0,0.0,0.0
YIPF4,0.0,0.0,0.0,0.0,0.6931471824645996,0.0,0.0,0.0
IL13RA1,0.0,0.0,0.0,0.0,0.6931471824645996,0.0,0.0,0.0
AREG,0.0,0.0,0.0,0.0,0.6931471824645996,0.0,0.0,0.0
FAM83D,0.0,0.0,0.0,0.0,0.6931471824645996,0.0,0.0,0.0
FAM3B,0.0,0.0,0.0,0.0,0.6931471824645996,0.0,0.0,0.0
ERBB3,0.0,0.0,0.0,0.0,0.6931471824645996,0.0,0.0,0.0
TRIM16,0.0,0.0,0.0,0.0,0.6931471824645996,0.0,0.0,0.0
CCNDBP1,0.0,0.0,0.0,0.0,0.6931471824645996,0.0,0.0,0.0
PEA15,0.0,0.0,0.0,0.0,0.6931471824645996,0.0,0.0,0.0
PPP2R2A,0.0,0.0,0.0,0.0,0.6931471824645996,0.0,0.0,0.0
TJP1,0.0,0.0,0.0,0.0,0.6931471824645996,0.0,0.0,0.0
ZFAND6,0.0,0.0,0.0,0.0,0.6931471824645996,0.0,0.0,0.0
TOB1,0.0,0.0,0.0,0.0,0.6931471824645996,0.0,0.6931471824645996,0.0
TNFSF10,0.0,0.0,0.0,0.0,0.6931471824645996,0.0,0.6931471824645996,0.0
MGAT1,0.0,0.0,0.0,0.0,0.6931471824645996,0.0,0.0,0.0
RP11-532F12.5,0.0,0.0,0.0,0.0,0.6931471824645996,0.0,0.0,0.0
NDFIP2,0.0,0.0,0.0,0.0,0.6931471824645996,0.0,0.0,0.0
WNK1,0.0,0.0,0.0,0.0,0.6931471824645996,0.0,0.0,0.0
NET1,0.0,0.0,0.0,0.0,0.6931471824645996,0.0,0.0,0.0
YPEL5,0.0,0.0,0.0,0.0,0.6931471824645996,0.0,0.0,0.0
YPEL3,0.0,0.0,0.0,0.0,0.6931471824645996,0.0,0.0,0.0
SERTAD1,0.0,0.0,0.0,0.0,0.6931471824645996,0.0,0.0,0.0
PDCD6IP,0.0,0.0,0.0,0.0,0.6931471824645996,0.0,0.0,0.0
ARL8B,0.0,0.0,0.0,0.0,0.6931471824645996,0.0,0.0,0.0
ARHGAP5,0.0,0.0,0.0,0.0,0.6931471824645996,0.0,0.0,0.0
TPD52L2,0.0,0.0,0.0,0.0,0.6931471824645996,0.0,0.0,0.0
MAX,0.0,0.0,0.0,0.0,0.6931471824645996,0.0,0.0,0.0
MCUR1,0.0,0.0,0.0,0.0,0.6931471824645996,0.0,0.0,0.0
MRPS10,0.0,0.0,0.0,0.0,0.6931471824645996,0.0,0.0,0.0
GNG12,0.0,0.0,0.0,0.0,0.6931471824645996,0.0,0.0,0.0
PPP4R1,0.0,0.0,0.0,0.0,0.6931471824645996,0.0,0.0,0.0
ESRP1,0.0,0.0,0.0,0.0,0.6931471824645996,0.0,0.0,0.0
RAP1A,0.0,0.0,0.0,0.0,0.6931471824645996,0.0,0.0,0.0
PDLIM5,0.0,0.0,0.0,0.0,0.6931471824645996,0.0,0.0,0.0
SQRDL,0.0,0.0,0.0,0.0,0.6931471824645996,0.0,0.0,0.0
RAB5A,0.0,0.0,0.0,0.0,0.6931471824645996,0.0,0.0,0.0
CHMP2B,0.0,0.0,0.0,0.0,0.6931471824645996,0.0,0.0,0.0
NRBP1,0.0,0.0,0.0,0.0,0.6931471824645996,0.0,0.0,0.0
SIRT7,0.0,0.0,0.0,0.0,0.6931471824645996,0.0,0.0,0.0
PSMC6,0.0,0.0,0.0,0.0,0.6931471824645996,0.0,0.0,0.0
DAAM1,0.0,0.0,0.0,0.0,0.6931471824645996,0.0,0.0,0.0
CAPN2,0.0,0.0,0.0,0.0,0.6931471824645996,0.0,0.0,0.0
MIDN,0.0,0.0,0.0,0.0,0.6931471824645996,0.0,0.0,0.0
CDC42SE1,0.0,0.0,0.0,0.0,0.6931471824645996,0.0,0.0,0.0
CASP4,0.0,0.0,0.0,0.0,0.6931471824645996,0.0,0.0,0.0
EMC3,0.0,0.0,0.0,0.0,0.6931471824645996,0.0,0.0,0.0
BAIAP2,0.0,0.0,0.0,0.0,0.6931471824645996,0.0,0.0,0.0
RAB18,0.0,0.0,0.0,0.0,0.6931471824645996,0.0,0.0,0.0
UGP2,0.0,0.0,0.0,0.0,0.6931471824645996,0.0,0.0,0.0
SMIM14,0.0,0.0,0.0,0.0,0.6931471824645996,0.0,0.0,0.0
RHOG,0.0,0.0,0.0,0.0,0.6931471824645996,0.0,0.0,0.0
ATP6V1E1,0.0,0.0,0.0,0.0,0.6931471824645996,0.0,0.0,0.0
GNAI3,0.0,0.0,0.0,0.0,0.6931471824645996,0.0,0.0,0.0
KLF3,0.0,0.0,0.0,0.0,0.6931471824645996,0.0,0.0,0.0
HIGD1A,0.0,0.0,0.0,0.0,0.6931471824645996,0.0,0.0,0.0
UBE2A,0.0,0.0,0.0,0.0,0.6931471824645996,0.0,0.0,0.0
ACTR2,0.0,0.0,0.0,0.0,0.6931471824645996,0.0,0.0,0.0
AKAP9,0.0,0.0,0.0,0.0,0.6931471824645996,0.0,0.6931471824645996,0.0
LAMP2,0.0,0.0,0.0,0.0,0.6931471824645996,0.0,0.0,0.0
CTTN,0.0,0.0,0.0,0.0,0.6931471824645996,0.0,0.0,0.0
KRT14,0.0,3.178053855895996,0.0,3.2188758850097656,0.0,0.0,2.602003335952759,0.0
HIST1H4C,0.0,0.0,0.0,1.3862943649291992,0.0,0.0,0.0,0.0
HMGB2,0.0,0.0,0.0,1.6094379425048828,0.0,0.0,0.0,0.0
STMN1,0.0,0.6931471824645996,0.0,1.6094379425048828,0.0,0.0,0.0,0.0
PTTG1,0.0,0.0,0.0,1.3862943649291992,0.0,0.0,0.0,0.0
RANBP1,0.0,0.6931471824645996,0.0,1.6094379425048828,0.0,0.0,0.0,0.0
ATP5G1,0.0,0.6931471824645996,1.0986123085021973,1.6094379425048828,0.0,0.0,0.6931471824645996,0.0
KIAA0101,0.0,0.0,0.0,1.0986123085021973,0.0,0.0,0.0,0.0
LDHB,0.0,1.0986123085021973,0.0,1.6094379425048828,0.0,0.6931471824645996,0.6931471824645996,0.0
CKS2,0.0,0.0,0.0,1.0986123085021973,0.0,0.0,0.0,0.0
TKT,0.0,1.0986123085021973,0.6931471824645996,1.7917594909667969,0.0,0.0,0.6931471824645996,0.0
RPL22L1,0.0,0.6931471824645996,0.6931471824645996,1.6094379425048828,0.0,0.0,0.6931471824645996,0.0
CKS1B,0.0,0.0,0.0,1.0986123085021973,0.0,0.0,0.0,0.0
DEK,0.0,0.6931471824645996,0.0,1.3862943649291992,0.0,0.0,0.0,0.0
SNRPB,0.0,0.6931471824645996,0.6931471824645996,1.6094379425048828,0.0,0.0,0.0,0.0
CENPW,0.0,0.0,0.0,1.0986123085021973,0.0,0.0,0.0,0.0
SNRPF,0.0,0.6931471824645996,0.6931471824645996,1.6094379425048828,0.0,0.0,0.6931471824645996,0.0
CYC1,0.0,0.6931471824645996,0.6931471824645996,1.3862943649291992,0.0,0.0,0.6931471824645996,0.0
NCL,0.0,0.6931471824645996,0.6931471824645996,1.3862943649291992,0.0,0.0,0.6931471824645996,0.0
PA2G4,0.0,0.6931471824645996,0.6931471824645996,1.3862943649291992,0.0,0.0,0.6931471824645996,0.0
TIMM13,0.0,0.6931471824645996,0.6931471824645996,1.3862943649291992,0.0,0.0,0.6931471824645996,0.0
SNRPD1,0.0,0.6931471824645996,0.6931471824645996,1.3862943649291992,0.0,0.0,0.0,0.0
STRA13,0.0,0.0,0.6931471824645996,1.0986123085021973,0.0,0.0,0.0,0.0
C1QBP,0.0,1.0986123085021973,0.6931471824645996,1.3862943649291992,0.0,0.0,0.6931471824645996,0.0
DUT,0.0,0.6931471824645996,0.0,1.0986123085021973,0.0,0.0,0.6931471824645996,0.0
FBL,0.0,0.6931471824645996,0.0,1.3862943649291992,0.0,0.0,0.6931471824645996,0.0
NME1,0.0,0.6931471824645996,0.6931471824645996,1.0986123085021973,0.0,0.0,0.0,0.0
HSPD1,0.0,0.6931471824645996,0.6931471824645996,1.3862943649291992,0.0,0.0,0.6931471824645996,0.0
LSM4,0.0,0.0,0.0,1.0986123085021973,0.0,0.0,0.0,0.0
SRSF2,0.0,0.6931471824645996,0.6931471824645996,1.3862943649291992,0.0,0.0,0.6931471824645996,0.0
LSM5,0.0,0.6931471824645996,0.0,1.0986123085021973,0.0,0.0,0.0,0.0
H2AFV,0.0,0.0,0.0,1.0986123085021973,0.0,0.0,0.0,0.0
MRPL51,0.0,0.6931471824645996,0.6931471824645996,1.3862943649291992,0.0,0.0,0.6931471824645996,0.0
UBE2C,0.0,0.0,0.0,0.6931471824645996,0.0,0.0,0.0,0.0
AKR1B10,0.0,0.0,0.6931471824645996,1.0986123085021973,0.0,0.0,0.0,0.0
CYCS,0.0,0.6931471824645996,1.3862943649291992,1.6094379425048828,0.0,0.0,0.6931471824645996,0.0
BIRC5,0.0,0.0,0.0,0.6931471824645996,0.0,0.0,0.0,0.0
LSM3,0.0,0.6931471824645996,0.6931471824645996,1.3862943649291992,0.0,0.0,0.6931471824645996,0.0
TK1,0.0,0.0,0.0,0.6931471824645996,0.0,0.0,0.0,0.0
CBR1,0.0,1.0986123085021973,0.6931471824645996,1.3862943649291992,0.0,0.0,0.6931471824645996,0.0
SIVA1,0.0,0.6931471824645996,0.0,1.0986123085021973,0.0,0.0,0.6931471824645996,0.0
RRM2,0.0,0.0,0.0,0.6931471824645996,0.0,0.0,0.0,0.0
LSM7,0.0,0.6931471824645996,0.6931471824645996,1.0986123085021973,0.0,0.0,0.6931471824645996,0.0
APRT,0.0,1.0986123085021973,1.3862943649291992,1.6094379425048828,0.0,0.0,0.6931471824645996,0.0
ATP5A1,0.0,1.0986123085021973,1.0986123085021973,1.3862943649291992,0.0,0.0,0.6931471824645996,0.0
GADD45GIP1,0.0,0.6931471824645996,0.6931471824645996,1.3862943649291992,0.0,0.0,0.6931471824645996,0.0
ANP32B,0.0,0.6931471824645996,0.6931471824645996,1.3862943649291992,0.0,0.0,0.6931471824645996,0.0
SLIRP,0.0,0.6931471824645996,0.6931471824645996,1.0986123085021973,0.0,0.0,0.3465735912322998,0.0
EIF4EBP1,0.0,0.6931471824645996,0.6931471824645996,1.0986123085021973,0.0,0.0,0.0,0.0
CHCHD10,0.0,0.6931471824645996,0.6931471824645996,1.0986123085021973,0.0,0.0,0.6931471824645996,0.0
UQCRC1,0.0,0.6931471824645996,0.0,1.0986123085021973,0.0,0.0,0.0,0.0
MRPL12,0.0,0.6931471824645996,0.6931471824645996,1.0986123085021973,0.0,0.0,0.0,0.0
NAA38,0.0,0.6931471824645996,0.6931471824645996,1.0986123085021973,0.0,0.0,0.6931471824645996,0.0
TUFM,0.0,0.6931471824645996,0.6931471824645996,1.0986123085021973,0.0,0.0,0.6931471824645996,0.0
FAM213A,0.0,0.6931471824645996,0.6931471824645996,1.0986123085021973,0.0,0.0,0.0,0.0
IMPDH2,0.0,0.6931471824645996,0.0,1.0986123085021973,0.0,0.0,0.6931471824645996,0.0
ATP5C1,0.0,0.6931471824645996,0.6931471824645996,1.3862943649291992,0.0,0.0,0.6931471824645996,0.0
SF3B5,0.0,0.6931471824645996,0.6931471824645996,1.3862943649291992,0.0,0.0,0.6931471824645996,0.0
MINOS1,0.0,0.6931471824645996,0.6931471824645996,1.0986123085021973,0.0,0.0,0.6931471824645996,0.0
MRPS34,0.0,0.6931471824645996,0.6931471824645996,1.0986123085021973,0.0,0.0,0.0,0.0
HNRNPAB,0.0,0.0,0.0,1.0986123085021973,0.0,0.0,0.0,0.0
PHB2,0.0,0.6931471824645996,0.0,1.0986123085021973,0.0,0.0,0.0,0.0
PSME2,0.0,0.6931471824645996,0.6931471824645996,1.0986123085021973,0.0,0.0,0.0,0.0
NDUFS6,0.0,0.6931471824645996,1.0986123085021973,1.3862943649291992,0.0,0.0,0.6931471824645996,0.0
NDUFAB1,0.0,0.6931471824645996,0.6931471824645996,1.0986123085021973,0.0,0.0,0.6931471824645996,0.0
KRT16,0.0,0.0,1.0986123085021973,1.6094379425048828,0.6931471824645996,0.0,0.0,0.0
NDUFS8,0.0,0.6931471824645996,0.6931471824645996,1.0986123085021973,0.0,0.0,0.6931471824645996,0.0
NDUFB10,0.0,0.6931471824645996,0.6931471824645996,1.3862943649291992,0.0,0.0,0.6931471824645996,0.0
SET,0.0,0.6931471824645996,0.6931471824645996,1.0986123085021973,0.0,0.0,0.6931471824645996,0.0
CCNB1,0.0,0.0,0.0,0.6931471824645996,0.0,0.0,0.0,0.0
SSBP1,0.0,0.6931471824645996,0.6931471824645996,1.0986123085021973,0.0,0.0,0.6931471824645996,0.0
CCT5,0.0,0.0,0.0,1.0986123085021973,0.0,0.0,0.0,0.0
MKI67,0.0,0.0,0.0,0.6931471824645996,0.0,0.0,0.0,0.0
ERH,0.0,0.6931471824645996,0.6931471824645996,1.0986123085021973,0.0,0.0,0.6931471824645996,0.0
PCNA,0.0,0.0,0.0,0.6931471824645996,0.0,0.0,0.0,0.0
UQCRFS1,0.0,0.6931471824645996,0.6931471824645996,1.0986123085021973,0.0,0.0,0.6931471824645996,0.0
CDC20,0.0,0.0,0.0,0.6931471824645996,0.0,0.0,0.0,0.0
RPS4Y1,0.0,0.0,0.0,0.6931471824645996,0.0,0.0,0.0,0.0
PHB,0.0,0.6931471824645996,0.6931471824645996,1.0986123085021973,0.0,0.0,0.0,0.0
ATPIF1,0.0,0.6931471824645996,0.6931471824645996,1.3862943649291992,0.0,0.0,0.6931471824645996,0.0
LSM2,0.0,0.0,0.0,0.6931471824645996,0.0,0.0,0.0,0.0
PDCD5,0.0,0.6931471824645996,0.6931471824645996,1.0986123085021973,0.0,0.0,0.0,0.0
COMT,0.0,0.6931471824645996,0.6931471824645996,1.0986123085021973,0.0,0.0,0.6931471824645996,0.0
PSMA4,0.0,0.6931471824645996,0.6931471824645996,1.0986123085021973,0.0,0.0,0.6931471824645996,0.0
NQO1,0.0,0.0,0.0,0.6931471824645996,0.0,0.0,0.0,0.0
MT1E,0.0,0.6931471824645996,0.0,1.0986123085021973,0.0,0.6931471824645996,0.6931471824645996,0.0
DTYMK,0.0,0.0,0.0,0.6931471824645996,0.0,0.0,0.0,0.0
CSRP2,0.0,0.0,0.0,0.6931471824645996,0.0,0.0,0.0,0.0
SRSF7,0.0,0.6931471824645996,0.6931471824645996,1.0986123085021973,0.0,0.0,0.6931471824645996,0.0
NUDT1,0.0,0.0,0.0,0.6931471824645996,0.0,0.0,0.0,0.0
MDH2,0.0,0.6931471824645996,0.6931471824645996,1.0986123085021973,0.0,0.0,0.6931471824645996,0.0
STOML2,0.0,0.6931471824645996,0.0,1.0986123085021973,0.0,0.0,0.0,0.0
MZT2A,0.0,0.6931471824645996,0.6931471824645996,1.0986123085021973,0.0,0.0,0.0,0.0
TOMM40,0.0,0.0,0.0,0.6931471824645996,0.0,0.0,0.0,0.0
NDUFS7,0.0,0.6931471824645996,0.6931471824645996,1.0986123085021973,0.0,0.0,0.6931471824645996,0.0
PSMB5,0.0,0.6931471824645996,0.6931471824645996,1.0986123085021973,0.0,0.0,0.6931471824645996,0.0
GGCT,0.0,0.0,0.6931471824645996,1.0986123085021973,0.0,0.0,0.0,0.0
ATP5F1,0.0,0.6931471824645996,1.0986123085021973,1.3862943649291992,0.0,0.0,0.6931471824645996,0.0
PTN,0.0,0.6931471824645996,0.6931471824645996,1.0986123085021973,0.0,0.0,0.0,0.0
TMEM14A,0.0,0.0,0.0,0.6931471824645996,0.0,0.0,0.0,0.0
BANF1,0.0,0.6931471824645996,0.6931471824645996,1.0986123085021973,0.0,0.0,0.6931471824645996,0.0
ETFB,0.0,0.6931471824645996,0.6931471824645996,1.0986123085021973,0.0,0.0,0.0,0.0
RPA3,0.0,0.0,0.0,0.6931471824645996,0.0,0.0,0.0,0.0
CDKN3,0.0,0.0,0.0,0.6931471824645996,0.0,0.0,0.0,0.0
PHGDH,0.0,0.0,0.0,0.6931471824645996,0.0,0.0,0.0,0.0
MRPL11,0.0,0.0,0.0,0.6931471824645996,0.0,0.0,0.0,0.0
CIB1,0.0,0.6931471824645996,0.6931471824645996,1.0986123085021973,0.0,0.0,0.6931471824645996,0.0
MRPS12,0.0,0.0,0.0,0.6931471824645996,0.0,0.0,0.0,0.0
MRPL20,0.0,0.6931471824645996,0.6931471824645996,1.0986123085021973,0.0,0.0,0.6931471824645996,0.0
JTB,0.0,0.6931471824645996,0.6931471824645996,1.0986123085021973,0.0,0.0,0.6931471824645996,0.0
IMPA2,0.0,0.6931471824645996,0.6931471824645996,1.0986123085021973,0.0,0.0,0.0,0.0
PFDN2,0.0,0.6931471824645996,0.6931471824645996,1.0986123085021973,0.0,0.0,0.0,0.0
KPNA2,0.0,0.0,0.0,0.6931471824645996,0.0,0.0,0.0,0.0
EIF3I,0.0,0.6931471824645996,0.6931471824645996,1.0986123085021973,0.0,0.0,0.6931471824645996,0.0
NUSAP1,0.0,0.0,0.0,0.6931471824645996,0.0,0.0,0.0,0.0
TYMS,0.0,0.0,0.0,0.6931471824645996,0.0,0.0,0.0,0.0
UBE2S,0.0,0.0,0.0,0.6931471824645996,0.0,0.0,0.0,0.0
C17orf89,0.0,0.0,0.0,0.6931471824645996,0.0,0.0,0.0,0.0
MTDH,0.0,0.6931471824645996,0.6931471824645996,1.0986123085021973,0.0,0.0,0.6931471824645996,0.0
NFE2L2,0.0,0.6931471824645996,0.6931471824645996,1.0986123085021973,0.0,0.0,0.6931471824645996,0.0
TOMM22,0.0,0.6931471824645996,0.6931471824645996,1.0986123085021973,0.0,0.0,0.0,0.0
CBX3,0.0,0.0,0.0,0.6931471824645996,0.0,0.0,0.0,0.0
POLD2,0.0,0.0,0.0,0.6931471824645996,0.0,0.0,0.0,0.0
NPM3,0.0,0.0,0.0,0.6931471824645996,0.0,0.0,0.0,0.0
RBM3,0.0,0.0,0.0,0.6931471824645996,0.0,0.0,0.0,0.0
PSMA3,0.0,0.0,0.0,0.6931471824645996,0.0,0.0,0.0,0.0
HNRNPD,0.0,0.0,0.0,0.6931471824645996,0.0,0.0,0.0,0.0
ILF2,0.0,0.0,0.0,0.6931471824645996,0.0,0.0,0.0,0.0
TMEM106C,0.0,0.0,0.0,0.6931471824645996,0.0,0.0,0.0,0.0
C19orf48,0.0,0.0,0.0,0.6931471824645996,0.0,0.0,0.0,0.0
H2AFX,0.0,0.0,0.0,0.6931471824645996,0.0,0.0,0.0,0.0
SMC4,0.0,0.0,0.0,0.6931471824645996,0.6931471824645996,0.0,0.0,0.0
DDX39A,0.0,0.0,0.0,0.6931471824645996,0.0,0.0,0.0,0.0
MRPL57,0.0,0.6931471824645996,0.6931471824645996,1.0986123085021973,0.0,0.0,0.0,0.0
HNRNPF,0.0,0.6931471824645996,0.0,1.0986123085021973,0.0,0.0,0.6931471824645996,0.0
MRPL27,0.0,0.0,0.0,0.6931471824645996,0.0,0.0,0.0,0.0
SFPQ,0.0,0.0,0.0,0.6931471824645996,0.0,0.0,0.0,0.0
PDAP1,0.0,0.0,0.6931471824645996,1.0986123085021973,0.0,0.0,0.0,0.0
CACYBP,0.0,0.0,0.0,0.6931471824645996,0.0,0.0,0.0,0.0
MRPS26,0.0,0.0,0.0,0.6931471824645996,0.0,0.0,0.0,0.0
NDUFB8,0.0,0.6931471824645996,0.6931471824645996,1.0986123085021973,0.0,0.0,0.6931471824645996,0.0
NDUFB6,0.0,0.0,0.0,0.6931471824645996,0.0,0.0,0.0,0.0
HIGD2A,0.0,0.6931471824645996,0.6931471824645996,1.0986123085021973,0.0,0.0,1.0986123085021973,0.0
MGST1,0.0,0.0,0.6931471824645996,1.0986123085021973,0.0,0.6931471824645996,1.0986123085021973,0.0
NDUFC2,0.0,0.6931471824645996,0.6931471824645996,1.0986123085021973,0.0,0.0,0.6931471824645996,0.0
RAD23A,0.0,0.0,0.0,0.6931471824645996,0.0,0.0,0.0,0.0
NOP56,0.0,0.0,0.0,0.6931471824645996,0.0,0.0,0.0,0.0
LMAN2,0.0,0.6931471824645996,0.6931471824645996,1.0986123085021973,0.0,0.0,0.6931471824645996,0.0
MRPS21,0.0,0.6931471824645996,0.6931471824645996,1.0986123085021973,0.0,0.0,0.6931471824645996,0.0
SSRP1,0.0,0.0,0.0,0.6931471824645996,0.0,0.0,0.0,0.0
SNRPC,0.0,0.0,0.0,0.6931471824645996,0.0,0.0,0.0,0.0
EBP,0.0,0.0,0.0,0.6931471824645996,0.0,0.0,0.0,0.0
EBPL,0.0,0.6931471824645996,0.6931471824645996,1.0986123085021973,0.0,0.0,0.6931471824645996,0.0
CD44,0.0,0.6931471824645996,0.6931471824645996,1.0986123085021973,0.0,0.0,0.0,0.0
HNRNPR,0.0,0.0,0.0,0.6931471824645996,0.0,0.0,0.0,0.0
TCP1,0.0,0.0,0.0,0.6931471824645996,0.0,0.0,0.0,0.0
ZWINT,0.0,0.0,0.0,0.6931471824645996,0.0,0.0,0.0,0.0
BOLA3,0.0,0.0,0.0,0.6931471824645996,0.0,0.0,0.0,0.0
NOP16,0.0,0.0,0.0,0.6931471824645996,0.0,0.0,0.0,0.0
C14orf166,0.0,0.6931471824645996,0.6931471824645996,1.0986123085021973,0.0,0.0,0.6931471824645996,0.0
NAA10,0.0,0.0,0.0,0.6931471824645996,0.0,0.0,0.0,0.0
TPM3,0.6931471824645996,0.0,0.6931471824645996,1.0986123085021973,0.0,0.0,0.0,0.0
DNPH1,0.0,0.0,0.0,0.6931471824645996,0.0,0.0,0.0,0.0
HMGA1,0.0,0.6931471824645996,0.6931471824645996,1.3862943649291992,1.3862943649291992,0.0,0.0,0.0
TIMM10,0.0,0.0,0.0,0.6931471824645996,0.0,0.0,0.0,0.0
MRPL4,0.0,0.0,0.0,0.6931471824645996,0.0,0.0,0.0,0.0
BCL7C,0.0,0.0,0.0,0.6931471824645996,0.0,0.0,0.0,0.0
NDUFV1,0.0,0.0,0.0,0.6931471824645996,0.0,0.0,0.0,0.0
NUDC,0.0,0.0,0.0,0.6931471824645996,0.0,0.0,0.0,0.0
LSM8,0.0,0.0,0.0,0.6931471824645996,0.0,0.0,0.0,0.0
CDK4,0.0,0.0,0.0,0.6931471824645996,0.0,0.0,0.0,0.0
DDX46,0.0,0.0,0.0,0.6931471824645996,0.0,0.0,0.0,0.0
MRPS16,0.0,0.0,0.0,0.6931471824645996,0.0,0.0,0.0,0.0
NASP,0.0,0.0,0.0,0.6931471824645996,0.0,0.0,0.0,0.0
PSMB7,0.0,0.6931471824645996,0.6931471824645996,1.0986123085021973,0.0,0.0,0.6931471824645996,0.0
SRM,0.0,0.0,0.0,0.6931471824645996,0.0,0.0,0.0,0.0
MKKS,0.0,0.0,0.0,0.6931471824645996,0.0,0.0,0.0,0.0
CCDC34,0.0,0.0,0.0,0.6931471824645996,0.0,0.0,0.0,0.0
NDUFS3,0.0,0.0,0.0,0.6931471824645996,0.0,0.0,0.0,0.0
PAICS,0.0,0.0,0.0,0.6931471824645996,0.0,0.0,0.0,0.0
EBNA1BP2,0.0,0.0,0.0,0.6931471824645996,0.0,0.0,0.0,0.0
SNRPA1,0.0,0.0,0.0,0.6931471824645996,0.0,0.0,0.0,0.0
MDH1,0.0,0.0,0.0,0.6931471824645996,0.0,0.0,0.0,0.0
PAFAH1B3,0.0,0.0,0.0,0.6931471824645996,0.0,0.0,0.0,0.0
MRPL37,0.0,0.0,0.0,0.6931471824645996,0.0,0.0,0.0,0.0
EIF1AX,0.0,0.6931471824645996,0.6931471824645996,1.0986123085021973,0.0,0.0,0.6931471824645996,0.0
SMC2,0.0,0.0,0.0,0.6931471824645996,0.0,0.0,0.0,0.0
SDHB,0.0,0.0,0.0,0.6931471824645996,0.0,0.0,0.0,0.0
GLRX3,0.0,0.0,0.0,0.6931471824645996,0.0,0.0,0.0,0.0
ISOC2,0.0,0.0,0.0,0.6931471824645996,0.0,0.0,0.0,0.0
MTCH2,0.0,0.0,0.0,0.6931471824645996,0.0,0.0,0.0,0.0
HMGN3,0.0,0.6931471824645996,0.6931471824645996,1.0986123085021973,0.0,0.0,0.6931471824645996,0.0
PRDX4,0.0,0.0,0.0,0.6931471824645996,0.0,0.0,0.0,0.0
KPNB1,0.0,0.0,0.0,0.6931471824645996,0.0,0.0,0.0,0.0
MRPL23,0.0,0.0,0.0,0.6931471824645996,0.0,0.0,0.0,0.0
MRPL18,0.0,0.0,0.0,0.6931471824645996,0.0,0.0,0.0,0.0
PSMC3,0.0,0.0,0.0,0.6931471824645996,0.0,0.0,0.0,0.0
ZDHHC12,0.0,0.0,0.0,0.6931471824645996,0.0,0.0,0.0,0.0
TPRKB,0.0,0.0,0.0,0.6931471824645996,0.0,0.0,0.0,0.0
TMEM160,0.0,0.0,0.0,0.6931471824645996,0.0,0.0,0.0,0.0
F12,0.0,0.0,0.0,0.6931471824645996,0.0,0.0,0.0,0.0
MRPL36,0.0,0.0,0.0,0.6931471824645996,0.0,0.0,0.0,0.0
SYNCRIP,0.0,0.0,0.0,0.6931471824645996,0.0,0.0,0.0,0.0
DNAJC9,0.0,0.0,0.0,0.6931471824645996,0.0,0.0,0.0,0.0
MPC2,0.0,0.0,0.0,0.6931471824645996,0.0,0.0,0.0,0.0
NUDT5,0.0,0.0,0.0,0.6931471824645996,0.0,0.0,0.0,0.0
HNRNPU,0.0,0.0,0.0,0.6931471824645996,0.0,0.0,0.0,0.0
YWHAH,0.0,0.0,0.0,0.6931471824645996,0.0,0.0,0.0,0.0
RNPS1,0.0,0.0,0.0,0.6931471824645996,0.0,0.0,0.0,0.0
CYBA,0.0,0.0,0.0,0.6931471824645996,0.0,0.0,0.6931471824645996,0.6931471824645996
CISD3,0.0,0.0,0.0,0.6931471824645996,0.0,0.0,0.0,0.0
BUB3,0.0,0.0,0.0,0.6931471824645996,0.0,0.0,0.0,0.0
ACAT2,0.0,0.0,0.0,0.6931471824645996,0.0,0.0,0.0,0.0
ADI1,0.0,0.0,0.0,0.6931471824645996,0.0,0.6931471824645996,0.6931471824645996,0.0
KHDRBS1,0.0,0.0,0.0,0.6931471824645996,0.0,0.0,0.0,0.0
VSNL1,0.0,0.0,0.0,0.6931471824645996,0.0,0.0,0.0,0.0
POLR2H,0.0,0.0,0.0,0.6931471824645996,0.0,0.0,0.0,0.0
VDAC3,0.0,0.0,0.0,0.6931471824645996,0.0,0.0,0.0,0.0
ARL6IP1,0.0,0.0,0.0,0.6931471824645996,0.0,0.0,0.0,0.0
MRPL21,0.0,0.0,0.0,0.6931471824645996,0.0,0.0,0.0,0.0
RPL26L1,0.0,0.0,0.0,0.6931471824645996,0.0,0.0,0.0,0.0
SNRNP70,0.0,0.0,0.0,0.6931471824645996,0.0,0.0,0.0,0.0
RUVBL2,0.0,0.0,0.0,0.6931471824645996,0.0,0.0,0.0,0.0
AKR1C1,0.0,0.0,0.0,0.6931471824645996,0.0,0.0,0.0,0.0
DCTPP1,0.0,0.0,0.0,0.6931471824645996,0.0,0.0,0.0,0.0
PPIH,0.0,0.0,0.0,0.6931471824645996,0.0,0.0,0.0,0.0
RHEB,0.0,0.0,0.0,0.6931471824645996,0.0,0.0,0.0,0.0
GGH,0.0,0.0,0.0,0.6931471824645996,0.0,0.0,0.0,0.0
LRRC59,0.0,0.0,0.0,0.6931471824645996,0.0,0.0,0.0,0.0
EI24,0.0,0.0,0.0,0.6931471824645996,0.0,0.0,0.0,0.0
MRPL13,0.0,0.0,0.0,0.6931471824645996,0.0,0.0,0.0,0.0
PSMA2,0.0,0.0,0.0,0.6931471824645996,0.0,0.0,0.0,0.0
MRPS7,0.0,0.0,0.0,0.6931471824645996,0.0,0.0,0.0,0.0
MRPS33,0.0,0.0,0.0,0.6931471824645996,0.0,0.0,0.0,0.0
MIB2,0.0,0.0,0.0,0.6931471824645996,0.0,0.0,0.0,0.0
PNKD,0.0,0.0,0.0,0.6931471824645996,0.0,0.0,0.0,0.0
MRPL22,0.0,0.0,0.0,0.6931471824645996,0.0,0.0,0.0,0.0
OAT,0.0,0.0,0.0,0.6931471824645996,0.0,0.0,0.0,0.0
CCND1,0.0,0.0,0.0,0.6931471824645996,0.0,0.0,0.6931471824645996,0.0
MAGOH,0.0,0.0,0.0,0.6931471824645996,0.0,0.0,0.0,0.0
GCSH,0.0,0.0,0.0,0.6931471824645996,0.0,0.0,0.0,0.0
HRAS,0.0,0.0,0.0,0.6931471824645996,0.0,0.0,0.0,0.0
H2AFY,0.0,0.6931471824645996,0.6931471824645996,1.0986123085021973,0.6931471824645996,0.0,0.0,0.0
MRPL55,0.0,0.0,0.0,0.6931471824645996,0.0,0.0,0.0,0.0
TXNL4A,0.0,0.0,0.0,0.6931471824645996,0.0,0.0,0.0,0.0
MTCH1,0.0,0.0,0.0,0.6931471824645996,0.0,0.0,0.6931471824645996,0.0
TMEM261,0.0,0.0,0.0,0.6931471824645996,0.0,0.0,0.0,0.0
ERP29,0.0,0.6931471824645996,0.6931471824645996,1.0986123085021973,0.0,0.0,0.6931471824645996,0.0
ADRM1,0.0,0.0,0.0,0.6931471824645996,0.0,0.0,0.0,0.0
MRPL17,0.0,0.0,0.0,0.6931471824645996,0.0,0.0,0.0,0.0
ARHGDIA,0.0,0.0,0.0,0.6931471824645996,0.0,0.0,0.0,0.0
ITGAE,0.0,0.0,0.0,0.6931471824645996,0.0,0.0,0.0,0.0
CRNDE,0.0,0.0,0.0,0.6931471824645996,0.0,0.0,0.6931471824645996,0.0
PARP1,0.0,0.0,0.0,0.6931471824645996,0.0,0.0,0.0,0.0
MRPL3,0.0,0.0,0.0,0.6931471824645996,0.0,0.0,0.0,0.0
NT5C,0.0,0.0,0.0,0.6931471824645996,0.0,0.0,0.0,0.0
UBE2L3,0.0,0.6931471824645996,0.6931471824645996,1.0986123085021973,0.6931471824645996,0.0,0.0,0.0
EIF3A,0.0,0.0,0.0,0.6931471824645996,0.0,0.0,0.0,0.0
CNIH4,0.0,0.0,0.0,0.6931471824645996,0.0,0.0,0.0,0.0
ANAPC15,0.0,0.0,0.0,0.6931471824645996,0.0,0.0,0.0,0.0
MRPL34,0.0,0.0,0.0,0.6931471824645996,0.0,0.0,0.0,0.0
FKBP4,0.0,0.0,0.0,0.6931471824645996,0.0,0.0,0.0,0.0
EEF1E1,0.0,0.0,0.0,0.6931471824645996,0.0,0.0,0.0,0.0
TRAP1,0.0,0.0,0.0,0.6931471824645996,0.0,0.0,0.0,0.0
PPM1G,0.0,0.0,0.0,0.6931471824645996,0.0,0.0,0.0,0.0
NFIC,0.0,0.0,0.0,0.6931471824645996,0.0,0.0,0.0,0.0
PSMA5,0.0,0.0,0.0,0.6931471824645996,0.0,0.0,0.0,0.0
GSPT1,0.0,0.0,0.0,0.6931471824645996,0.0,0.0,0.0,0.0
GTF3A,0.0,0.0,0.0,0.6931471824645996,0.0,0.0,0.0,0.0
SLBP,0.0,0.0,0.0,0.6931471824645996,0.0,0.0,0.0,0.0
HDDC2,0.0,0.0,0.0,0.6931471824645996,0.0,0.0,0.0,0.0
COA4,0.0,0.0,0.0,0.6931471824645996,0.0,0.0,0.0,0.0
UQCC2,0.0,0.0,0.0,0.6931471824645996,0.0,0.0,0.0,0.0
LSM6,0.0,0.0,0.0,0.6931471824645996,0.0,0.0,0.0,0.0
RRP7A,0.0,0.0,0.0,0.6931471824645996,0.0,0.0,0.0,0.0
PPA2,0.0,0.0,0.0,0.6931471824645996,0.0,0.0,0.0,0.0
NOL7,0.0,0.0,0.0,0.6931471824645996,0.0,0.0,0.0,0.0
MRPS25,0.0,0.0,0.0,0.6931471824645996,0.0,0.0,0.0,0.0
METAP2,0.0,0.0,0.0,0.6931471824645996,0.0,0.0,0.0,0.0
ANXA5,0.0,0.0,0.0,0.6931471824645996,0.0,0.6931471824645996,0.6931471824645996,0.0
GSTM3,0.0,0.0,0.0,0.6931471824645996,0.0,0.0,0.0,0.0
DKC1,0.0,0.0,0.0,0.6931471824645996,0.0,0.0,0.0,0.0
ZNF593,0.0,0.0,0.0,0.6931471824645996,0.0,0.0,0.0,0.0
SRSF10,0.0,0.0,0.0,0.6931471824645996,0.0,0.0,0.0,0.0
HSPB11,0.0,0.0,0.0,0.6931471824645996,0.0,0.0,0.0,0.0
PSMG3,0.0,0.0,0.0,0.6931471824645996,0.0,0.0,0.0,0.0
PSMG1,0.0,0.0,0.0,0.6931471824645996,0.0,0.0,0.0,0.0
PSMB8,0.0,0.0,0.0,0.6931471824645996,0.0,0.0,0.0,0.0
TRA2B,0.0,0.0,0.0,0.6931471824645996,0.0,0.0,0.0,0.0
THRAP3,0.0,0.0,0.0,0.6931471824645996,0.0,0.0,0.0,0.0
EMC6,0.0,0.0,0.0,0.6931471824645996,0.0,0.0,0.0,0.0
CISD1,0.0,0.0,0.0,0.6931471824645996,0.0,0.0,0.0,0.0
UCHL3,0.0,0.0,0.0,0.6931471824645996,0.0,0.0,0.0,0.0
TPGS2,0.0,0.0,0.0,0.6931471824645996,0.0,0.0,0.0,0.0
POP7,0.0,0.0,0.0,0.6931471824645996,0.0,0.0,0.0,0.0
UQCC3,0.0,0.0,0.0,0.6931471824645996,0.0,0.0,0.0,0.0
C16orf13,0.0,0.0,0.0,0.6931471824645996,0.0,0.0,0.0,0.0
SF3B2,0.0,0.0,0.0,0.6931471824645996,0.0,0.0,0.0,0.0
MRPL32,0.0,0.0,0.0,0.6931471824645996,0.0,0.0,0.0,0.0
FSCN1,0.0,0.0,0.0,0.6931471824645996,0.0,0.0,0.0,0.0
COX14,0.0,0.0,0.0,0.6931471824645996,0.0,0.0,0.0,0.0
RBBP7,0.0,0.0,0.0,0.6931471824645996,0.0,0.0,0.0,0.0
COA6,0.0,0.0,0.0,0.6931471824645996,0.0,0.0,0.0,0.0
HDAC2,0.0,0.0,0.0,0.6931471824645996,0.0,0.0,0.0,0.0
HDGF,0.0,0.0,0.0,0.6931471824645996,0.0,0.0,0.0,0.0
COPS3,0.0,0.0,0.0,0.6931471824645996,0.0,0.0,0.0,0.0
HAX1,0.0,0.0,0.0,0.6931471824645996,0.0,0.0,0.0,0.0
PTBP1,0.0,0.0,0.0,0.6931471824645996,0.0,0.0,0.0,0.0
METTL5,0.0,0.0,0.0,0.6931471824645996,0.0,0.0,0.0,0.0
AHCY,0.0,0.0,0.0,0.6931471824645996,0.0,0.0,0.0,0.0
NOP58,0.0,0.0,0.0,0.6931471824645996,0.0,0.0,0.0,0.0
UBXN4,0.0,0.0,0.0,0.6931471824645996,0.0,0.0,0.6931471824645996,0.0
NDUFA10,0.0,0.0,0.0,0.6931471824645996,0.0,0.0,0.0,0.0
PUF60,0.0,0.0,0.0,0.6931471824645996,0.0,0.0,0.0,0.0
APOA1BP,0.0,0.0,0.0,0.6931471824645996,0.0,0.0,0.0,0.0
PRDX3,0.0,0.0,0.0,0.6931471824645996,0.0,0.0,0.0,0.0
FKBP3,0.0,0.0,0.0,0.6931471824645996,0.0,0.0,0.0,0.0
ISCU,0.0,0.0,0.0,0.6931471824645996,0.0,0.6931471824645996,0.6931471824645996,0.0
UBE2N,0.0,0.0,0.0,0.6931471824645996,0.0,0.0,0.0,0.0
OLA1,0.0,0.0,0.0,0.6931471824645996,0.0,0.0,0.0,0.0
NDUFA9,0.0,0.0,0.0,0.6931471824645996,0.0,0.0,0.0,0.0
NIFK,0.0,0.0,0.0,0.6931471824645996,0.0,0.0,0.0,0.0
NONO,0.0,0.0,0.0,0.6931471824645996,0.0,0.0,0.0,0.0
DNAJC19,0.0,0.0,0.0,0.6931471824645996,0.0,0.0,0.0,0.0
POLR2G,0.0,0.0,0.0,0.6931471824645996,0.0,0.0,0.0,0.0
SRSF11,0.0,0.0,0.0,0.6931471824645996,0.0,0.0,0.0,0.0
ILF3,0.0,0.0,0.0,0.6931471824645996,0.0,0.0,0.0,0.0
PRPF40A,0.0,0.0,0.0,0.6931471824645996,0.0,0.0,0.0,0.0
PPIG,0.0,0.0,0.0,0.6931471824645996,0.0,0.0,0.6931471824645996,0.0
NDUFA8,0.0,0.0,0.0,0.6931471824645996,0.0,0.0,0.0,0.0
POLR2K,0.0,0.0,0.0,0.6931471824645996,0.0,0.0,0.0,0.0
IMP4,0.0,0.0,0.0,0.3465735912322998,0.0,0.0,0.0,0.0
MRPL40,0.0,0.0,0.0,0.6931471824645996,0.0,0.0,0.0,0.0
IDH3B,0.0,0.0,0.0,0.6931471824645996,0.0,0.0,0.0,0.0
ITPA,0.0,0.0,0.0,0.6931471824645996,0.0,0.0,0.0,0.0
AK2,0.0,0.0,0.0,0.6931471824645996,0.0,0.0,0.0,0.0
BAX,0.0,0.0,0.0,0.6931471824645996,0.0,0.0,0.0,0.0
RNF126,0.0,0.0,0.0,0.6931471824645996,0.0,0.0,0.0,0.0
NDUFS2,0.0,0.0,0.0,0.6931471824645996,0.0,0.0,0.0,0.0
SRP72,0.0,0.0,0.0,0.6931471824645996,0.0,0.0,0.0,0.0
EWSR1,0.0,0.0,0.0,0.6931471824645996,0.0,0.0,0.0,0.0
RBM25,0.0,0.0,0.0,0.6931471824645996,0.0,0.0,0.0,0.0
MRPL47,0.0,0.0,0.0,0.6931471824645996,0.0,0.0,0.0,0.0
SRSF1,0.0,0.0,0.0,0.6931471824645996,0.0,0.0,0.0,0.0
SNF8,0.0,0.0,0.0,0.6931471824645996,0.0,0.0,0.0,0.0
C19orf24,0.0,0.0,0.0,0.6931471824645996,0.0,0.0,0.0,0.0
KRT17,0.0,0.0,0.0,0.6931471824645996,0.0,0.0,0.0,0.0
RPS6KB2,0.0,0.0,0.0,0.6931471824645996,0.0,0.0,0.0,0.0
TAF9,0.0,0.0,0.0,0.6931471824645996,0.0,0.0,0.0,0.0
KARS,0.0,0.0,0.0,0.6931471824645996,0.0,0.0,0.0,0.0
NAP1L4,0.0,0.0,0.0,0.6931471824645996,0.0,0.0,0.0,0.0
PIN1,0.0,0.0,0.0,0.6931471824645996,0.0,0.0,0.0,0.0
SOX15,0.0,0.0,0.0,0.6931471824645996,0.0,0.0,0.0,0.0
GJB3,0.0,0.0,0.0,0.6931471824645996,0.0,0.0,0.0,0.0
COX17,0.0,0.0,0.0,0.6931471824645996,0.0,0.0,0.0,0.0
PHLDA3,0.0,0.0,0.0,0.6931471824645996,0.0,0.0,0.0,0.0
MRPL28,0.0,0.0,0.0,0.6931471824645996,0.0,0.0,0.0,0.0
AHSA1,0.0,0.0,0.0,0.6931471824645996,0.0,0.0,0.0,0.0
FDFT1,0.0,0.0,0.0,0.6931471824645996,0.0,0.0,0.0,0.0
HSPA9,0.0,0.0,0.0,0.6931471824645996,0.6931471824645996,0.0,0.0,0.0
STRAP,0.0,0.0,0.0,0.6931471824645996,0.0,0.0,0.0,0.0
RBM17,0.0,0.0,0.0,0.6931471824645996,0.0,0.0,0.0,0.0
RPN2,0.0,0.0,0.0,0.6931471824645996,0.0,0.0,0.0,0.0
PGRMC1,0.0,0.0,0.0,0.6931471824645996,0.0,0.0,0.0,0.0
AKR7A2,0.0,0.0,0.0,0.6931471824645996,0.0,0.0,0.0,0.0
PNN,0.0,0.0,0.0,0.6931471824645996,0.0,0.0,0.0,0.0
CALM3,0.0,0.0,0.0,0.6931471824645996,0.0,0.0,0.0,0.0
DDX18,0.0,0.0,0.0,0.6931471824645996,0.0,0.0,0.0,0.0
PSMD2,0.0,0.0,0.0,0.6931471824645996,0.0,0.0,0.0,0.0
SUMO3,0.0,0.0,0.0,0.6931471824645996,0.0,0.0,0.0,0.0
CHCHD1,0.0,0.0,0.0,0.6931471824645996,0.0,0.0,0.0,0.0
PITHD1,0.0,0.0,0.0,0.6931471824645996,0.0,0.0,0.0,0.0
CA12,0.0,0.0,0.0,0.6931471824645996,0.0,0.0,0.0,0.0
PPP1CC,0.0,0.0,0.0,0.6931471824645996,0.0,0.0,0.0,0.0
U2SURP,0.0,0.0,0.0,0.6931471824645996,0.0,0.0,0.0,0.0
SNRPB2,0.0,0.0,0.0,0.6931471824645996,0.0,0.0,0.0,0.0
AIMP1,0.0,0.0,0.0,0.6931471824645996,0.0,0.0,0.0,0.0
DNAJC8,0.0,0.0,0.0,0.6931471824645996,0.0,0.0,0.0,0.0
TMEM208,0.0,0.0,0.0,0.6931471824645996,0.0,0.0,0.0,0.0
MRPS18C,0.0,0.0,0.0,0.6931471824645996,0.0,0.0,0.0,0.0
HNRNPH3,0.0,0.0,0.0,0.6931471824645996,0.0,0.0,0.0,0.0
PSMG2,0.0,0.0,0.0,0.6931471824645996,0.0,0.0,0.0,0.0
CHCHD5,0.0,0.0,0.0,0.6931471824645996,0.0,0.0,0.0,0.0
TRAPPC2L,0.0,0.0,0.0,0.6931471824645996,0.0,0.0,0.0,0.0
PSMC1,0.0,0.0,0.0,0.6931471824645996,0.0,0.0,0.0,0.0
PCMT1,0.0,0.0,0.0,0.6931471824645996,0.0,0.0,0.0,0.0
C19orf60,0.0,0.0,0.0,0.6931471824645996,0.0,0.0,0.0,0.0
REEP5,0.0,0.0,0.0,0.6931471824645996,0.0,0.0,0.6931471824645996,0.0
SLC38A2,0.0,0.0,0.0,0.6931471824645996,0.0,0.0,0.0,0.0
SPAG7,0.0,0.0,0.0,0.6931471824645996,0.0,0.0,0.0,0.0
SDHD,0.0,0.0,0.0,0.6931471824645996,0.6931471824645996,0.0,0.0,0.0
TMEM14C,0.0,0.0,0.0,0.6931471824645996,0.0,0.0,0.6931471824645996,0.0
CLPP,0.0,0.0,0.0,0.6931471824645996,0.0,0.0,0.0,0.0
SF1,0.0,0.0,0.0,0.6931471824645996,0.0,0.0,0.0,0.0
STUB1,0.0,0.0,0.0,0.6931471824645996,0.0,0.0,0.0,0.0
BAZ1A,0.0,0.0,0.0,0.6931471824645996,0.0,0.0,0.0,0.0
AUP1,0.0,0.0,0.0,0.6931471824645996,0.0,0.0,0.0,0.0
POLE4,0.0,0.0,0.0,0.6931471824645996,0.0,0.0,0.0,0.0
MRPL43,0.0,0.0,0.0,0.6931471824645996,0.0,0.0,0.0,0.0
HP1BP3,0.0,0.0,0.0,0.6931471824645996,0.0,0.0,0.0,0.0
SPTSSA,0.0,0.0,0.0,0.6931471824645996,0.0,0.0,0.0,0.0
PSMD4,0.0,0.0,0.0,0.6931471824645996,0.0,0.0,0.0,0.0
LUC7L3,0.0,0.0,0.0,0.6931471824645996,0.0,0.0,0.0,0.0
RALY,0.0,0.0,0.0,0.6931471824645996,0.0,0.0,0.0,0.0
NDUFA5,0.0,0.0,0.0,0.6931471824645996,0.0,0.0,0.0,0.0
EPHX1,0.0,0.0,0.0,0.6931471824645996,0.0,0.0,0.0,0.0
MEA1,0.0,0.0,0.0,0.6931471824645996,0.0,0.0,0.0,0.0
CAMTA1,0.0,0.0,0.0,0.6931471824645996,0.0,0.0,0.0,0.0
CWC15,0.0,0.0,0.0,0.6931471824645996,0.0,0.0,0.0,0.0
ZCRB1,0.0,0.0,0.0,0.6931471824645996,0.0,0.0,0.0,0.0
MYDGF,0.0,0.0,0.0,0.6931471824645996,0.0,0.0,0.0,0.0
GLO1,0.0,0.0,0.0,0.6931471824645996,0.0,0.0,0.0,0.0
TCEAL4,0.0,0.0,0.0,0.6931471824645996,0.0,0.0,0.0,0.0
MAPK13,0.0,0.0,0.0,0.6931471824645996,0.0,0.0,0.0,0.0
COX20,0.0,0.0,0.0,0.6931471824645996,0.0,0.0,0.0,0.0
MPC1,0.0,0.0,0.0,0.6931471824645996,0.0,0.0,0.0,0.0
TMEM14B,0.0,0.0,0.0,0.6931471824645996,0.0,0.0,0.0,0.0
PSMD11,0.0,0.0,0.0,0.6931471824645996,0.0,0.0,0.0,0.0
TMEM123,0.0,0.0,0.0,0.6931471824645996,0.0,0.0,0.6931471824645996,0.0
CNPY2,0.0,0.0,0.0,0.6931471824645996,0.0,0.0,0.0,0.0
RTF1,0.0,0.0,0.0,0.6931471824645996,0.0,0.0,0.0,0.0
PSMB4,0.0,0.0,0.0,0.6931471824645996,0.0,0.0,0.0,0.0
PTS,0.0,0.0,0.0,0.6931471824645996,0.0,0.0,0.0,0.0
DGUOK,0.0,0.0,0.0,0.6931471824645996,0.0,0.0,0.0,0.0
NAA50,0.0,0.0,0.0,0.6931471824645996,0.0,0.0,0.0,0.0
GRHPR,0.0,0.0,0.0,0.6931471824645996,0.0,0.0,0.0,0.0
ETFA,0.0,0.0,0.0,0.6931471824645996,0.0,0.0,0.0,0.0
CANX,0.0,0.0,0.0,0.6931471824645996,0.0,0.0,0.0,0.0
GTF2A2,0.0,0.0,0.0,0.6931471824645996,0.0,0.0,0.0,0.0
BLOC1S2,0.0,0.0,0.0,0.6931471824645996,0.0,0.0,0.0,0.0
MCTS1,0.0,0.0,0.0,0.6931471824645996,0.0,0.0,0.0,0.0
MAF1,0.0,0.0,0.0,0.6931471824645996,0.0,0.0,0.0,0.0
CCDC124,0.0,0.0,0.0,0.6931471824645996,0.0,0.0,0.0,0.0
DNAJA1,0.0,0.0,0.0,0.6931471824645996,0.0,0.0,0.0,0.0
CD47,0.0,0.0,0.0,0.6931471824645996,0.0,0.0,0.0,0.0
MANF,0.0,0.0,0.0,0.6931471824645996,0.0,0.0,0.0,0.0
PTRHD1,0.0,0.0,0.0,0.6931471824645996,0.0,0.0,0.0,0.0
ABRACL,0.0,0.0,0.0,0.6931471824645996,0.6931471824645996,0.0,0.0,0.0
SRI,0.0,0.0,0.0,0.6931471824645996,0.0,0.0,0.6931471824645996,0.0
BTG2,0.0,0.0,0.0,0.6931471824645996,0.0,0.0,0.6931471824645996,0.0
KIF5B,0.0,0.0,0.0,0.6931471824645996,0.0,0.0,0.0,0.0
SSR3,0.0,0.0,0.0,0.6931471824645996,0.0,0.0,0.0,0.0
NDUFAF3,0.0,0.0,0.0,0.6931471824645996,0.0,0.0,0.0,0.0
TBCB,0.0,0.0,0.0,0.6931471824645996,0.0,0.0,0.0,0.0
PRRG4,0.0,0.0,0.0,0.6931471824645996,0.0,0.0,0.0,0.0
GNL3,0.0,0.0,0.0,0.6931471824645996,0.0,0.0,0.0,0.0
MRPS36,0.0,0.0,0.0,0.6931471824645996,0.0,0.0,0.0,0.0
PPP1R7,0.0,0.0,0.0,0.6931471824645996,0.0,0.0,0.0,0.0
SON,0.0,0.0,0.0,0.6931471824645996,0.0,0.0,0.6931471824645996,0.0
AES,0.0,0.0,0.0,0.6931471824645996,0.0,0.0,0.6931471824645996,0.0
VIMP,0.0,0.0,0.0,0.6931471824645996,0.0,0.0,0.0,0.0
EMC4,0.0,0.0,0.0,0.6931471824645996,0.6931471824645996,0.0,0.0,0.0
TRAPPC3,0.0,0.0,0.0,0.6931471824645996,0.0,0.0,0.0,0.0
ZNF207,0.0,0.0,0.0,0.6931471824645996,0.0,0.0,0.0,0.0
HADHA,0.0,0.0,0.0,0.6931471824645996,0.0,0.0,0.0,0.0
RSRC2,0.0,0.0,0.0,0.6931471824645996,0.0,0.0,0.0,0.0
HDLBP,0.0,0.0,0.0,0.6931471824645996,0.0,0.0,0.0,0.0
PCNP,0.0,0.0,0.0,0.6931471824645996,0.0,0.0,0.0,0.0
TOP1,0.0,0.0,0.0,0.6931471824645996,0.0,0.0,0.0,0.0
MMADHC,0.0,0.0,0.0,0.6931471824645996,0.0,0.0,0.0,0.0
TMEM165,0.0,0.0,0.0,0.6931471824645996,0.0,0.0,0.0,0.0
TMEM54,0.0,0.0,0.0,0.6931471824645996,0.6931471824645996,0.0,0.0,0.0
KDELR1,0.0,0.0,0.0,0.6931471824645996,0.0,0.0,0.6931471824645996,0.0
PPP2R1A,0.0,0.0,0.0,0.6931471824645996,0.6931471824645996,0.0,0.0,0.0
WDR1,0.0,0.0,0.0,0.6931471824645996,0.0,0.0,0.0,0.0
SYF2,0.0,0.0,0.0,0.6931471824645996,0.0,0.0,0.6931471824645996,0.0
METTL9,0.0,0.0,0.0,0.6931471824645996,0.0,0.0,0.0,0.0
EIF4E,0.0,0.0,0.0,0.6931471824645996,0.6931471824645996,0.0,0.0,0.0
SLC2A1,0.0,0.0,0.0,0.6931471824645996,0.6931471824645996,0.0,0.0,0.0
SOD2,0.0,0.0,0.0,0.6931471824645996,0.0,0.0,0.0,0.0
AGPAT2,0.0,0.0,0.0,0.6931471824645996,0.6931471824645996,0.0,0.0,0.0
PAIP2,0.0,0.0,0.0,0.6931471824645996,0.0,0.0,0.0,0.0
SARAF,0.0,0.0,0.0,0.6931471824645996,0.6931471824645996,0.0,0.6931471824645996,0.6931471824645996
PPP1R15A,0.0,0.0,0.0,0.6931471824645996,0.6931471824645996,0.0,0.6931471824645996,0.0
CCNL1,0.0,0.0,0.0,0.6931471824645996,0.0,0.0,0.6931471824645996,0.0
BZW1,0.0,0.0,0.0,0.6931471824645996,0.6931471824645996,0.0,0.0,0.0
PLIN3,0.0,0.0,0.0,0.6931471824645996,0.6931471824645996,0.0,0.0,0.0
KRT6B,0.0,0.0,2.079441547393799,0.6931471824645996,1.0986123085021973,0.0,0.0,0.0
C10orf99,0.0,0.0,1.3862943649291992,0.0,0.0,0.0,0.0,0.0
KRT6C,0.0,0.0,1.6094379425048828,0.6931471824645996,0.6931471824645996,0.0,0.0,0.0
CRABP2,0.0,0.0,1.7917594909667969,1.7917594909667969,0.0,0.0,0.0,0.0
SERPINB3,0.0,0.0,1.0986123085021973,0.0,0.6931471824645996,0.0,0.0,0.0
GBP6,0.0,0.0,1.0986123085021973,0.6931471824645996,0.0,0.0,0.0,0.0
DSC2,0.0,0.0,1.3862943649291992,0.0,0.6931471824645996,0.0,0.0,0.0
DSG3,0.0,0.0,1.0986123085021973,0.6931471824645996,0.6931471824645996,0.0,0.0,0.0
LGALS7B,0.0,0.0,0.6931471824645996,0.6931471824645996,0.0,0.0,0.0,0.0
PKP1,0.0,0.0,1.0986123085021973,0.6931471824645996,0.0,0.0,0.0,0.0
JUP,0.0,0.0,1.3862943649291992,1.0986123085021973,1.0986123085021973,0.0,0.0,0.0
RHOV,0.0,0.0,1.0986123085021973,1.0986123085021973,0.6931471824645996,0.0,0.0,0.0
DAPL1,0.0,0.6931471824645996,1.0986123085021973,1.0986123085021973,0.0,0.0,0.0,0.0
FGFBP1,0.0,0.6931471824645996,1.0986123085021973,1.0986123085021973,0.0,0.0,0.0,0.0
PHLDA2,0.0,0.0,1.0986123085021973,0.6931471824645996,0.6931471824645996,0.0,0.0,0.0
FAM96B,0.0,0.6931471824645996,1.0986123085021973,1.0986123085021973,0.0,0.0,0.0,0.0
CES2,0.0,0.0,0.6931471824645996,0.0,0.0,0.0,0.0,0.0
SERPINB5,0.0,0.6931471824645996,1.0986123085021973,0.6931471824645996,0.0,0.0,0.0,0.0
MPZL2,0.0,0.0,1.0986123085021973,0.6931471824645996,0.6931471824645996,0.0,0.0,0.0
PGD,0.0,0.0,1.0986123085021973,1.0986123085021973,0.6931471824645996,0.0,0.0,0.0
EZR,0.0,0.0,1.0986123085021973,0.6931471824645996,0.6931471824645996,0.0,0.0,0.0
COA3,0.0,0.0,0.6931471824645996,0.6931471824645996,0.0,0.0,0.0,0.0
TIMM8B,0.0,0.6931471824645996,1.0986123085021973,1.0986123085021973,0.0,0.0,0.0,0.0
LAD1,0.0,0.0,1.0986123085021973,1.0986123085021973,0.6931471824645996,0.0,0.0,0.0
CDKN1A,0.0,0.0,0.6931471824645996,0.0,0.0,0.0,0.0,0.0
DYNLT3,0.0,0.0,0.6931471824645996,0.0,0.6931471824645996,0.0,0.0,0.0
ALDH3A1,0.0,0.6931471824645996,1.0986123085021973,1.0986123085021973,0.0,0.0,0.0,0.0
SERPINB13,0.0,0.0,0.6931471824645996,0.0,0.6931471824645996,0.0,0.0,0.0
ADH7,0.0,0.0,0.6931471824645996,0.0,0.0,0.0,0.0,0.0
CLCA2,0.0,0.0,0.6931471824645996,0.6931471824645996,0.0,0.0,0.0,0.0
SLC9A3R1,0.0,0.0,0.6931471824645996,0.6931471824645996,0.0,0.0,0.0,0.0
NAGK,0.0,0.0,0.6931471824645996,0.0,0.0,0.0,0.0,0.0
HN1,0.0,0.0,1.0986123085021973,1.0986123085021973,0.6931471824645996,0.0,0.0,0.0
PPIC,0.0,0.0,0.6931471824645996,0.0,0.0,0.0,0.0,0.0
CAPNS2,0.0,0.0,0.6931471824645996,0.0,0.0,0.0,0.0,0.0
NMU,0.0,0.0,0.6931471824645996,0.6931471824645996,0.0,0.0,0.0,0.0
HMGCS1,0.0,0.0,0.6931471824645996,0.0,0.0,0.0,0.0,0.0
CYB5A,0.0,0.0,0.6931471824645996,0.6931471824645996,0.0,0.0,0.6931471824645996,0.0
GPX2,0.0,0.0,0.6931471824645996,0.6931471824645996,0.0,0.0,0.0,0.0
ROMO1,0.0,0.0,0.6931471824645996,0.6931471824645996,0.6931471824645996,0.0,0.0,0.0
ARL4D,0.0,0.0,0.6931471824645996,0.0,0.0,0.0,0.0,0.0
PKP3,0.0,0.0,0.6931471824645996,0.6931471824645996,0.6931471824645996,0.0,0.0,0.0
TMEM134,0.0,0.0,0.6931471824645996,0.6931471824645996,0.6931471824645996,0.0,0.0,0.0
PTGR1,0.0,0.0,0.6931471824645996,0.6931471824645996,0.0,0.0,0.0,0.0
TMEM141,0.0,0.0,0.6931471824645996,0.6931471824645996,0.0,0.0,0.0,0.0
BHLHE40,0.0,0.0,0.6931471824645996,0.6931471824645996,0.6931471824645996,0.0,0.0,0.0
DHCR24,0.0,0.0,0.6931471824645996,0.6931471824645996,0.0,0.0,0.0,0.0
GJB5,0.0,0.0,0.6931471824645996,0.0,0.0,0.0,0.0,0.0
MAST4,0.0,0.0,0.6931471824645996,0.0,0.0,0.0,0.0,0.0
DHRS1,0.0,0.0,0.6931471824645996,0.0,0.0,0.0,0.0,0.0
CHMP4B,0.0,0.0,0.6931471824645996,0.6931471824645996,0.6931471824645996,0.0,0.0,0.0
WASF2,0.0,0.0,0.6931471824645996,0.6931471824645996,0.6931471824645996,0.0,0.0,0.0
PMVK,0.0,0.0,0.6931471824645996,0.6931471824645996,0.0,0.0,0.0,0.0
TUBA4A,0.0,0.0,0.6931471824645996,0.6931471824645996,0.0,0.0,0.0,0.0
NUDT8,0.0,0.0,0.6931471824645996,0.6931471824645996,0.0,0.0,0.0,0.0
CAPG,0.0,0.0,0.6931471824645996,0.6931471824645996,0.0,0.0,0.6931471824645996,0.0
ATOX1,0.0,0.0,0.6931471824645996,0.6931471824645996,0.0,0.0,0.0,0.0
DSC3,0.0,0.0,0.6931471824645996,0.6931471824645996,0.0,0.0,0.0,0.0
ALDH9A1,0.0,0.0,0.6931471824645996,0.0,0.6931471824645996,0.0,0.0,0.0
NAA20,0.0,0.0,1.0986123085021973,1.0986123085021973,1.0986123085021973,0.0,0.0,0.0
MTPN,0.0,0.0,0.6931471824645996,0.0,0.6931471824645996,0.0,0.0,0.0
TMEM79,0.0,0.0,0.6931471824645996,0.0,0.6931471824645996,0.0,0.0,0.0
HSD17B10,0.0,0.0,0.6931471824645996,0.6931471824645996,0.0,0.0,0.0,0.0
DCXR,0.0,0.0,0.6931471824645996,0.6931471824645996,0.0,0.0,0.6931471824645996,0.0
CAPNS1,0.0,0.0,0.6931471824645996,0.6931471824645996,0.6931471824645996,0.0,0.0,0.0
GTF2H5,0.0,0.0,0.6931471824645996,0.6931471824645996,0.0,0.0,0.0,0.0
CCDC12,0.0,0.0,0.6931471824645996,0.6931471824645996,0.0,0.0,0.0,0.0
CD82,0.0,0.0,0.6931471824645996,0.6931471824645996,0.0,0.0,0.0,0.0
NDUFA3,0.0,0.0,0.6931471824645996,0.6931471824645996,0.0,0.0,0.0,0.0
TMEM147,0.0,0.0,0.6931471824645996,0.6931471824645996,0.0,0.0,0.0,0.0
SDHC,0.0,0.0,0.6931471824645996,0.6931471824645996,0.0,0.0,0.6931471824645996,0.0
TRAPPC1,0.0,0.0,0.6931471824645996,0.6931471824645996,0.0,0.0,0.0,0.0
TPD52,0.0,0.0,0.6931471824645996,0.0,0.0,0.0,0.0,0.0
RALBP1,0.0,0.0,0.6931471824645996,0.6931471824645996,0.0,0.0,0.0,0.0
CTNND1,0.0,0.0,0.6931471824645996,0.0,0.6931471824645996,0.0,0.0,0.0
PGLS,0.0,0.0,0.6931471824645996,0.6931471824645996,0.0,0.0,0.6931471824645996,0.0
MRPL52,0.0,0.0,0.6931471824645996,0.6931471824645996,0.0,0.0,0.0,0.0
SYTL1,0.0,0.0,0.6931471824645996,0.6931471824645996,0.0,0.0,0.0,0.0
PDCD4,0.0,0.0,0.6931471824645996,0.0,0.0,0.0,0.0,0.0
CMPK1,0.0,0.0,0.6931471824645996,0.0,0.6931471824645996,0.0,0.6931471824645996,0.0
PPP1R14B,0.0,0.0,0.6931471824645996,0.6931471824645996,0.0,0.0,0.0,0.0
COPZ1,0.0,0.0,0.6931471824645996,0.0,0.0,0.0,0.0,0.0
MKNK2,0.0,0.0,0.6931471824645996,0.0,0.6931471824645996,0.0,0.0,0.0
POLR2I,0.0,0.0,0.6931471824645996,0.6931471824645996,0.0,0.0,0.0,0.0
NDUFA12,0.0,0.0,0.6931471824645996,0.6931471824645996,0.0,0.0,0.6931471824645996,0.0
TMED3,0.0,0.0,0.6931471824645996,0.6931471824645996,0.6931471824645996,0.0,0.0,0.0
AKR1A1,0.0,0.0,0.6931471824645996,0.6931471824645996,0.0,0.0,0.0,0.0
LAMTOR2,0.0,0.0,0.6931471824645996,0.6931471824645996,0.0,0.0,0.0,0.0
GTF3C6,0.0,0.0,0.6931471824645996,0.6931471824645996,0.0,0.0,0.0,0.0
RNF181,0.0,0.0,0.6931471824645996,0.6931471824645996,0.6931471824645996,0.0,0.0,0.0
DBNL,0.0,0.0,0.6931471824645996,0.0,0.6931471824645996,0.0,0.0,0.0
ARPC5L,0.0,0.0,0.6931471824645996,0.6931471824645996,0.6931471824645996,0.0,0.0,0.0
UBE2V2,0.0,0.0,0.6931471824645996,0.6931471824645996,0.0,0.0,0.0,0.0
C8orf59,0.0,0.0,0.6931471824645996,0.6931471824645996,0.0,0.0,0.6931471824645996,0.0
HSPA5,0.0,0.0,0.6931471824645996,0.6931471824645996,0.0,0.0,0.0,0.0
MPST,0.0,0.0,0.6931471824645996,0.6931471824645996,0.6931471824645996,0.0,0.0,0.0
SLC25A39,0.0,0.0,0.6931471824645996,0.6931471824645996,0.0,0.0,0.0,0.0
ACTR3,0.0,0.0,0.6931471824645996,0.6931471824645996,0.6931471824645996,0.0,0.0,0.0
CAPN1,0.0,0.0,0.6931471824645996,0.6931471824645996,0.6931471824645996,0.0,0.0,0.0
SH3GLB1,0.0,0.0,0.6931471824645996,0.6931471824645996,0.6931471824645996,0.0,0.0,0.0
IDH2,0.0,0.0,0.6931471824645996,0.6931471824645996,0.0,0.0,0.0,0.0
MRPL41,0.0,0.0,0.6931471824645996,0.6931471824645996,0.0,0.0,0.6931471824645996,0.0
KDELR2,0.0,0.0,0.6931471824645996,0.6931471824645996,0.6931471824645996,0.0,0.0,0.0
FDPS,0.0,0.0,0.6931471824645996,0.6931471824645996,0.0,0.0,0.0,0.0
ASAH1,0.0,0.0,0.6931471824645996,0.0,0.6931471824645996,0.0,0.0,0.0
EIF3J,0.0,0.0,0.6931471824645996,0.6931471824645996,0.0,0.0,0.0,0.0
POLR2F,0.0,0.0,0.6931471824645996,0.6931471824645996,0.0,0.0,0.0,0.0
SUCLG1,0.0,0.0,0.6931471824645996,0.6931471824645996,0.6931471824645996,0.0,0.0,0.0
TMEM219,0.0,0.0,0.6931471824645996,0.0,0.0,0.0,0.6931471824645996,0.0
ORMDL2,0.0,0.0,0.6931471824645996,0.0,0.6931471824645996,0.0,0.0,0.0
SELK,0.0,0.0,0.6931471824645996,0.6931471824645996,0.0,0.0,0.6931471824645996,0.0
CAPZA1,0.0,0.0,0.6931471824645996,0.6931471824645996,0.6931471824645996,0.0,0.0,0.0
DCTN3,0.0,0.0,0.6931471824645996,0.6931471824645996,0.0,0.0,0.0,0.0
DCTN2,0.0,0.0,0.6931471824645996,0.6931471824645996,0.0,0.0,0.0,0.0
NDUFA13,0.0,0.0,0.6931471824645996,0.6931471824645996,0.0,0.0,0.0,0.0
CPNE3,0.0,0.0,0.6931471824645996,0.6931471824645996,0.6931471824645996,0.0,0.0,0.0
MRPL54,0.0,0.0,0.6931471824645996,0.6931471824645996,0.0,0.0,0.0,0.0
NDUFA2,0.0,0.0,0.6931471824645996,0.6931471824645996,0.6931471824645996,0.0,0.0,0.0
TSTA3,0.0,0.0,0.6931471824645996,0.6931471824645996,0.0,0.0,0.0,0.0
ACTN4,0.0,0.0,0.6931471824645996,0.6931471824645996,0.6931471824645996,0.0,0.0,0.0
COPS6,0.0,0.0,0.6931471824645996,0.6931471824645996,0.0,0.0,0.0,0.0
ARPC4,0.0,0.0,0.6931471824645996,0.6931471824645996,0.6931471824645996,0.0,0.0,0.0
OSTC,0.0,0.0,0.6931471824645996,0.6931471824645996,0.0,0.0,0.0,0.0
SCAND1,0.0,0.0,0.6931471824645996,0.6931471824645996,0.0,0.0,0.0,0.0
PSMD7,0.0,0.0,0.6931471824645996,0.6931471824645996,0.0,0.0,0.0,0.0
ATP6V0B,0.0,0.0,0.6931471824645996,0.6931471824645996,0.0,0.0,0.6931471824645996,0.0
MRPS15,0.0,0.0,0.6931471824645996,0.6931471824645996,0.0,0.0,0.0,0.0
ZC3H15,0.0,0.0,0.6931471824645996,0.6931471824645996,0.0,0.0,0.0,0.0
OSTF1,0.0,0.0,0.6931471824645996,0.0,0.6931471824645996,0.0,0.0,0.0
SSNA1,0.0,0.0,0.6931471824645996,0.6931471824645996,0.0,0.0,0.0,0.0
AP3S1,0.0,0.0,0.6931471824645996,0.6931471824645996,0.6931471824645996,0.0,0.0,0.0
MORF4L2,0.0,0.0,0.6931471824645996,0.6931471824645996,0.0,0.0,0.0,0.0
POLR2E,0.0,0.0,0.6931471824645996,0.6931471824645996,0.0,0.0,0.0,0.0
ARF4,0.0,0.0,0.6931471824645996,0.0,0.6931471824645996,0.0,0.6931471824645996,0.0
DPY30,0.0,0.0,0.6931471824645996,0.6931471824645996,0.0,0.0,0.0,0.0
UBE2D2,0.0,0.0,0.6931471824645996,0.6931471824645996,0.0,0.0,0.6931471824645996,0.0
MARCKS,0.0,0.0,0.6931471824645996,0.6931471824645996,0.6931471824645996,0.0,0.0,0.0
SRSF9,0.0,0.0,0.6931471824645996,0.6931471824645996,0.6931471824645996,0.0,0.0,0.0
PRR13,0.0,0.0,0.6931471824645996,0.6931471824645996,0.6931471824645996,0.0,0.0,0.0
TXN2,0.0,0.0,0.6931471824645996,0.6931471824645996,0.0,0.0,0.0,0.0
VPS29,0.0,0.0,0.6931471824645996,0.6931471824645996,0.6931471824645996,0.0,0.0,0.0
TUBB6,0.0,0.0,0.6931471824645996,0.6931471824645996,0.6931471824645996,0.0,0.0,0.0
POLR2J,0.0,0.0,0.6931471824645996,0.6931471824645996,0.0,0.0,0.0,0.0
CTNNA1,0.0,0.0,0.6931471824645996,0.0,0.6931471824645996,0.0,0.0,0.0
MIEN1,0.0,0.0,0.6931471824645996,0.6931471824645996,0.0,0.0,0.0,0.0
RPS19BP1,0.0,0.0,0.6931471824645996,0.6931471824645996,0.0,0.0,0.0,0.0
CAP1,0.0,0.0,0.6931471824645996,0.6931471824645996,0.6931471824645996,0.0,0.0,0.0
TXNL1,0.0,0.0,0.6931471824645996,0.6931471824645996,0.6931471824645996,0.0,0.0,0.0
ARPC1A,0.0,0.0,0.6931471824645996,0.6931471824645996,0.6931471824645996,0.0,0.0,0.0
PAPOLA,0.0,0.0,0.6931471824645996,0.6931471824645996,0.6931471824645996,0.0,0.0,0.0
BUD31,0.0,0.0,0.6931471824645996,0.6931471824645996,0.6931471824645996,0.0,0.0,0.0
SBDS,0.0,0.0,0.6931471824645996,0.0,0.6931471824645996,0.0,0.0,0.0
PPP4C,0.0,0.0,0.6931471824645996,0.6931471824645996,0.6931471824645996,0.0,0.0,0.0
RAB7A,0.0,0.0,0.6931471824645996,0.6931471824645996,0.6931471824645996,0.0,0.0,0.0
VMP1,0.0,0.0,0.6931471824645996,0.6931471824645996,0.6931471824645996,0.0,0.0,0.0
PDCD6,0.0,0.0,0.6931471824645996,0.6931471824645996,0.6931471824645996,0.0,0.0,0.0
CSNK2B,0.0,0.0,0.6931471824645996,0.6931471824645996,0.6931471824645996,0.0,0.0,0.0
KRT15,0.0,3.5553481578826904,0.6931471824645996,3.0910425186157227,0.0,0.0,1.8688348531723022,0.0
CXCL14,0.0,1.0986123085021973,0.0,0.0,0.0,0.0,0.0,0.0
IL1R2,0.0,0.6931471824645996,0.0,0.0,0.0,0.0,0.0,0.0
DST,0.0,0.6931471824645996,0.0,0.0,0.0,0.0,0.0,0.0
SERPINE2,0.0,0.6931471824645996,0.0,0.0,0.0,0.0,0.0,0.0
COL17A1,0.0,0.6931471824645996,0.0,0.0,0.0,0.0,0.0,0.0
SLC3A2,0.0,0.6931471824645996,0.0,0.6931471824645996,0.0,0.0,0.0,0.0
MYC,0.0,0.6931471824645996,0.0,0.6931471824645996,0.0,0.0,0.0,0.0
FHL2,0.0,0.6931471824645996,0.0,0.0,0.0,0.0,0.0,0.0
GPNMB,0.0,0.6931471824645996,0.0,0.0,0.0,0.6931471824645996,0.0,0.0
RSL1D1,0.0,0.6931471824645996,0.0,0.6931471824645996,0.0,0.0,0.6931471824645996,0.0
LIMA1,0.0,0.6931471824645996,0.0,0.0,0.0,0.0,0.0,0.0
PRNP,0.0,0.6931471824645996,0.0,0.0,0.0,0.0,0.0,0.0
GSTO1,0.0,0.6931471824645996,0.0,0.6931471824645996,0.0,0.0,0.0,0.0
RSL24D1,0.0,0.6931471824645996,0.0,0.6931471824645996,0.0,0.0,0.6931471824645996,0.0
C12orf57,0.0,0.6931471824645996,0.0,0.6931471824645996,0.0,0.6931471824645996,0.6931471824645996,0.0
ZFP36L2,0.0,0.6931471824645996,0.0,0.0,0.0,0.0,0.0,0.6931471824645996
CUTA,0.0,0.6931471824645996,0.0,0.6931471824645996,0.0,0.0,0.6931471824645996,0.0
LGALS3BP,0.0,0.6931471824645996,0.0,0.6931471824645996,0.0,0.6931471824645996,0.6931471824645996,0.0
ESD,0.0,0.6931471824645996,0.0,0.6931471824645996,0.0,0.6931471824645996,0.6931471824645996,0.0
CLNS1A,0.0,0.6931471824645996,0.0,0.6931471824645996,0.0,0.0,0.0,0.0
HNRNPA0,0.0,0.6931471824645996,0.0,0.6931471824645996,0.0,0.0,0.6931471824645996,0.0
APEX1,0.0,0.6931471824645996,0.0,0.6931471824645996,0.0,0.0,0.0,0.0
CNIH1,0.0,0.6931471824645996,0.0,0.6931471824645996,0.0,0.0,0.0,0.0
IFI27L2,0.0,0.6931471824645996,0.6931471824645996,0.6931471824645996,0.0,0.0,0.0,0.0
MRPS6,0.0,0.6931471824645996,0.0,0.6931471824645996,0.0,0.0,0.0,0.0
EIF3M,0.0,0.6931471824645996,0.6931471824645996,0.6931471824645996,0.0,0.0,0.6931471824645996,0.0
PRMT1,0.0,0.6931471824645996,0.0,0.6931471824645996,0.0,0.0,0.0,0.0
EIF3D,0.0,0.6931471824645996,0.6931471824645996,0.6931471824645996,0.0,0.0,0.6931471824645996,0.0
PYCARD,0.0,0.6931471824645996,0.0,0.6931471824645996,0.0,0.0,0.0,0.0
RBMX,0.0,0.6931471824645996,0.0,0.6931471824645996,0.0,0.0,0.6931471824645996,0.0
NBL1,0.0,0.6931471824645996,0.0,0.6931471824645996,0.0,0.0,0.0,0.0
OCIAD2,0.0,0.6931471824645996,0.0,0.6931471824645996,0.0,0.0,0.6931471824645996,0.0
COX7A2L,0.0,0.6931471824645996,0.0,0.6931471824645996,0.0,0.0,0.6931471824645996,0.0
RPL17,0.0,0.6931471824645996,0.6931471824645996,0.6931471824645996,0.0,0.0,0.6931471824645996,0.0
ALDH2,0.0,0.6931471824645996,0.0,0.6931471824645996,0.0,0.0,0.0,0.0
NSA2,0.0,0.6931471824645996,0.0,0.6931471824645996,0.0,0.0,0.0,0.0
EIF4B,0.0,0.6931471824645996,0.6931471824645996,0.6931471824645996,0.0,0.0,0.6931471824645996,0.0
TOMM20,0.0,0.6931471824645996,0.6931471824645996,0.6931471824645996,0.0,0.0,0.6931471824645996,0.0
SSB,0.0,0.6931471824645996,0.0,0.6931471824645996,0.0,0.0,0.6931471824645996,0.0
C9orf3,0.0,0.6931471824645996,0.0,0.6931471824645996,0.0,0.0,0.6931471824645996,0.0
TAF1D,0.0,0.6931471824645996,0.0,0.6931471824645996,0.0,0.0,0.0,0.0
CCT3,0.0,0.6931471824645996,0.0,0.6931471824645996,0.0,0.0,0.0,0.0
PNISR,0.0,0.6931471824645996,0.0,0.6931471824645996,0.0,0.0,0.6931471824645996,0.0
CCT8,0.0,0.6931471824645996,0.0,0.6931471824645996,0.0,0.0,0.0,0.0
CCT2,0.0,0.6931471824645996,0.0,0.6931471824645996,0.0,0.0,0.0,0.0
DDX21,0.0,0.6931471824645996,0.0,0.6931471824645996,0.0,0.0,0.0,0.0
CCT4,0.0,0.6931471824645996,0.0,0.6931471824645996,0.0,0.0,0.6931471824645996,0.0
ALDH3A2,0.0,0.6931471824645996,0.0,0.6931471824645996,0.0,0.0,0.0,0.0
NENF,0.0,0.6931471824645996,0.0,0.6931471824645996,0.0,0.6931471824645996,0.6931471824645996,0.0
NGFRAP1,0.0,0.6931471824645996,0.0,0.6931471824645996,0.0,0.6931471824645996,0.6931471824645996,0.0
BCAP31,0.0,0.6931471824645996,0.6931471824645996,0.6931471824645996,0.0,0.0,0.6931471824645996,0.0
CCT7,0.0,0.6931471824645996,0.0,0.6931471824645996,0.0,0.0,0.0,0.0
ATRAID,0.0,0.6931471824645996,0.0,0.6931471824645996,0.0,0.6931471824645996,0.6931471824645996,0.0
UXT,0.0,0.6931471824645996,0.6931471824645996,0.6931471824645996,0.0,0.0,0.6931471824645996,0.0
ERGIC3,0.0,0.6931471824645996,0.6931471824645996,0.6931471824645996,0.0,0.0,0.6931471824645996,0.0
PCBD1,0.0,0.6931471824645996,0.0,0.6931471824645996,0.0,0.0,0.6931471824645996,0.0
FUS,0.0,0.6931471824645996,0.0,0.6931471824645996,0.0,0.0,0.6931471824645996,0.0
C11orf58,0.0,0.6931471824645996,0.6931471824645996,0.6931471824645996,0.0,0.0,0.6931471824645996,0.0
RNF7,0.0,0.6931471824645996,0.6931471824645996,0.6931471824645996,0.0,0.0,0.6931471824645996,0.0
NBEAL1,0.0,0.6931471824645996,0.0,0.6931471824645996,0.0,0.0,0.6931471824645996,0.0
HNRNPM,0.0,0.6931471824645996,0.0,0.6931471824645996,0.0,0.0,0.0,0.0
PSMB2,0.0,0.6931471824645996,0.0,0.6931471824645996,0.0,0.0,0.0,0.0
BAG1,0.0,0.6931471824645996,0.0,0.6931471824645996,0.0,0.0,0.6931471824645996,0.0
UQCRC2,0.0,0.6931471824645996,0.6931471824645996,0.6931471824645996,0.0,0.0,0.6931471824645996,0.0
SUMO1,0.0,0.6931471824645996,0.6931471824645996,0.6931471824645996,0.0,0.0,0.6931471824645996,0.0
CCT6A,0.0,0.6931471824645996,0.0,0.6931471824645996,0.0,0.0,0.0,0.0
EGR1,0.0,0.6931471824645996,0.0,0.6931471824645996,0.0,0.0,0.6931471824645996,0.0
PYURF,0.0,0.6931471824645996,0.6931471824645996,0.6931471824645996,0.0,0.0,0.6931471824645996,0.0
GDI2,0.0,0.6931471824645996,0.6931471824645996,0.6931471824645996,0.0,0.0,0.6931471824645996,0.0
MLF2,0.0,0.6931471824645996,0.6931471824645996,0.6931471824645996,0.0,0.0,0.0,0.0
THOC7,0.0,0.6931471824645996,0.6931471824645996,0.6931471824645996,0.0,0.0,0.0,0.0
PSMA1,0.0,0.6931471824645996,0.6931471824645996,0.6931471824645996,0.0,0.0,0.6931471824645996,0.0
ACP1,0.0,0.6931471824645996,0.6931471824645996,0.6931471824645996,0.0,0.0,0.0,0.0
IMP3,0.0,0.6931471824645996,0.0,0.6931471824645996,0.0,0.0,0.0,0.0
XRCC6,0.0,0.6931471824645996,0.0,0.6931471824645996,0.0,0.0,0.6931471824645996,0.0
XRCC5,0.0,0.6931471824645996,0.0,0.6931471824645996,0.0,0.0,0.6931471824645996,0.0
ECH1,0.0,0.6931471824645996,0.6931471824645996,0.6931471824645996,0.0,0.0,0.6931471824645996,0.0
RWDD1,0.0,0.6931471824645996,0.6931471824645996,0.6931471824645996,0.0,0.0,0.6931471824645996,0.0
GSTK1,0.0,0.6931471824645996,0.6931471824645996,0.6931471824645996,0.0,0.0,0.6931471824645996,0.0
NDUFB5,0.0,0.6931471824645996,0.6931471824645996,0.6931471824645996,0.0,0.0,0.6931471824645996,0.0
SRRM1,0.0,0.6931471824645996,0.0,0.6931471824645996,0.0,0.0,0.6931471824645996,0.0
AC090498.1,0.0,0.6931471824645996,0.6931471824645996,0.6931471824645996,0.0,0.0,0.6931471824645996,0.0
EIF5B,0.0,0.6931471824645996,0.6931471824645996,0.6931471824645996,0.0,0.0,0.0,0.0
PHPT1,0.0,0.6931471824645996,0.6931471824645996,0.6931471824645996,0.0,0.0,0.6931471824645996,0.0
NDUFS4,0.0,0.6931471824645996,0.6931471824645996,0.6931471824645996,0.0,0.0,0.6931471824645996,0.0
MRPL14,0.0,0.6931471824645996,0.6931471824645996,0.6931471824645996,0.0,0.0,0.0,0.0
PDIA6,0.0,0.6931471824645996,0.6931471824645996,0.6931471824645996,0.0,0.0,0.6931471824645996,0.0
PSMC5,0.0,0.6931471824645996,0.6931471824645996,0.6931471824645996,0.0,0.0,0.0,0.0
SRRM2,0.0,0.6931471824645996,0.6931471824645996,0.6931471824645996,0.0,0.0,0.6931471824645996,0.0
UBE2I,0.0,0.6931471824645996,0.6931471824645996,0.6931471824645996,0.0,0.0,0.0,0.0
ALKBH7,0.0,0.6931471824645996,0.6931471824645996,0.6931471824645996,0.0,0.0,0.6931471824645996,0.0
LAMTOR1,0.0,0.6931471824645996,0.6931471824645996,0.6931471824645996,0.0,0.0,0.6931471824645996,0.0
C1orf43,0.0,0.6931471824645996,0.6931471824645996,0.6931471824645996,0.0,0.0,0.6931471824645996,0.0
SYPL1,0.0,0.6931471824645996,0.6931471824645996,0.6931471824645996,0.0,0.0,0.6931471824645996,0.0
SNRPD3,0.0,0.6931471824645996,0.6931471824645996,0.6931471824645996,0.0,0.0,0.0,0.0
PRRC2C,0.0,0.6931471824645996,0.6931471824645996,0.6931471824645996,0.0,0.0,0.0,0.0
COMTD1,0.0,0.6931471824645996,0.6931471824645996,0.6931471824645996,0.6931471824645996,0.0,0.0,0.0
ZNHIT1,0.0,0.6931471824645996,0.6931471824645996,0.6931471824645996,0.0,0.0,0.6931471824645996,0.0
ECHS1,0.0,0.6931471824645996,0.6931471824645996,0.6931471824645996,0.6931471824645996,0.0,0.0,0.0
GHITM,0.0,0.6931471824645996,0.6931471824645996,0.6931471824645996,0.0,0.0,0.6931471824645996,0.0
TCEB1,0.0,0.6931471824645996,0.6931471824645996,0.6931471824645996,0.6931471824645996,0.0,0.0,0.0
IGFBP7,2.1972246170043945,0.0,0.0,0.0,0.0,1.0986123085021973,0.0,0.0
ACKR1,1.9459102153778076,0.0,0.0,0.0,0.0,0.0,0.0,0.0
CD74,2.1972246170043945,0.0,0.0,0.0,0.0,0.0,0.6931471824645996,0.6931471824645996
SPARCL1,1.7917594909667969,0.0,0.0,0.0,0.0,0.6931471824645996,0.0,0.0
CLDN5,1.6094379425048828,0.0,0.0,0.0,0.0,0.0,0.0,0.0
AQP1,1.3862943649291992,0.0,0.0,0.0,0.0,0.0,0.0,0.0
GNG11,1.0986123085021973,0.0,0.0,0.0,0.0,0.0,0.0,0.0
IFITM2,1.6094379425048828,0.6931471824645996,0.0,0.0,0.0,1.0986123085021973,0.0,0.0
IFI27,1.9459102153778076,0.0,0.6931471824645996,0.0,0.6931471824645996,0.0,0.0,0.0
HLA-DRA,1.3862943649291992,0.0,0.0,0.0,0.0,0.0,0.0,0.0
RAMP2,1.0986123085021973,0.0,0.0,0.0,0.0,0.0,0.0,0.0
IGFBP4,1.0986123085021973,0.0,0.0,0.0,0.0,1.0986123085021973,0.0,0.0
PLVAP,1.0986123085021973,0.0,0.0,0.0,0.0,0.0,0.0,0.0
HLA-DRB1,1.0986123085021973,0.0,0.0,0.0,0.0,0.0,0.0,0.0
PECAM1,1.0986123085021973,0.0,0.0,0.0,0.0,0.0,0.0,0.0
RAMP3,1.0986123085021973,0.0,0.0,0.0,0.0,0.0,0.0,0.0
RNASE1,1.0986123085021973,0.0,0.0,0.0,0.0,0.0,0.0,0.0
C10orf10,0.6931471824645996,0.0,0.0,0.0,0.0,0.6931471824645996,0.0,0.0
NPDC1,1.0986123085021973,0.0,0.0,0.0,0.0,0.0,0.0,0.0
VWF,0.6931471824645996,0.0,0.0,0.0,0.0,0.0,0.0,0.0
HLA-DPA1,0.6931471824645996,0.0,0.0,0.0,0.0,0.0,0.0,0.0
ECSCR-1,0.6931471824645996,0.0,0.0,0.0,0.0,0.0,0.0,0.0
ENG,0.6931471824645996,0.0,0.0,0.0,0.0,0.0,0.0,0.0
SRGN,0.6931471824645996,0.0,0.0,0.0,0.0,0.0,0.0,0.6931471824645996
A2M,0.6931471824645996,0.0,0.0,0.0,0.0,0.0,0.0,0.0
SDPR,0.6931471824645996,0.0,0.0,0.0,0.0,0.0,0.0,0.0
EPAS1,0.6931471824645996,0.0,0.0,0.0,0.0,0.0,0.0,0.0
CLEC14A,0.6931471824645996,0.0,0.0,0.0,0.0,0.0,0.0,0.0
EGFL7,0.6931471824645996,0.0,0.0,0.0,0.0,0.0,0.0,0.0
KLF2,0.6931471824645996,0.0,0.0,0.0,0.0,0.0,0.0,0.0
ID3,0.6931471824645996,0.0,0.0,0.0,0.0,0.0,0.0,0.0
PCAT19,0.6931471824645996,0.0,0.0,0.0,0.0,0.0,0.0,0.0
SPRY1,0.6931471824645996,0.0,0.0,0.0,0.0,0.0,0.0,0.0
PRSS23,0.6931471824645996,0.0,0.0,0.0,0.0,0.0,0.0,0.0
HLA-DPB1,0.6931471824645996,0.0,0.0,0.0,0.0,0.0,0.0,0.0
HYAL2,0.6931471824645996,0.0,0.0,0.0,0.0,0.0,0.0,0.0
CAV1,0.6931471824645996,0.6931471824645996,0.0,0.0,0.0,0.0,0.0,0.0
STOM,0.6931471824645996,0.0,0.0,0.0,0.0,0.0,0.0,0.0
EMCN,0.6931471824645996,0.0,0.0,0.0,0.0,0.0,0.0,0.0
TSPAN7,0.6931471824645996,0.0,0.0,0.0,0.0,0.0,0.0,0.0
JAM2,0.6931471824645996,0.0,0.0,0.0,0.0,0.0,0.0,0.0
HSPG2,0.6931471824645996,0.0,0.0,0.0,0.0,0.0,0.0,0.0
BCAM,0.6931471824645996,0.0,0.0,0.0,0.0,0.0,0.0,0.0
TCF4,0.6931471824645996,0.0,0.0,0.0,0.0,0.0,0.0,0.0
GIMAP7,0.6931471824645996,0.0,0.0,0.0,0.0,0.0,0.0,0.0
SOCS3,0.6931471824645996,0.0,0.0,0.0,0.0,0.0,0.0,0.0
TGFBR2,0.6931471824645996,0.0,0.0,0.0,0.0,0.0,0.0,0.0
VAMP5,0.6931471824645996,0.0,0.0,0.0,0.0,0.0,0.0,0.0
CRIP2,0.6931471824645996,0.0,0.0,0.0,0.6931471824645996,0.0,0.0,0.0
MARCKSL1,0.6931471824645996,0.0,0.0,0.0,0.0,0.0,0.6931471824645996,0.0
RHOC,0.6931471824645996,0.0,0.0,0.0,0.0,0.6931471824645996,0.6931471824645996,0.0
PRCP,0.6931471824645996,0.0,0.0,0.0,0.0,0.0,0.0,0.0
APP,0.6931471824645996,0.0,0.0,0.0,0.0,0.0,0.6931471824645996,0.0
FCGRT,0.6931471824645996,0.0,0.0,0.0,0.0,0.6931471824645996,0.0,0.0
CCDC85B,0.6931471824645996,0.0,0.0,0.0,0.0,0.0,0.0,0.0
SNCG,0.6931471824645996,0.0,0.0,0.0,0.0,0.0,0.0,0.0
PTRF,0.6931471824645996,0.6931471824645996,0.0,0.0,0.0,0.6931471824645996,0.0,0.0
SDCBP,0.6931471824645996,0.0,0.0,0.0,0.0,0.6931471824645996,0.0,0.0
ARPC1B,0.6931471824645996,0.6931471824645996,0.0,0.0,0.0,0.0,0.6931471824645996,0.0
FXYD5,0.6931471824645996,0.0,0.0,0.0,0.6931471824645996,0.0,0.0,0.0
MYH9,0.6931471824645996,0.0,0.0,0.0,0.0,0.0,0.0,0.0
ARL4A,0.6931471824645996,0.0,0.0,0.6931471824645996,0.0,0.0,0.0,0.0
IFI16,0.6931471824645996,0.6931471824645996,0.0,0.6931471824645996,0.0,0.0,0.0,0.0
ETS2,0.6931471824645996,0.0,0.0,0.0,0.0,0.0,0.0,0.0
ARL2,0.6931471824645996,0.0,0.0,0.6931471824645996,0.0,0.0,0.0,0.0
HSPA1A,0.6931471824645996,0.0,0.0,0.6931471824645996,0.0,0.0,0.6931471824645996,0.0
MRPL33,0.6931471824645996,0.0,0.0,0.6931471824645996,0.0,0.0,0.0,0.0
CDC37,0.6931471824645996,0.0,0.0,0.6931471824645996,0.0,0.0,0.0,0.0
SEC11A,0.6931471824645996,0.0,0.0,0.6931471824645996,0.0,0.0,0.0,0.0
N4BP2L2,0.6931471824645996,0.0,0.0,0.0,0.0,0.0,0.6931471824645996,0.0
ARGLU1,0.6931471824645996,0.0,0.0,0.6931471824645996,0.0,0.0,0.6931471824645996,0.0
MAP1LC3B,0.6931471824645996,0.0,0.0,0.0,0.6931471824645996,0.0,0.0,0.0
