marker_ID,EC,Epi_basal,Epi_stratified,Epi_suprabasal,Epi_upper,Fib,Gland,IC,weight
969,0.7106283288009225,0.7106283288009225,0.7106283288009225,0.7106283288009225,0.7106283288009225,0.7106283288009225,0.7106283288009225,0.0,0.7106283288009225
5996,0.880980164152612,0.880980164152612,0.880980164152612,0.880980164152612,0.880980164152612,0.880980164152612,0.880980164152612,0.0,0.880980164152612
7805,0.8597257640364617,0.8597257640364617,0.8597257640364617,0.8597257640364617,0.8597257640364617,0.8597257640364617,0.8597257640364617,0.0,0.8597257640364617
397,0.94,0.94,0.94,0.94,0.94,0.94,0.94,0.0,0.94
3856,0.6143809138531653,0.0,0.6143809138531653,0.0,0.6143809138531653,0.6143809138531653,0.0,0.6143809138531653,0.6143809138531653
2752,0.7249970237586538,0.0,0.7249970237586538,0.0,0.7249970237586538,0.0,0.0,0.7249970237586538,0.7249970237586538
25984,0.6949243561158165,0.6949243561158165,0.6949243561158165,0.6949243561158165,0.6949243561158165,0.6949243561158165,0.0,0.6949243561158165,0.6949243561158165
8572,0.03200140972607659,0.03200140972607659,0.03200140972607659,0.03200140972607659,0.03200140972607659,0.03200140972607659,0.0,0.03200140972607659,0.03200140972607659
1675,0.5968421921321027,0.5968421921321027,0.5968421921321027,0.5968421921321027,0.5968421921321027,0.0,0.5968421921321027,0.5968421921321027,0.5968421921321027
4256,0.0,0.7755827599189722,0.7755827599189722,0.7755827599189722,0.7755827599189722,0.0,0.7755827599189722,0.7755827599189722,0.7755827599189722
6275,0.8914285714285715,0.8914285714285715,0.8914285714285715,0.8914285714285715,0.8914285714285715,0.0,0.8914285714285715,0.0,0.8914285714285715
4239,0.4159903157253002,0.4159903157253002,0.4159903157253002,0.4159903157253002,0.4159903157253002,0.0,0.4159903157253002,0.4159903157253002,0.4159903157253002
219348,0.25101371346469753,0.25101371346469753,0.25101371346469753,0.25101371346469753,0.25101371346469753,0.0,0.25101371346469753,0.25101371346469753,0.25101371346469753
5176,0.7419971136334578,0.7419971136334578,0.7419971136334578,0.7419971136334578,0.7419971136334578,0.0,0.7419971136334578,0.7419971136334578,0.7419971136334578
1292,0.14089492297460177,0.14089492297460177,0.14089492297460177,0.14089492297460177,0.14089492297460177,0.0,0.14089492297460177,0.14089492297460177,0.14089492297460177
5118,0.8916061148881612,0.8916061148881612,0.8916061148881612,0.8916061148881612,0.8916061148881612,0.0,0.8916061148881612,0.8916061148881612,0.8916061148881612
5376,0.6086609214368442,0.6086609214368442,0.6086609214368442,0.6086609214368442,0.6086609214368442,0.0,0.6086609214368442,0.6086609214368442,0.6086609214368442
718,0.5835689820236495,0.5835689820236495,0.5835689820236495,0.5835689820236495,0.5835689820236495,0.0,0.5835689820236495,0.5835689820236495,0.5835689820236495
1281,0.6525388179447409,0.6525388179447409,0.6525388179447409,0.6525388179447409,0.6525388179447409,0.0,0.6525388179447409,0.6525388179447409,0.6525388179447409
23564,0.035378180641,0.035378180641,0.035378180641,0.035378180641,0.035378180641,0.0,0.0,0.035378180641,0.035378180641
375791,0.6444968176702044,0.6444968176702044,0.0,0.6444968176702044,0.0,0.6444968176702044,0.6444968176702044,0.6444968176702044,0.6444968176702044
57152,0.6585733265531799,0.6585733265531799,0.0,0.6585733265531799,0.0,0.6585733265531799,0.6585733265531799,0.6585733265531799,0.6585733265531799
3934,0.8278273797763644,0.8278273797763644,0.8278273797763644,0.8278273797763644,0.0,0.8278273797763644,0.8278273797763644,0.8278273797763644,0.8278273797763644
6286,0.7761954966092683,0.7761954966092683,0.7761954966092683,0.7761954966092683,0.0,0.7761954966092683,0.7761954966092683,0.7761954966092683,0.7761954966092683
9022,0.4218357395719425,0.4218357395719425,0.0,0.4218357395719425,0.0,0.4218357395719425,0.4218357395719425,0.4218357395719425,0.4218357395719425
8000,0.6084291502812684,0.6084291502812684,0.6084291502812684,0.6084291502812684,0.0,0.6084291502812684,0.6084291502812684,0.6084291502812684,0.6084291502812684
8796,0.7736945882200432,0.7736945882200432,0.0,0.7736945882200432,0.0,0.7736945882200432,0.7736945882200432,0.7736945882200432,0.7736945882200432
131177,0.8168757494906494,0.8168757494906494,0.8168757494906494,0.8168757494906494,0.0,0.8168757494906494,0.8168757494906494,0.8168757494906494,0.8168757494906494
9407,0.9591209783912223,0.9591209783912223,0.9591209783912223,0.9591209783912223,0.0,0.9591209783912223,0.9591209783912223,0.9591209783912223,0.9591209783912223
643161,0.8704830744908799,0.8704830744908799,0.8704830744908799,0.8704830744908799,0.0,0.8704830744908799,0.8704830744908799,0.8704830744908799,0.8704830744908799
55287,0.6502239463145746,0.6502239463145746,0.0,0.6502239463145746,0.0,0.6502239463145746,0.6502239463145746,0.6502239463145746,0.6502239463145746
54869,0.19161440172702765,0.19161440172702765,0.19161440172702765,0.19161440172702765,0.0,0.19161440172702765,0.19161440172702765,0.19161440172702765,0.19161440172702765
144568,0.7859847964209168,0.7859847964209168,0.0,0.7859847964209168,0.0,0.7859847964209168,0.7859847964209168,0.7859847964209168,0.7859847964209168
6692,0.29382926904833334,0.29382926904833334,0.0,0.29382926904833334,0.0,0.29382926904833334,0.0,0.29382926904833334,0.29382926904833334
6820,0.6742857142857143,0.6742857142857143,0.0,0.6742857142857143,0.0,0.6742857142857143,0.6742857142857143,0.6742857142857143,0.6742857142857143
64063,0.09978976882568441,0.09978976882568441,0.09978976882568441,0.09978976882568441,0.0,0.09978976882568441,0.09978976882568441,0.09978976882568441,0.09978976882568441
51316,0.7542532333477671,0.7542532333477671,0.7542532333477671,0.7542532333477671,0.0,0.7542532333477671,0.7542532333477671,0.7542532333477671,0.7542532333477671
54809,0.7849999999999999,0.7849999999999999,0.7849999999999999,0.7849999999999999,0.0,0.7849999999999999,0.7849999999999999,0.7849999999999999,0.7849999999999999
6698,0.8286254167017231,0.8286254167017231,0.8286254167017231,0.8286254167017231,0.0,0.8286254167017231,0.8286254167017231,0.8286254167017231,0.8286254167017231
284340,0.886941516499854,0.886941516499854,0.0,0.886941516499854,0.0,0.886941516499854,0.886941516499854,0.886941516499854,0.886941516499854
7051,0.6499952051519876,0.6499952051519876,0.0,0.6499952051519876,0.0,0.6499952051519876,0.6499952051519876,0.6499952051519876,0.6499952051519876
10158,0.5845744513343986,0.5845744513343986,0.0,0.5845744513343986,0.0,0.5845744513343986,0.5845744513343986,0.5845744513343986,0.5845744513343986
27111,0.7744151646886404,0.7744151646886404,0.7744151646886404,0.7744151646886404,0.0,0.7744151646886404,0.7744151646886404,0.7744151646886404,0.7744151646886404
5655,0.5007664868436384,0.5007664868436384,0.5007664868436384,0.5007664868436384,0.0,0.5007664868436384,0.5007664868436384,0.5007664868436384,0.5007664868436384
3606,0.698,0.698,0.698,0.698,0.0,0.698,0.698,0.698,0.698
1474,0.14756162885694746,0.14756162885694746,0.14756162885694746,0.14756162885694746,0.0,0.14756162885694746,0.14756162885694746,0.14756162885694746,0.14756162885694746
26298,0.7250672507561546,0.7250672507561546,0.0,0.7250672507561546,0.0,0.7250672507561546,0.0,0.7250672507561546,0.7250672507561546
634,0.8581084148088358,0.8581084148088358,0.8581084148088358,0.8581084148088358,0.0,0.8581084148088358,0.8581084148088358,0.8581084148088358,0.8581084148088358
5507,0.022631578947368423,0.022631578947368423,0.022631578947368423,0.022631578947368423,0.0,0.022631578947368423,0.022631578947368423,0.022631578947368423,0.022631578947368423
2525,0.8210997551004438,0.8210997551004438,0.8210997551004438,0.8210997551004438,0.0,0.8210997551004438,0.8210997551004438,0.8210997551004438,0.8210997551004438
84985,0.6819841875964059,0.6819841875964059,0.6819841875964059,0.6819841875964059,0.0,0.6819841875964059,0.6819841875964059,0.6819841875964059,0.6819841875964059
2769,0.6934752905722619,0.6934752905722619,0.6934752905722619,0.6934752905722619,0.0,0.6934752905722619,0.6934752905722619,0.6934752905722619,0.6934752905722619
2125,0.7355827996552953,0.7355827996552953,0.7355827996552953,0.7355827996552953,0.0,0.7355827996552953,0.7355827996552953,0.7355827996552953,0.7355827996552953
5652,0.4485575347825703,0.4485575347825703,0.4485575347825703,0.4485575347825703,0.0,0.4485575347825703,0.4485575347825703,0.4485575347825703,0.4485575347825703
978,0.475,0.475,0.475,0.475,0.0,0.475,0.475,0.475,0.475
5753,0.7243335801189887,0.7243335801189887,0.7243335801189887,0.7243335801189887,0.0,0.7243335801189887,0.7243335801189887,0.7243335801189887,0.7243335801189887
266977,0.799070973365461,0.799070973365461,0.799070973365461,0.799070973365461,0.0,0.799070973365461,0.799070973365461,0.799070973365461,0.799070973365461
149428,0.8963312433545237,0.8963312433545237,0.8963312433545237,0.8963312433545237,0.0,0.8963312433545237,0.8963312433545237,0.8963312433545237,0.8963312433545237
201799,0.2705077961880558,0.2705077961880558,0.2705077961880558,0.2705077961880558,0.0,0.2705077961880558,0.2705077961880558,0.2705077961880558,0.2705077961880558
4938,0.6941120964959745,0.6941120964959745,0.6941120964959745,0.6941120964959745,0.0,0.6941120964959745,0.6941120964959745,0.6941120964959745,0.6941120964959745
195814,0.779596705432529,0.779596705432529,0.779596705432529,0.779596705432529,0.0,0.779596705432529,0.779596705432529,0.779596705432529,0.779596705432529
27071,0.905,0.905,0.905,0.905,0.0,0.905,0.905,0.905,0.905
8743,0.16703951957365112,0.16703951957365112,0.16703951957365112,0.16703951957365112,0.0,0.16703951957365112,0.0,0.16703951957365112,0.16703951957365112
824,0.9067800212305477,0.9067800212305477,0.9067800212305477,0.9067800212305477,0.0,0.9067800212305477,0.9067800212305477,0.9067800212305477,0.9067800212305477
837,0.9325,0.9325,0.9325,0.9325,0.0,0.9325,0.9325,0.9325,0.9325
3861,0.8722498234498628,0.0,0.8722498234498628,0.0,0.8722498234498628,0.8722498234498628,0.0,0.8722498234498628,0.8722498234498628
57016,0.654894875841362,0.654894875841362,0.0,0.0,0.654894875841362,0.654894875841362,0.654894875841362,0.654894875841362,0.654894875841362
3868,0.5449336377331986,0.5449336377331986,0.0,0.0,0.0,0.5449336377331986,0.5449336377331986,0.5449336377331986,0.5449336377331986
6192,0.4235261319454279,0.4235261319454279,0.4235261319454279,0.0,0.4235261319454279,0.4235261319454279,0.4235261319454279,0.4235261319454279,0.4235261319454279
3872,0.7155623912165989,0.7155623912165989,0.7155623912165989,0.0,0.7155623912165989,0.7155623912165989,0.7155623912165989,0.7155623912165989,0.7155623912165989
6665,0.6300499582288808,0.6300499582288808,0.6300499582288808,0.0,0.6300499582288808,0.6300499582288808,0.6300499582288808,0.6300499582288808,0.6300499582288808
2707,0.7929772561885285,0.7929772561885285,0.7929772561885285,0.0,0.7929772561885285,0.7929772561885285,0.7929772561885285,0.7929772561885285,0.7929772561885285
282991,0.14978481774219013,0.14978481774219013,0.14978481774219013,0.0,0.14978481774219013,0.14978481774219013,0.14978481774219013,0.14978481774219013,0.14978481774219013
9689,0.07350372669411705,0.07350372669411705,0.07350372669411705,0.0,0.0,0.07350372669411705,0.07350372669411705,0.07350372669411705,0.07350372669411705
3854,0.8968917733938657,0.8968917733938657,0.0,0.0,0.0,0.8968917733938657,0.8968917733938657,0.8968917733938657,0.8968917733938657
286887,0.8597187582996484,0.8597187582996484,0.0,0.0,0.0,0.8597187582996484,0.8597187582996484,0.8597187582996484,0.8597187582996484
6317,0.7189526571133389,0.7189526571133389,0.0,0.7189526571133389,0.0,0.7189526571133389,0.7189526571133389,0.7189526571133389,0.7189526571133389
1824,0.11317177105357308,0.11317177105357308,0.0,0.11317177105357308,0.0,0.11317177105357308,0.11317177105357308,0.11317177105357308,0.11317177105357308
1830,0.694155884532208,0.694155884532208,0.0,0.0,0.0,0.694155884532208,0.694155884532208,0.694155884532208,0.694155884532208
9982,0.44809325028655855,0.0,0.0,0.0,0.44809325028655855,0.44809325028655855,0.44809325028655855,0.44809325028655855,0.44809325028655855
5268,0.9380031619724645,0.0,0.0,0.0,0.9380031619724645,0.9380031619724645,0.9380031619724645,0.9380031619724645,0.9380031619724645
5275,0.8966490371164719,0.8966490371164719,0.0,0.8966490371164719,0.0,0.8966490371164719,0.8966490371164719,0.8966490371164719,0.8966490371164719
11187,0.826395580375821,0.826395580375821,0.0,0.0,0.0,0.826395580375821,0.826395580375821,0.826395580375821,0.826395580375821
2709,0.6158499312259635,0.6158499312259635,0.0,0.6158499312259635,0.6158499312259635,0.6158499312259635,0.6158499312259635,0.6158499312259635,0.6158499312259635
822,0.824061783848601,0.824061783848601,0.0,0.0,0.824061783848601,0.824061783848601,0.0,0.824061783848601,0.824061783848601
84958,0.3214019591895356,0.3214019591895356,0.0,0.0,0.3214019591895356,0.3214019591895356,0.3214019591895356,0.3214019591895356,0.3214019591895356
3866,0.7039312603455276,0.0,0.0,0.0,0.7039312603455276,0.7039312603455276,0.0,0.7039312603455276,0.7039312603455276
1308,0.8565320304861759,0.0,0.8565320304861759,0.8565320304861759,0.8565320304861759,0.8565320304861759,0.8565320304861759,0.8565320304861759,0.8565320304861759
10457,0.9178044117763801,0.0,0.9178044117763801,0.9178044117763801,0.9178044117763801,0.0,0.9178044117763801,0.9178044117763801,0.9178044117763801
29108,0.07280219780219781,0.0,0.07280219780219781,0.0,0.07280219780219781,0.07280219780219781,0.07280219780219781,0.07280219780219781,0.07280219780219781
132299,0.3514285714285714,0.0,0.3514285714285714,0.0,0.3514285714285714,0.3514285714285714,0.0,0.3514285714285714,0.3514285714285714
972,0.0,0.24037954358207297,0.24037954358207297,0.24037954358207297,0.24037954358207297,0.24037954358207297,0.0,0.0,0.24037954358207297
7122,0.0,0.8970095005763045,0.8970095005763045,0.8970095005763045,0.8970095005763045,0.8970095005763045,0.8970095005763045,0.8970095005763045,0.8970095005763045
358,0.0,0.557120275326885,0.557120275326885,0.557120275326885,0.557120275326885,0.557120275326885,0.557120275326885,0.557120275326885,0.557120275326885
3429,0.0,0.5792166453647069,0.0,0.5792166453647069,0.0,0.5792166453647069,0.5792166453647069,0.5792166453647069,0.5792166453647069
3122,0.0,0.20331295829546508,0.20331295829546508,0.20331295829546508,0.20331295829546508,0.20331295829546508,0.20331295829546508,0.20331295829546508,0.20331295829546508
3113,0.0,0.1968861997488558,0.1968861997488558,0.1968861997488558,0.1968861997488558,0.1968861997488558,0.1968861997488558,0.1968861997488558,0.1968861997488558
2022,0.0,0.742288624065208,0.742288624065208,0.742288624065208,0.742288624065208,0.742288624065208,0.742288624065208,0.742288624065208,0.742288624065208
5552,0.0,0.6956465413453106,0.6956465413453106,0.6956465413453106,0.6956465413453106,0.6956465413453106,0.6956465413453106,0.0,0.6956465413453106
2,0.0,0.9135720165548153,0.9135720165548153,0.9135720165548153,0.9135720165548153,0.9135720165548153,0.9135720165548153,0.9135720165548153,0.9135720165548153
161198,0.0,0.7816798560661681,0.7816798560661681,0.7816798560661681,0.7816798560661681,0.7816798560661681,0.7816798560661681,0.7816798560661681,0.7816798560661681
3115,0.0,0.37525694306935975,0.37525694306935975,0.37525694306935975,0.37525694306935975,0.37525694306935975,0.37525694306935975,0.37525694306935975,0.37525694306935975
168537,0.0,0.7504331019515231,0.7504331019515231,0.7504331019515231,0.7504331019515231,0.7504331019515231,0.7504331019515231,0.7504331019515231,0.7504331019515231
10791,0.0,0.1823809523809524,0.1823809523809524,0.1823809523809524,0.1823809523809524,0.1823809523809524,0.1823809523809524,0.1823809523809524,0.1823809523809524
1043,0.445,0.445,0.445,0.445,0.445,0.445,0.445,0.0,0.445
1672,0.785,0.785,0.0,0.785,0.785,0.785,0.0,0.785,0.785
3880,0.20214285714285715,0.0,0.20214285714285715,0.0,0.0,0.20214285714285715,0.0,0.20214285714285715,0.20214285714285715
6288,0.7491666666666668,0.7491666666666668,0.7491666666666668,0.7491666666666668,0.7491666666666668,0.7491666666666668,0.0,0.7491666666666668,0.7491666666666668
4072,0.06428571428571428,0.06428571428571428,0.06428571428571428,0.06428571428571428,0.06428571428571428,0.06428571428571428,0.0,0.06428571428571428,0.06428571428571428
5320,0.9299999999999999,0.9299999999999999,0.9299999999999999,0.9299999999999999,0.9299999999999999,0.0,0.9299999999999999,0.9299999999999999,0.9299999999999999
715,0.0325,0.0325,0.0325,0.0325,0.0325,0.0,0.0325,0.0325,0.0325
710,0.75,0.75,0.75,0.75,0.75,0.0,0.75,0.75,0.75
6649,0.3639285714285714,0.3639285714285714,0.3639285714285714,0.3639285714285714,0.3639285714285714,0.0,0.3639285714285714,0.3639285714285714,0.3639285714285714
2878,0.088,0.088,0.088,0.088,0.0,0.0,0.088,0.088,0.088
6423,0.02,0.02,0.02,0.02,0.02,0.0,0.02,0.02,0.02
10398,0.1652941176470588,0.1652941176470588,0.1652941176470588,0.1652941176470588,0.1652941176470588,0.0,0.1652941176470588,0.1652941176470588,0.1652941176470588
3488,0.5125,0.5125,0.5125,0.5125,0.5125,0.0,0.5125,0.5125,0.5125
125,0.675,0.675,0.675,0.675,0.675,0.0,0.675,0.675,0.675
8076,0.8600000000000001,0.8600000000000001,0.8600000000000001,0.8600000000000001,0.8600000000000001,0.0,0.8600000000000001,0.8600000000000001,0.8600000000000001
800,0.9,0.9,0.9,0.9,0.9,0.0,0.9,0.9,0.9
374897,0.76,0.76,0.0,0.76,0.0,0.76,0.76,0.76,0.76
5646,0.7042857142857143,0.7042857142857143,0.7042857142857143,0.7042857142857143,0.0,0.7042857142857143,0.7042857142857143,0.7042857142857143,0.7042857142857143
5266,0.69,0.69,0.69,0.69,0.0,0.69,0.69,0.69,0.69
56901,0.045454545454545456,0.045454545454545456,0.0,0.045454545454545456,0.0,0.045454545454545456,0.045454545454545456,0.045454545454545456,0.045454545454545456
3248,0.04666666666666667,0.04666666666666667,0.04666666666666667,0.04666666666666667,0.0,0.04666666666666667,0.04666666666666667,0.04666666666666667,0.04666666666666667
311,0.16153846153846155,0.16153846153846155,0.0,0.16153846153846155,0.0,0.16153846153846155,0.16153846153846155,0.16153846153846155,0.16153846153846155
29984,0.04735294117647059,0.04735294117647059,0.0,0.04735294117647059,0.0,0.04735294117647059,0.04735294117647059,0.04735294117647059,0.04735294117647059
647024,0.61,0.61,0.0,0.61,0.0,0.61,0.61,0.61,0.61
7105,0.48666666666666664,0.48666666666666664,0.48666666666666664,0.48666666666666664,0.0,0.48666666666666664,0.48666666666666664,0.48666666666666664,0.48666666666666664
1410,0.5025,0.5025,0.5025,0.5025,0.0,0.0,0.5025,0.5025,0.5025
2327,0.675,0.675,0.675,0.675,0.0,0.675,0.675,0.675,0.675
64787,0.06380952380952382,0.06380952380952382,0.06380952380952382,0.06380952380952382,0.0,0.06380952380952382,0.06380952380952382,0.06380952380952382,0.06380952380952382
347735,0.81,0.81,0.81,0.81,0.0,0.81,0.81,0.81,0.81
968,0.44,0.44,0.44,0.44,0.0,0.44,0.44,0.44,0.44
79153,0.776,0.776,0.776,0.776,0.0,0.776,0.776,0.776,0.776
11343,0.1170242656449553,0.1170242656449553,0.1170242656449553,0.1170242656449553,0.0,0.1170242656449553,0.1170242656449553,0.1170242656449553,0.1170242656449553
55001,0.12066666666666666,0.12066666666666666,0.12066666666666666,0.12066666666666666,0.0,0.12066666666666666,0.12066666666666666,0.12066666666666666,0.12066666666666666
54502,0.684375,0.684375,0.684375,0.684375,0.0,0.684375,0.684375,0.684375,0.684375
374907,0.7,0.7,0.7,0.7,0.0,0.7,0.7,0.7,0.7
92359,0.90125,0.90125,0.90125,0.90125,0.0,0.90125,0.90125,0.90125,0.90125
196264,0.022222222222222223,0.022222222222222223,0.022222222222222223,0.022222222222222223,0.0,0.022222222222222223,0.022222222222222223,0.022222222222222223,0.022222222222222223
3669,0.88,0.88,0.88,0.88,0.0,0.88,0.88,0.88,0.88
5764,0.08333333333333333,0.0,0.0,0.0,0.08333333333333333,0.08333333333333333,0.08333333333333333,0.08333333333333333,0.08333333333333333
3682,0.9175,0.9175,0.9175,0.0,0.9175,0.9175,0.9175,0.9175,0.9175
163351,0.45,0.45,0.0,0.0,0.45,0.45,0.45,0.45,0.45
10205,0.4,0.4,0.0,0.0,0.0,0.4,0.4,0.4,0.4
84290,0.89,0.89,0.0,0.89,0.89,0.89,0.89,0.89,0.89
2877,0.7866666666666666,0.7866666666666666,0.0,0.0,0.7866666666666666,0.7866666666666666,0.7866666666666666,0.7866666666666666,0.7866666666666666
7850,0.92,0.0,0.92,0.92,0.92,0.92,0.92,0.92,0.92
217,0.2563636363636364,0.0,0.2563636363636364,0.0,0.2563636363636364,0.2563636363636364,0.2563636363636364,0.2563636363636364,0.2563636363636364
2532,0.0,0.5825,0.5825,0.5825,0.5825,0.5825,0.5825,0.5825,0.5825
8404,0.0,0.58,0.58,0.58,0.58,0.0,0.58,0.58,0.58
83483,0.0,0.67,0.67,0.67,0.67,0.67,0.67,0.67,0.67
10268,0.0,0.024,0.024,0.024,0.024,0.024,0.024,0.024,0.024
6035,0.0,0.875,0.875,0.875,0.875,0.875,0.875,0.875,0.875
3399,0.0,0.02857142857142857,0.02857142857142857,0.02857142857142857,0.02857142857142857,0.02857142857142857,0.02857142857142857,0.02857142857142857,0.02857142857142857
10252,0.0,0.028888888888888888,0.028888888888888888,0.028888888888888888,0.028888888888888888,0.028888888888888888,0.028888888888888888,0.028888888888888888,0.028888888888888888
8692,0.0,0.878,0.878,0.878,0.878,0.878,0.878,0.878,0.878
58494,0.0,0.03111111111111111,0.03111111111111111,0.03111111111111111,0.03111111111111111,0.03111111111111111,0.03111111111111111,0.03111111111111111,0.03111111111111111
1397,0.0,0.8858333333333334,0.8858333333333334,0.8858333333333334,0.0,0.8858333333333334,0.8858333333333334,0.8858333333333334,0.8858333333333334
6623,0.0,0.6133333333333333,0.6133333333333333,0.6133333333333333,0.6133333333333333,0.6133333333333333,0.6133333333333333,0.6133333333333333,0.6133333333333333
