marker_ID,Endo,Epi,Gran,Lym,Macro,Mono,Stromal
DCN,0.0,0.0,0.0,0.0,0.0,0.0,3.769082035310093
MFAP4,0.0,0.0,0.0,0.0,0.0,0.0,3.2154262789910657
IGFBP7,2.181034166487125,0.0,0.0,0.0,0.0,0.0,3.7900549450188423
CTGF,0.0,0.0,0.0,0.0,0.0,0.0,3.0774935228
LUM,0.0,0.0,0.0,0.0,0.0,0.0,2.739694802760688
SPARCL1,2.092092728594663,0.0,0.0,0.0,0.0,0.0,2.8428021129578314
MGP,1.5804787553261006,0.0,0.0,0.0,0.0,0.0,3.040009848275231
CALD1,1.443924966800652,0.0,0.0,0.0,0.0,0.0,2.730933196545607
RARRES2,0.0,0.0,0.0,0.0,0.0,0.0,2.547949968648906
CYR61,0.0,0.0,0.0,0.0,0.0,0.0,2.805052905993226
TAGLN,0.0,0.0,0.0,0.0,0.2683001906042774,0.0,2.283460649775965
COL6A2,0.0,0.0,0.0,0.0,0.0,0.0,2.499235529103865
A2M,1.7945775879592603,0.0,0.0,0.0,0.0,0.0,2.6605230970295635
ACTA2,0.0,0.0,0.0,0.0,0.0,0.0,1.932993586064968
COL1A2,0.0,0.0,0.0,0.0,0.0,0.0,2.4197704255203094
MYL9,0.0,0.5020509867388241,0.0,0.0,0.0,0.0,2.403825406042143
SOD3,0.0,0.0,0.0,0.0,0.0,0.0,2.450420473716831
TPM2,0.0,0.0,0.0,0.0,0.0,0.0,2.038623026334112
BGN,0.0,0.0,0.0,0.0,0.0,0.0,2.1516208205361953
GPX3,0.0,0.0,0.0,0.0,0.0,0.0,2.3848167062939054
PPP1R14A,0.0,0.0,0.0,0.0,0.0,0.0,2.2126612760573625
FHL1,0.0,0.0,0.0,0.0,0.9206629276975415,0.0,2.4692627056942063
TIMP3,2.21702274930706,0.0,1.0788756657942502,0.0,0.0,0.0,2.4027579130630845
PMP22,0.0,0.0,0.0,0.0,0.0,0.0,2.2070625549506873
ADH1B,0.0,0.0,0.0,0.0,0.0,0.0,2.055065846190645
FBLN1,0.0,0.0,0.0,0.0,0.0,0.0,1.6037026728803543
SPARC,2.2278464000124747,0.0,0.0,0.0,0.0,0.0,2.284252284455756
PLAC9,0.0,0.0,0.0,0.0,0.0,0.0,1.9519342636586943
C1S,0.0,0.0,0.0,0.0,0.0,0.0,1.8924174830514846
SERPING1,0.0,0.5309662208843502,0.0,0.0,2.416045842302188,0.0,2.529509018549033
SEPP1,1.32867675139145,1.6155727091059142,0.0,0.0,0.0,0.0,2.0547691313352106
PRELP,0.0,0.0,0.0,0.0,0.0,0.0,1.6680841890060314
C1R,0.0,0.0,0.0,0.0,0.0,0.0,1.7341619774447186
LMCD1,0.0,0.0,0.0,0.0,0.0,0.0,1.7577917137605272
COL6A1,0.0,0.0,0.0,0.0,0.0,0.0,1.6798788837614853
MFGE8,0.0,0.0,0.0,0.0,0.0,0.0,1.6898952321284888
TPM1,0.0,0.5696935878321745,0.0,0.0,0.0,0.0,1.8026756914918705
TCF21,0.0,0.0,0.0,0.0,0.0,0.0,1.4645447700752117
FXYD1,0.0,0.0,0.0,0.0,0.0,0.0,1.5607154660620601
PCOLCE,0.0,0.0,0.0,0.0,0.0,0.0,1.5076652642862731
CSRP1,0.0,0.0,0.0,0.0,0.3457763777966346,0.0,1.8637865656895565
DKK3,0.0,0.0,0.0,0.0,0.0,0.0,1.49680801204625
GSN,1.671057670351505,0.0,0.0,0.0,1.4749538055559857,0.0,2.2050852698891243
SDC2,0.0,0.0,0.0,0.0,0.0,0.0,1.4446672025065779
PRKCDBP,0.0,0.0,0.0,0.0,0.0,0.0,1.6332155980793932
LHFP,0.0,0.0,0.0,0.0,0.0,0.0,1.4041825640804562
LBH,0.0,0.0,0.0,0.0,0.0,0.0,1.5617565700998857
FILIP1L,0.0,0.0,0.0,0.0,0.0,0.0,1.5271215332467576
COL1A1,0.0,0.0,0.0,0.0,0.0,0.0,1.2746138014434765
LTBP4,0.0,0.0,0.0,0.0,0.0,0.0,1.432408450221911
CRYAB,0.0,0.0,0.0,0.0,0.0,0.0,1.3067005469314699
AEBP1,0.0,0.0,0.0,0.0,0.0,0.0,1.3906601941741408
SELM,0.0,0.9944149133368376,0.0,0.0,0.47622129736379876,0.0,1.8245828412173524
AOC3,0.0,0.0,0.0,0.0,0.0,0.0,1.3952101738639415
COL3A1,0.0,0.0,0.0,0.0,0.0,0.0,1.0379724710153337
MMP2,0.0,0.0,0.0,0.0,0.0,0.0,0.6126077727615333
CNN3,1.5635452061039405,0.7522496604194226,0.0,0.0,0.0,0.0,1.647625567644268
MYH10,0.0,0.0,0.0,0.0,0.0,0.0,0.9834409024460242
EGR1,0.0,0.9928883064954082,0.0,0.0,0.0,0.0,1.7133512695939763
FMO2,0.0,0.0,0.0,0.0,0.0,0.0,0.7420473617821314
MXRA8,0.0,0.0,0.0,0.0,0.0,0.0,1.1320291079445397
PDLIM3,0.0,0.0,0.0,0.0,0.0,0.0,1.0942315568514742
TGFB1I1,0.0,0.0,0.0,0.0,0.0,0.0,1.1189517422963546
HSPB1,0.0,2.052080500811898,0.0,0.0,1.7302275877110738,0.0,2.3285985829743976
GAS6,0.0,0.0,0.0,0.0,0.0,0.0,1.2538354313300815
ELN,0.0,0.0,0.0,0.0,0.0,0.0,0.6743424185693275
PPAP2B,0.0,0.0,0.0,0.0,0.0,0.0,0.7918985350733851
TPPP3,0.0,1.426770236420496,0.0,0.0,0.0,0.0,1.546602793095745
MYLK,0.0,0.0,0.0,0.0,0.0,0.0,0.8766019613803565
BTG2,0.0,0.5430150583181004,0.9912601722552282,0.0,0.0,0.0,1.5112341117831187
ARID5B,0.0,0.0,0.0,0.0,0.0,0.0,1.3299535152244957
DST,0.0,0.0,0.0,0.0,0.30973852289326786,0.0,1.0863640122748237
NDN,0.0,0.0,0.0,0.0,0.0,0.0,1.0209690756408527
EFEMP2,0.0,0.0,0.0,0.0,0.0,0.0,0.9653169700945337
ANXA6,0.0,0.0,0.0,1.1198549175075052,0.0,0.0,1.3106434040273331
CES1,0.0,0.43505125037950143,0.0,0.0,1.2175988175349926,0.0,1.4111760274966274
PLS3,0.0,0.0,0.0,0.0,0.0,0.0,1.0557878011118098
ACTN1,0.0,0.0,0.0,0.0,0.7884137265393222,0.0,1.0611335695814572
TACC1,0.0,0.0,0.0,0.0,0.237222599719788,0.0,1.1499271624516538
PKIG,0.0,0.0,0.0,0.0,0.0,0.0,0.6277756342989825
PTMS,0.0,1.0680406293621414,0.0,0.0,1.322820150808136,0.0,1.6906162999544172
ZFP36L1,0.0,1.188961715229611,0.0,0.0,0.0,0.5345697560093351,1.5425436776040702
RNASE4,0.0,0.4759441537256948,0.0,0.0,0.0,0.0,0.970428689693086
PDLIM2,0.0,0.0,0.0,0.0,0.4015373862504412,0.0,1.0196076935926301
PNISR,0.0,0.6874381459304312,0.0,0.0,0.0,0.0,1.3856946609519925
ILK,0.0,0.0,0.0,0.0,0.47495366531621286,0.0,1.134814086608214
MAGED2,0.0,0.0,0.0,0.0,0.0,0.0,1.1373983137032662
SBDS,0.0,0.6947511245955507,0.0,0.0,0.46682319478586026,0.0,1.3763277483106078
PPP1R12A,0.0,0.0,0.0,0.0,0.21071915478921563,0.0,0.6217680483563192
FLNA,0.0,0.0,0.0,0.0,1.2011568516163005,0.9796848619628925,1.2346691272500543
CITED2,0.0,0.863426460665329,0.0,0.0,1.1034578868771014,0.0,1.4270910228303557
ZBTB20,0.0,0.0,0.0,0.0,0.0,0.0,0.7886756056728624
DDAH2,0.0,0.0,0.9851202516522075,0.0,0.8705054876077802,0.0,1.1594514153010003
LEPROT,1.0726368022648491,0.0,0.0,0.0,0.7828594419822661,0.0,1.1816925339342705
WBP5,0.0,0.5798884548818011,0.0,0.0,0.0,0.0,0.6334061852037617
H2AFJ,0.0,0.5434990952653513,0.0,0.0,0.7171042991370196,0.0,1.0410442463985325
CYB5R3,0.0,0.571373908635885,0.0,0.0,0.8064014730978913,0.0,1.0732698018175657
LUC7L3,0.0,0.43319823074523406,0.0,0.0,0.22993497635318458,0.0,0.5075143624623347
NUCKS1,0.0,1.0049759758336543,0.0,0.0,0.6234092757979923,0.0,1.305719048181155
MORF4L2,0.0,0.781861337913148,0.0,0.0,0.44372588079000086,0.0,1.0096323446036377
SYPL1,0.0,0.6382980547538823,0.0,0.0,0.36069741971408553,0.0,0.8676911836018373
ESD,0.0,0.776466578697987,0.0,0.0,0.768814099264333,0.0,1.1440619841751363
ARF4,0.0,0.8670586323141589,0.0,0.0,0.7441670273936309,0.0,0.9728785260276047
RAB2A,0.0,0.8193903956260393,0.0,0.0,0.7119113861636432,0.0,0.9095639154259957
ATRAID,0.0,0.9186069847142018,0.0,0.0,0.933169576436936,0.0,1.0345694424746474
LYZ,0.0,0.0,0.0,0.0,3.8142915599356546,4.0194016682857,0.0
AIF1,0.0,0.0,0.0,0.0,2.3970603104213972,2.886804520459553,0.0
S100A9,0.0,0.0,0.0,0.0,2.4951960774848554,2.6379164842288954,0.0
LST1,0.0,0.0,0.0,0.0,1.9163197054225092,2.477524147593424,0.0
CTSS,0.0,0.5445911158249904,0.0,0.0,2.983606427961554,3.1127273153302792,0.0
S100A8,0.0,0.0,0.0,0.0,1.778140340809816,1.9323760227287632,0.0
COTL1,0.0,0.0,0.0,0.0,1.6806977160338281,2.5847452044928483,0.0
FCN1,0.0,0.0,0.0,0.0,0.0,1.9831597120317919,0.0
MS4A6A,0.0,0.0,0.0,0.0,1.3607126376316352,2.1478525736387395,0.0
TYMP,0.0,0.0,0.0,0.0,1.9357097696177195,2.3353907100809552,0.0
FGL2,0.0,0.0,0.0,0.0,0.0,1.6916993193360697,0.0
MNDA,0.0,0.0,0.0,0.0,1.7980069300406232,1.8281681463091948,0.0
CD14,0.0,0.0,0.0,0.0,1.2394132057150242,1.7564028667822562,0.0
AP1S2,0.0,0.0,0.0,0.0,0.3944912167269375,1.5665871188199234,0.0
CPVL,0.0,0.0,0.0,0.0,1.361287703284172,1.6068828168249205,0.0
CFP,0.0,0.0,0.0,0.0,0.0,1.3092603246189356,0.0
FAM26F,0.0,0.0,0.0,0.0,0.0,1.1868877924410026,0.0
TNFSF13B,0.0,0.0,0.0,0.0,0.6924811798693272,1.2635816820225354,0.0
LSP1,0.0,0.0,0.0,1.897460063107149,1.7207215066123591,1.928658992570558,0.0
RNASE6,0.0,0.0,0.0,0.0,0.3937987810580516,1.1874417933610741,0.0
MPEG1,0.0,0.0,0.0,0.0,0.0,1.0411627869660867,0.0
MAFB,0.0,0.0,0.0,0.0,0.30311489771144945,0.9843847751310504,0.0
CLEC7A,0.0,0.0,0.0,0.0,0.6261308689352483,1.0836395897295332,0.0
RNASET2,0.0,0.0,0.0,0.0,1.3558826607018672,1.5678879891554194,0.0
CYBB,0.0,0.0,0.0,0.0,1.070553686484478,1.2295089528564185,0.0
C10orf54,0.0,0.0,0.0,0.0,0.18925636854880487,1.2686111607353916,0.0
GPR183,0.0,0.0,0.0,0.0,0.0,0.3217154889860955,0.0
FGR,0.0,0.0,0.0,0.0,0.47019871166867766,1.0412813569290011,0.0
NAMPT,0.0,0.0,0.0,0.0,0.8076456868403529,1.2021326202541691,0.0
STK17B,0.0,0.0,1.2221965432823876,0.0,0.3387158088676176,1.2562560619987155,0.0
EVI2B,0.0,0.0,0.0,0.0,1.1098483619350354,1.2599520720678372,0.0
C14orf2,0.0,1.1615959671246887,0.9615584765021443,0.0,1.272251272591845,1.7528440529783813,0.0
FYB,0.0,0.0,0.0,0.0,0.0,1.0335182589239844,0.0
LILRB2,0.0,0.0,0.0,0.0,0.0,0.0873505737657973,0.0
TNFRSF1B,0.0,0.0,0.0,0.0,0.0,0.7918655081422283,0.0
GLIPR1,0.0,0.0,0.0,0.0,0.7428840822928632,1.0831654318463715,0.0
H3F3AP4,0.0,0.0,0.0,0.0,0.4662026867082691,1.1262928720858565,0.0
LYN,0.0,0.0,0.0,0.0,0.3718741636721289,0.781732719904764,0.0
RNF130,0.0,0.0,0.0,0.0,1.251190521330607,1.2796263315807093,0.0
NUP214,0.0,0.0,0.0,0.0,0.5041168377513829,0.6350698793443396,0.0
TRAPPC5,0.0,0.9184441352142155,0.0,0.0,1.0959306089067273,1.4073196515101354,0.0
RHOG,0.0,0.0,1.1053237232560966,0.0,1.0775320849870538,1.252049141639445,0.0
CNPY3,0.0,0.0,0.0,0.0,0.6382769831465438,1.0050345334121906,0.0
PRELID1,0.0,0.7248376680265018,0.0,0.0,1.2865487224695045,1.4879885823642942,0.0
ZFAND5,0.0,0.6789197014433002,0.0,0.0,0.7369260673433715,1.2138153571174586,0.0
ZFAS1,0.0,1.1132915801181962,1.0908069837948835,0.0,0.9111438129804281,1.4644169453156246,0.0
HCLS1,0.0,0.0,0.0,0.0,0.7558557586640093,0.9862784009212,0.0
PTPRE,0.0,0.0,0.0,0.0,0.0,0.5468807613533548,0.0
MEF2C,0.0,0.0,0.0,0.0,0.0,0.59356905196539,0.0
PGLS,0.0,0.4339720700444797,0.0,0.0,0.736528631620078,1.0739036194298843,0.0
EVI2A,0.0,0.0,0.0,0.0,0.3909605772300205,0.8282567495913835,0.0
SERP1,0.0,1.594956702346758,1.0216512475319814,0.0,1.1866505398326732,1.6350416592985806,0.0
ARRB2,0.0,0.0,0.0,0.0,0.9565958433543013,0.9817677208755172,0.0
GNAI2,1.0853900011007462,0.0,0.0,0.0,1.0031078314133892,1.1708380944500354,0.0
FAM49B,0.0,0.0,0.0,0.0,0.563717841112888,0.9153617397637104,0.0
CD4,0.0,0.0,0.0,0.0,0.6494974309598845,0.7600937616258494,0.0
SOD2,0.0,0.0,0.0,0.0,0.3702724206336256,0.7193386590155382,0.0
CMTM6,0.0,0.0,0.0,0.0,0.8320069397375089,1.087927580766953,0.0
ACTR2,0.0,0.0,0.0,0.0,1.0697983820520083,1.1262224552067774,0.0
SMAP2,0.0,0.0,0.0,0.0,0.0,0.2426478217787938,0.0
CECR1,0.0,0.0,0.0,0.0,0.4900703546391542,0.5201151299427026,0.0
PTP4A2,0.0,0.5820754218887365,0.0,0.0,0.5974845784208258,1.0350373820867365,0.0
ZEB2,0.0,0.0,0.0,0.0,0.33967995635412535,0.4310172762566093,0.0
ARPC4,0.0,0.0,0.0,0.5749609631627186,1.0659768630459716,1.2295089528564185,0.0
DAZAP2,0.0,0.641326183874922,0.0,0.0,0.621010499644578,1.1559091014209744,0.0
ATP2B1,0.0,0.0,0.0,0.0,0.7354238471128269,0.8050039870997093,0.0
UCP2,0.0,0.0,0.0,0.0,0.7161396718419072,0.9323514678370824,0.0
GDI2,0.0,0.0,0.0,0.0,1.0336641177049501,1.1447915075168258,0.0
MARCKS,0.0,0.0,0.0,0.0,0.0,0.4738758509282451,0.0
IFNGR2,0.0,0.0,0.0,0.0,0.4777748493994852,0.5896773449505679,0.0
NDUFB1,0.0,0.9524695910648091,1.1636735705444983,0.0,1.1549652252192415,1.2775926360630334,0.0
ATG3,0.0,0.0,0.0,0.0,0.7389199880887339,0.794550111923531,0.0
AHNAK,0.0,0.0,1.068040528859167,0.0,0.7286229485597285,1.0889727052438394,0.0
CHMP1B,0.0,0.0,0.0,0.0,0.44982425172995955,0.7279522877834786,0.0
EIF3M,0.0,0.0,0.0,0.0,0.5941319265872606,0.8746412363014412,0.0
HIGD2A,0.0,0.8754162427247933,0.0,0.0,0.9947691636926778,1.2118229868355743,0.0
TGFB1,0.0,0.0,0.0,0.0,0.7131956216284417,0.752338631157737,0.0
C7orf73,0.0,0.0,0.0,0.0,0.47436827465349374,0.75804890479848,0.0
ATP5I,0.0,1.0419043402570116,1.0663514264498883,0.0,0.8263877884089379,1.228568169461241,0.0
METTL9,0.0,0.0,0.0,0.0,0.2690627521813079,0.4730308577200365,0.0
MGAT1,0.0,0.0,0.0,0.0,0.731150855444003,0.7600937616258494,0.0
SLC25A5,0.0,1.5461959028676575,0.0,0.0,1.4814173970228866,1.559662531055321,0.0
HMGB2,0.0,0.0,0.0,0.0,0.37759960006685206,0.5928081962573537,0.0
SUPT4H1,0.0,0.0,0.0,0.0,0.8164416600899026,0.8743968010081613,0.0
YWHAZ,0.0,0.6445991372353126,1.061751816765584,0.0,0.9953637772957159,1.1409367212081383,0.0
TOMM6,0.0,0.99926935281308,1.013977403087639,0.0,1.1361045758456672,1.224057857663674,0.0
IQGAP1,0.0,0.0,0.0,0.0,0.649162663240796,0.6982865076374736,0.0
PPP1CB,0.0,0.5036501175970916,0.0,0.0,0.46637980330121753,0.8938244417300604,0.8401246347258122
COX7B,0.0,1.1484056213032057,1.0582997284908273,0.0,1.34858785414803,1.379767531423206,0.0
ANP32B,0.0,0.6035590670324456,0.0,0.0,0.8687181704835376,0.9667787485522553,0.0
USMG5,0.0,1.0417856157718908,1.0991459066103344,0.0,1.2006425758667014,1.3092603246189356,0.0
SEC61G,0.0,1.1245353646947782,0.670306428079433,0.0,0.9337080288745144,1.2176546538760114,0.0
ARF5,0.0,1.0415186181975202,0.0,0.0,0.8323443107201453,1.2176546538760114,0.0
PGAM1,0.0,0.0,0.0,0.0,0.8484678230055571,0.8889028989758997,0.0
MBNL1,0.0,0.0,0.0,0.0,0.3680190351404682,0.4182619803663093,0.0
MSN,0.0,0.15315279962580303,0.0,0.0,0.8881654308106078,1.054628143594691,0.0
TBCA,0.0,1.0977465895737026,0.0,0.0,1.1530825900845407,1.2496467303861598,0.8008554964643823
PET100,0.0,0.7736254032522265,0.0,0.0,0.7557060293303438,0.9113394884249522,0.0
EIF2S3,0.0,0.0,0.0,0.0,0.42571663743550464,0.5809711314845194,0.0
SNRPE,0.0,0.7412917282179068,0.0,0.0,0.7093835484014561,0.8779964735685011,0.0
UXT,0.0,0.7496790182457416,0.0,0.0,0.8189646987627678,0.9288626217307198,0.0
UBXN1,0.0,0.6408583807834727,0.0,0.0,0.7826982728263078,0.9904349691988107,0.0
NDUFA2,0.0,0.844167299758307,0.0,0.0,0.7596979927614881,0.8839553512312186,0.0
TMEM258,0.0,1.0944298663305492,1.086494121406904,0.0,0.9747041159120055,1.1931337322115763,0.0
SYF2,0.0,0.0,0.0,0.0,0.5526139507054355,0.6593937093115213,0.0
NDUFA3,0.0,0.6718628925733401,0.0,0.0,0.7992692934063942,0.8258678068053213,0.0
NDUFS6,0.0,0.8811859623025589,0.0,0.0,0.8544624372924337,0.9488903402712977,0.0
MYEOV2,0.0,0.6496723834228718,0.0,0.0,0.6493663923500356,0.7242345130802516,0.0
SET,0.0,0.7229497672769334,0.0,0.0,0.5629575686554534,0.794550111923531,0.0
TRAPPC1,0.0,1.0405111809632412,0.0,1.1368229171816588,1.1171963134005118,1.1398509516326092,0.0
SNRPG,0.0,0.862911351609726,0.6683071626593873,0.0,0.9034071543424284,0.9570896269938386,0.0
C14orf166,0.0,0.7582599272241813,0.0,0.0,0.8682524973241573,0.8987468518758951,0.0
SRSF9,0.0,0.8189647003822667,0.0,0.0,0.796444101943918,0.8433554746896749,0.0
C1QA,0.0,0.0,0.0,0.0,4.445124974511194,0.0,0.0
C1QB,0.0,0.0,0.0,0.0,4.41582795160913,0.0,0.0
FABP4,0.0,0.0,0.0,0.0,4.2129530412931615,0.0,0.0
APOC1,0.0,0.0,0.0,0.0,3.8573793896119257,0.0,0.0
C1QC,0.0,0.0,0.0,0.0,3.5686311680940452,0.0,0.0
MARCO,0.0,0.0,0.0,0.0,2.798753696983897,0.0,0.0
MCEMP1,0.0,0.0,0.0,0.0,2.598335622564676,0.0,0.0
CCL18,0.0,0.0,0.0,0.0,2.5545815787424915,0.0,0.0
VSIG4,0.0,0.0,0.0,0.0,2.4943356998378734,0.0,0.0
ACP5,0.0,0.0,0.0,0.0,2.4714052197426652,0.0,0.0
TREM1,0.0,0.0,0.0,0.0,2.070734661881439,0.0,0.0
APOE,0.0,0.0,0.0,0.0,1.9726959067964664,0.0,0.0
FCGR3A,0.0,0.0,0.0,0.0,2.1546002398885524,0.0,0.0
GCHFR,0.0,0.0,0.0,0.0,2.0856966135555606,0.0,0.0
MRC1,0.0,0.0,0.0,0.0,1.7774593685425442,0.0,0.0
GPNMB,0.0,0.0,0.0,0.0,1.8105619598481382,0.0,0.0
MSR1,0.0,0.0,0.0,0.0,1.5783796478062764,0.0,0.0
OLR1,0.0,0.0,0.0,0.0,1.6631569965348165,0.0,0.0
MS4A4A,0.0,0.0,0.0,0.0,1.7073859016646584,0.0,0.0
CYP27A1,0.0,0.0,0.0,0.0,1.7125440527487938,0.0,0.0
CTSL,0.0,0.0,0.0,0.0,1.8345076226673136,0.0,0.0
LIPA,0.0,0.0,0.0,0.0,1.6239136317170886,0.0,0.0
IFI6,0.0,0.0,0.0,0.0,1.7444361931794554,0.0,0.0
HP,0.0,0.0,0.0,0.0,1.3856946609519925,0.0,0.0
SNX10,0.0,0.0,0.0,0.0,1.403851545364863,0.0,0.0
HEXB,0.0,0.0,0.0,0.0,1.5807154785683284,0.0,0.0
VMO1,0.0,0.0,0.0,0.0,1.2323314779936974,0.0,0.0
RBP4,0.0,0.0,0.0,0.0,1.0732064650778557,0.0,0.0
LAMP2,0.0,0.0,0.0,0.0,1.5095844702760752,0.0,0.0
SLC11A1,0.0,0.0,0.0,0.0,1.164829276339909,0.0,0.0
LINC01272,0.0,0.0,0.0,0.0,1.1112137155461135,0.0,0.0
PNPLA6,0.0,0.0,0.0,0.0,1.1546377522596272,0.0,0.0
SNX2,0.0,0.0,0.0,0.0,1.4471484372185668,0.0,0.0
DECR1,0.0,0.0,0.0,0.0,1.4510319767065567,0.0,0.0
PHLDA3,0.0,0.0,0.0,0.0,1.1663551671596937,0.0,0.0
HEXA,0.0,0.0,0.0,0.0,1.3290224870374239,0.0,0.0
CD163,0.0,0.0,0.0,0.0,0.9731515531624539,0.0,0.0
RETN,0.0,0.0,0.0,0.0,0.8425515752842915,0.0,0.0
FCGR1A,0.0,0.0,0.0,0.0,1.0005180707869845,0.0,0.0
GRINA,0.0,0.0,0.0,0.0,1.211408830907338,0.0,0.0
OSCAR,0.0,0.0,0.0,0.0,1.0017936153998228,0.0,0.0
PGD,0.0,0.0,0.0,0.0,1.144353669988183,0.0,0.0
CTSA,0.0,0.0,0.0,0.0,1.3231079728564,0.0,0.0
PPARG,0.0,0.0,0.0,0.0,0.9963146044626583,0.0,0.0
DNASE2,0.0,0.0,0.0,0.0,1.1468103469287891,0.0,0.0
IGSF6,0.0,0.0,0.0,0.0,0.9530567030767854,0.0,0.0
PTPMT1,0.0,0.0,0.0,0.0,1.2300227897234948,0.0,0.0
LYAR,0.0,0.0,0.0,0.0,1.087536226068903,0.0,0.0
ISG15,0.0,0.0,0.0,0.0,1.2658393604188738,0.0,0.0
C20orf27,0.0,0.0,0.0,0.0,1.033284977959614,0.0,0.0
PCOLCE2,0.0,0.0,0.0,0.0,0.9196034890070651,0.0,0.0
SCPEP1,0.0,0.0,0.0,0.0,1.2647083462245654,0.0,0.0
HNMT,0.0,0.0,0.0,0.0,1.0497998393001342,0.0,0.0
AKR1B1,0.0,0.0,0.0,0.0,1.138406808774216,0.0,0.0
OASL,0.0,0.0,0.0,0.0,0.9251106190171559,0.0,0.0
APIP,0.0,0.0,0.0,0.0,1.0751313261786406,0.0,0.0
GAA,0.0,0.0,0.0,0.0,0.9614254207756385,0.0,0.0
BLVRA,0.0,0.0,0.0,0.0,1.1771168491309563,0.0,0.0
AKR1A1,0.0,0.0,0.0,0.0,1.215815079022706,0.0,0.0
ATP6AP1,0.0,0.0,0.0,0.0,1.2020241140284011,0.0,0.0
CXCL3,0.0,0.0,0.0,0.0,0.7737512129745747,0.0,0.0
ETHE1,0.0,0.0,0.0,0.0,1.1070834970514296,0.0,0.0
ABCG1,0.0,0.0,0.0,0.0,0.8158925893230283,0.0,0.0
SCD,0.0,0.0,0.0,0.0,0.8195678497117643,0.0,0.0
SLC31A2,0.0,0.0,0.0,0.0,0.8575612860643006,0.0,0.0
UPP1,0.0,0.0,0.0,0.0,0.9859271362143152,0.0,0.0
RMDN3,0.0,0.0,0.0,0.0,0.9083632643085193,0.0,0.0
ARL4A,0.0,0.0,0.0,0.0,1.0608123916887284,0.0,0.0
LPL,0.0,0.0,0.0,0.0,0.8864637053612717,0.0,0.0
PLA2G16,0.0,0.0,0.0,0.0,1.2419319791237255,0.0,0.0
C2,0.0,0.0,0.0,0.0,1.0641912439884438,0.0,0.0
BLOC1S2,0.0,0.0,0.0,0.0,1.0362483601132684,0.0,0.0
NAPSB,0.0,0.0,0.0,0.0,0.8307577662344378,0.0,0.0
CREG1,0.0,0.0,0.0,0.0,1.0083919797306067,0.0,0.0
GPCPD1,0.0,0.0,0.0,0.0,0.8457010536606844,0.0,0.0
SMCO4,0.0,0.0,0.0,0.0,0.8726898112069535,0.0,0.0
RTN3,0.0,0.0,0.0,0.0,1.1733766214983015,0.0,0.0
ARL6IP1,0.0,0.0,0.0,0.0,1.3135047728456029,0.0,0.0
GPD1,0.0,0.0,0.0,0.0,0.7024502806477148,0.0,0.0
CD83,0.0,0.0,0.0,0.0,0.9027382418654814,0.0,0.0
GLA,0.0,0.0,0.0,0.0,0.8167023894552794,0.0,0.0
NCF4,0.0,0.0,0.0,0.0,0.7846693125923175,0.0,0.0
TFRC,0.0,0.0,0.0,0.0,0.6758570871073947,0.0,0.0
INHBA,0.0,0.0,0.0,0.0,0.5473820236486742,0.0,0.0
TRPV2,0.0,0.0,0.0,0.0,0.83706836163219,0.0,0.0
BCL2A1,0.0,0.0,0.0,0.0,0.7799690225865762,0.0,0.0
TREM2,0.0,0.0,0.0,0.0,0.5652447268076234,0.0,0.0
HLA-DQB2,0.0,0.0,0.0,0.0,0.7291633701846525,0.0,0.0
EIF4EBP1,0.0,0.0,0.0,0.0,0.8065341798330491,0.0,0.0
MFSD1,0.0,0.0,0.0,0.0,0.8558454145934212,0.0,0.0
CD58,0.0,0.0,0.0,0.0,0.9157211106568524,0.0,0.0
LAIR1,0.0,0.0,0.0,0.0,0.7661442045492567,0.0,0.0
AVPI1,0.0,0.0,0.0,0.0,0.7986747700423782,0.0,0.0
SPG21,0.0,0.0,0.0,0.0,0.9707172143128965,0.0,0.0
LPXN,0.0,0.0,0.0,0.0,0.7782985792806951,0.0,0.0
MCOLN1,0.0,0.0,0.0,0.0,0.7096985050809027,0.0,0.0
LOC101929371,0.0,0.0,0.0,0.0,0.5909447661132244,0.0,0.0
KYNU,0.0,0.0,0.0,0.0,0.641688140969747,0.0,0.0
SEPT11,0.0,0.0,0.0,0.0,0.8318554613640018,0.0,0.0
SCCPDH,0.0,0.0,0.0,0.0,0.8070608840989734,0.0,0.0
GLB1,0.0,0.0,0.0,0.0,0.7753380136507412,0.0,0.0
ABHD5,0.0,0.0,0.0,0.0,0.7333651946360011,0.0,0.0
FDX1,0.0,0.0,0.0,0.0,0.9697674778809019,0.0,0.0
DEFB1,0.0,0.0,0.0,0.0,0.4327221250866265,0.0,0.0
TWF2,0.0,0.0,0.0,0.0,0.9016353946041261,0.0,0.0
HMOX1,0.0,0.0,0.0,0.0,0.6668273441139811,0.0,0.0
ANPEP,0.0,0.0,0.0,0.0,0.5816140500437742,0.0,0.0
TGOLN2,0.0,0.0,0.0,0.0,0.9125198897946442,0.0,0.0
FERMT3,0.0,0.0,0.0,0.0,0.7944835948413411,0.0,0.0
EDEM2,0.0,0.0,0.0,0.0,0.7371628490729175,0.0,0.0
SLCO2B1,0.0,0.0,0.0,0.0,0.5988040633376465,0.0,0.0
CCL23,0.0,0.0,0.0,0.0,0.456116689388817,0.0,0.0
CORO1C,0.0,0.0,0.0,0.0,0.6988454890123683,0.0,0.0
FUOM,0.0,0.0,0.0,0.0,0.6492354084485557,0.0,0.0
DAB2,0.0,0.0,0.0,0.0,0.6909047478275725,0.0,0.0
ADAMTSL4,0.0,0.0,0.0,0.0,0.5631365860965755,0.0,0.0
LACTB,0.0,0.0,0.0,0.0,0.6904084759974009,0.0,0.0
C3AR1,0.0,0.0,0.0,0.0,0.6035900493597399,0.0,0.0
ERP44,0.0,0.0,0.0,0.0,1.0406591924235737,0.0,0.0
FUCA1,0.0,0.0,0.0,0.0,0.7656617889920541,0.0,0.0
CD300C,0.0,0.0,0.0,0.0,0.5754030364932605,0.0,0.0
STX11,0.0,0.0,0.0,0.0,0.7162021119889768,0.0,0.0
LRP1,0.0,0.0,0.0,0.0,0.6510083186162863,0.0,0.0
UBASH3B,0.0,0.0,0.0,0.0,0.5535343373366147,0.0,0.0
POR,0.0,0.0,0.0,0.0,0.8590490586202406,0.0,0.0
GGA2,0.0,0.0,0.0,0.0,0.6824224258232596,0.0,0.0
PLXDC2,0.0,0.0,0.0,0.0,0.655555272939457,0.0,0.0
SELPLG,0.0,0.0,0.0,0.0,0.6924728632806135,0.0,0.0
IL1B,0.0,0.0,0.0,0.0,0.33020378365216113,0.0,0.0
CD300LF,0.0,0.0,0.0,0.0,0.5450778894090448,0.0,0.0
TNNI2,0.0,0.0,0.0,0.0,0.5066606038616025,0.0,0.0
GUSB,0.0,0.0,0.0,0.0,0.748421115521601,0.0,0.0
HDDC2,0.0,0.0,0.0,0.0,0.8881724481709279,0.0,0.0
VDAC1,0.0,0.0,0.0,0.0,1.0045589626288545,0.0,0.0
NCKAP1L,0.0,0.0,0.0,0.0,0.580502896055311,0.0,0.0
PEPD,0.0,0.0,0.0,0.0,0.8041160908598816,0.0,0.0
RNPEP,0.0,0.0,0.0,0.0,0.7587728539890496,0.0,0.0
NAPRT,0.0,0.0,0.0,0.0,0.6431830423540238,0.0,0.0
AXL,0.0,0.0,0.0,0.0,0.5761186323138585,0.0,0.0
LILRB4,0.0,0.0,0.0,0.0,0.44537325872883415,0.0,0.0
RSU1,0.0,0.0,0.0,0.0,0.8514334205605016,0.0,0.0
TMED5,0.0,0.0,0.0,0.0,0.7146844695210625,0.0,0.0
SLC15A3,0.0,0.0,0.0,0.0,0.4965389263458217,0.0,0.0
RASGEF1B,0.0,0.0,0.0,0.0,0.4360959512206963,0.0,0.0
CCDC88A,0.0,0.0,0.0,0.0,0.5790511119842556,0.0,0.0
UBE2L6,0.0,0.0,0.0,0.0,0.9189690765138178,0.0,0.0
GGTA1P,0.0,0.0,0.0,0.0,0.53236483241727,0.0,0.0
NAA20,0.0,0.0,0.0,0.0,0.9105395650469503,0.0,0.0
SLC3A2,0.0,0.0,0.0,0.0,0.9732112998645359,0.0,0.0
SUMO3,0.0,0.0,0.0,0.0,0.9233748296062304,0.0,0.0
TUBB6,0.0,0.0,0.0,0.0,0.7202310582738916,0.0,0.0
RNF13,0.0,0.0,0.0,0.0,0.8800227901948905,0.0,0.0
ARHGAP18,0.0,0.0,0.0,0.0,0.8076112619582649,0.0,0.0
RND3,0.0,0.0,0.0,0.0,0.4158619185858659,0.0,0.0
SPN,0.0,0.0,0.0,0.0,0.5985086859734916,0.0,0.0
SIRPB1,0.0,0.0,0.0,0.0,0.4733958832079673,0.0,0.0
HADHB,0.0,0.0,0.0,0.0,0.9086494278882736,0.0,0.0
SPNS1,0.0,0.0,0.0,0.0,0.6407521608917366,0.0,0.0
PLEKHB2,0.0,0.0,0.0,0.0,0.702184785889332,0.0,0.0
SQRDL,0.0,0.0,0.0,0.0,0.8140679658882959,0.0,0.0
MX1,0.0,0.0,0.0,0.0,0.6385088499563738,0.0,0.0
MPP1,0.0,0.0,0.0,0.0,0.5564944640063574,0.0,0.0
PDXK,0.0,0.0,0.0,0.0,0.7134477385969018,0.0,0.0
RAB10,0.0,0.0,0.0,0.0,0.8405926056578217,0.0,0.0
TIMP2,0.0,0.0,0.0,0.0,0.5778527023288761,0.0,0.0
UNC93B1,0.0,0.0,0.0,0.0,0.6514256386236054,0.0,0.0
TUBA1C,0.0,0.0,0.0,0.0,0.7163805749657525,0.0,0.0
GM2A,0.0,0.0,0.0,0.0,0.4980409157995419,0.0,0.0
VAT1,0.0,0.0,0.0,0.0,0.6319991095873978,0.0,0.0
ACO1,0.0,0.0,0.0,0.0,0.4704690982141168,0.0,0.0
HBEGF,0.0,0.0,0.0,0.0,0.4918779855658787,0.0,0.0
SAMHD1,0.0,0.0,0.0,0.0,0.5657044495845015,0.0,0.0
ACAA2,0.0,0.0,0.0,0.0,0.7005791518746043,0.0,0.0
HACD4,0.0,0.0,0.0,0.0,0.5744687039482895,0.0,0.0
THBS1,0.0,0.0,0.0,0.0,0.5168985169238898,0.0,0.0
NANS,0.0,0.0,0.0,0.0,0.7089378578676692,0.0,0.0
SIRPA,0.0,0.0,0.0,0.0,0.4509899543784842,0.0,0.0
SECTM1,0.0,0.0,0.0,0.0,0.41875960389725714,0.0,0.0
MAP1LC3B,0.0,0.0,0.0,0.0,0.9517855852412069,0.0,0.0
FAM89A,0.0,0.0,0.0,0.0,0.4566040695993518,0.0,0.0
MMP19,0.0,0.0,0.0,0.0,0.3629273700224584,0.0,0.0
RGS19,0.0,0.0,0.0,0.0,0.5641096596452052,0.0,0.0
IFIT3,0.0,0.0,0.0,0.0,0.5542792166611322,0.0,0.0
TMBIM1,0.0,0.0,0.0,0.0,0.7584006437201761,0.0,0.0
TCN2,0.0,0.0,0.0,0.0,0.496149168376045,0.0,0.0
HTATIP2,0.0,0.0,0.0,0.0,0.6108513435883255,0.0,0.0
G6PD,0.0,0.0,0.0,0.0,0.5868105572753126,0.0,0.0
SLC31A1,0.0,0.0,0.0,0.0,0.46487866484643003,0.0,0.0
TGM2,0.0,0.0,0.0,0.0,0.5550050859323052,0.0,0.0
NECAP2,0.0,0.0,0.0,0.0,0.6554513713778404,0.0,0.0
KCNA3,0.0,0.0,0.0,0.0,0.4224458833000227,0.0,0.0
CD33,0.0,0.0,0.0,0.0,0.43373251483023273,0.0,0.0
OSBPL11,0.0,0.0,0.0,0.0,0.42705480970397924,0.0,0.0
MRPS15,0.0,0.0,0.0,0.0,0.7515978705482987,0.0,0.0
PPCS,0.0,0.0,0.0,0.0,0.830149257486786,0.0,0.0
ACER3,0.0,0.0,0.0,0.0,0.4812906822770514,0.0,0.0
GBP2,0.0,0.0,0.0,0.0,0.7138196181453231,0.0,0.0
KAT8,0.0,0.0,0.0,0.0,0.5182681479711254,0.0,0.0
AKIRIN2,0.0,0.0,0.0,0.0,0.7946831812484076,0.0,0.0
C8B,0.0,0.0,0.0,0.0,0.29342005440480234,0.0,0.0
CCT5,0.0,0.0,0.0,0.0,0.8056883910984423,0.0,0.0
FAM96A,0.0,0.0,0.0,0.0,0.6184332276209824,0.0,0.0
MME,0.0,0.0,0.0,0.0,0.35500290246474736,0.0,0.0
PPIC,0.0,0.0,0.0,0.0,0.6913520269911946,0.0,0.0
ALAS1,0.0,0.0,0.0,0.0,0.5197971543933328,0.0,0.0
TFPT,0.0,0.0,0.0,0.0,0.48368787447533823,0.0,0.0
RAB11FIP1,0.0,0.0,0.0,0.0,0.678453078539583,0.0,0.0
COMMD9,0.0,0.0,0.0,0.0,0.5428338039831643,0.0,0.0
NCEH1,0.0,0.0,0.0,0.0,0.39062802877165104,0.0,0.0
SLC27A3,0.0,0.0,0.0,0.0,0.5778641462056464,0.0,0.0
ECHDC1,0.0,0.0,0.0,0.0,0.7024502806477148,0.0,0.0
COLGALT1,0.0,0.0,0.0,0.0,0.4026681349578523,0.0,0.0
MPHOSPH6,0.0,0.0,0.0,0.0,0.5013550632362176,0.0,0.0
ARRDC4,0.0,0.0,0.0,0.0,0.34561946524968107,0.0,0.0
UBE2E2,0.0,0.0,0.0,0.0,0.5162982205914164,0.0,0.0
PSMA5,0.0,0.0,0.0,0.0,0.8817107127279029,0.0,0.0
OAS1,0.0,0.0,0.0,0.0,0.44131749061380793,0.0,0.0
PRDX4,0.0,0.0,0.0,0.0,0.7697775558738147,0.0,0.0
MPC1,0.0,0.0,0.0,0.0,0.7587879516669002,0.0,0.0
PTAFR,0.0,0.0,0.0,0.0,0.38149216218069776,0.0,0.0
IRF8,0.0,0.0,0.0,0.0,0.39733378728344926,0.0,0.0
SLC43A2,0.0,0.0,0.0,0.0,0.4296631868586112,0.0,0.0
ADPGK,0.0,0.0,0.0,0.0,0.49184095917872345,0.0,0.0
OPN3,0.0,0.0,0.0,0.0,0.3854969057487161,0.0,0.0
ATP6V1D,0.0,0.0,0.0,0.0,0.6579095890154268,0.0,0.0
STAC3,0.0,0.0,0.0,0.0,0.3657932140725864,0.0,0.0
HCAR2,0.0,0.0,0.0,0.0,0.32707613470640595,0.0,0.0
HK3,0.0,0.0,0.0,0.0,0.3436403076595824,0.0,0.0
TBXAS1,0.0,0.0,0.0,0.0,0.4451112602173734,0.0,0.0
EMILIN2,0.0,0.0,0.0,0.0,0.4134549508672437,0.0,0.0
HAVCR2,0.0,0.0,0.0,0.0,0.3998127762667793,0.0,0.0
MYD88,0.0,0.0,0.0,0.0,0.44102077939789014,0.0,0.0
DPEP2,0.0,0.0,0.0,0.0,0.417447055594177,0.0,0.0
ZBTB8OS,0.0,0.0,0.0,0.0,0.5347746809716544,0.0,0.0
CNDP2,0.0,0.0,0.0,0.0,0.6495411226600352,0.0,0.0
STX12,0.0,0.0,0.0,0.0,0.6468003730870541,0.0,0.0
SCIMP,0.0,0.0,0.0,0.0,0.355308823507689,0.0,0.0
P2RX4,0.0,0.0,0.0,0.0,0.4224458833000227,0.0,0.0
BHLHE41,0.0,0.0,0.0,0.0,0.2836967757782982,0.0,0.0
SVIL,0.0,0.0,0.0,0.0,0.4263708151088057,0.0,0.0
PRDX3,0.0,0.0,0.0,0.0,0.7874855302839477,0.0,0.0
BST1,0.0,0.0,0.0,0.0,0.3580085355841851,0.0,0.0
HIGD1A,0.0,0.0,0.0,0.0,0.7632388526335978,0.0,0.0
SORT1,0.0,0.0,0.0,0.0,0.4173321628759304,0.0,0.0
SPCS3,0.0,0.0,0.0,0.0,0.6764902851883529,0.0,0.0
IFI27L2,0.0,0.0,0.0,0.0,0.569060540264198,0.0,0.0
ZMYM6NB,0.0,0.0,0.0,0.0,0.9220821153749623,0.0,0.0
IFI35,0.0,0.0,0.0,0.0,0.6431830423540238,0.0,0.0
GNS,0.0,0.0,0.0,0.0,0.4515491881093143,0.0,0.0
ACP2,0.0,0.0,0.0,0.0,0.4168820487821499,0.0,0.0
IMPDH1,0.0,0.0,0.0,0.0,0.4304896574079449,0.0,0.0
NRBF2,0.0,0.0,0.0,0.0,0.46889629227772056,0.0,0.0
TXNDC12,0.0,0.0,0.0,0.0,0.6967835786717508,0.0,0.0
SDHB,0.0,0.0,0.0,0.0,0.7549184787427377,0.0,0.0
FAM162A,0.0,0.0,0.0,0.0,0.6476244247114731,0.0,0.0
TNFSF12,0.0,0.0,0.0,0.0,0.4716671035801512,0.0,0.0
CORO1B,0.0,0.0,0.0,0.0,0.7482685870427541,0.0,0.0
PLEK,0.0,0.0,0.0,0.0,0.45212022973651267,0.0,0.0
MAP2K1,0.0,0.0,0.0,0.0,0.5494893942103344,0.0,0.0
EML4,0.0,0.0,0.0,0.0,0.6170938870777176,0.0,0.0
AKR1C3,0.0,0.0,0.0,0.0,0.41875960389725714,0.0,0.0
PLA2G15,0.0,0.0,0.0,0.0,0.3385537259245469,0.0,0.0
AQP9,0.0,0.0,0.0,0.0,0.2538413016913095,0.0,0.0
CLEC4A,0.0,0.0,0.0,0.0,0.312726547566918,0.0,0.0
PSMD7,0.0,0.0,0.0,0.0,0.7658156821901708,0.0,0.0
GTF3C6,0.0,0.0,0.0,0.0,0.7146844695210625,0.0,0.0
COQ2,0.0,0.0,0.0,0.0,0.3798786889211723,0.0,0.0
GPR137B,0.0,0.0,0.0,0.0,0.38008327257777946,0.0,0.0
APOL4,0.0,0.0,0.0,0.0,0.3282677941130923,0.0,0.0
SLA,0.0,0.0,0.0,0.0,0.49629996833732487,0.0,0.0
ROGDI,0.0,0.0,0.0,0.0,0.4501640442504811,0.0,0.0
PAPSS1,0.0,0.0,0.0,0.0,0.5384019350453935,0.0,0.0
RBPJ,0.0,0.0,0.0,0.0,0.7514499015970758,0.0,0.0
LINC01420,0.0,0.0,0.0,0.0,0.72768475302582,0.0,0.0
GLDN,0.0,0.0,0.0,0.0,0.24790134881532674,0.0,0.0
TCF7L2,0.0,0.0,0.0,0.0,0.39734978414791056,0.0,0.0
PARVG,0.0,0.0,0.0,0.0,0.37888815877375104,0.0,0.0
DRAM2,0.0,0.0,0.0,0.0,0.5929529663511165,0.0,0.0
ARF3,0.0,0.0,0.0,0.0,0.6100249896855192,0.0,0.0
CCDC115,0.0,0.0,0.0,0.0,0.6644218097299243,0.0,0.0
C10orf128,0.0,0.0,0.0,0.0,0.3224269696633854,0.0,0.0
FAM3B,0.0,0.0,0.0,0.0,0.4193476332827399,0.0,0.0
NQO2,0.0,0.0,0.0,0.0,0.4667270538077325,0.0,0.0
ISOC2,0.0,0.0,0.0,0.0,0.509504678167081,0.0,0.0
FFAR4,0.0,0.0,0.0,0.0,0.2484275177783353,0.0,0.0
PDLIM7,0.0,0.0,0.0,0.0,0.47764692999579156,0.0,0.0
MRPL13,0.0,0.0,0.0,0.0,0.6064579495962088,0.0,0.0
PDCD6IP,0.0,0.0,0.0,0.0,0.5975875625015399,0.0,0.0
CSF2RA,0.0,0.0,0.0,0.0,0.30735399106593986,0.0,0.0
ASNA1,0.0,0.0,0.0,0.0,0.696034634703439,0.0,0.0
NCSTN,0.0,0.0,0.0,0.0,0.49191501764021045,0.0,0.0
VTI1B,0.0,0.0,0.0,0.0,0.541778992587247,0.0,0.0
MSRB1,0.0,0.0,0.0,0.0,0.38302301233228714,0.0,0.0
SDHD,0.0,0.0,0.0,0.0,0.7906894390198114,0.0,0.0
NDUFS3,0.0,0.0,0.0,0.0,0.6854984163074572,0.0,0.0
TMEM53,0.0,0.0,0.0,0.0,0.32819170027897465,0.0,0.0
CTNNB1,0.0,0.0,0.0,0.0,0.5446670787874085,0.0,0.0
TNFAIP8L2,0.0,0.0,0.0,0.0,0.29329870424632287,0.0,0.0
UBXN11,0.0,0.0,0.0,0.0,0.4053568041070588,0.0,0.0
MSRA,0.0,0.0,0.0,0.0,0.4269252345048701,0.0,0.0
EMC3,0.0,0.0,0.0,0.0,0.6233691394638504,0.0,0.0
COA6,0.0,0.0,0.0,0.0,0.39372025094644264,0.0,0.0
LILRB3,0.0,0.0,0.0,0.0,0.27392748299929515,0.0,0.0
IDS,0.0,0.0,0.0,0.0,0.6071318054169993,0.0,0.0
OS9,0.0,0.0,0.0,0.0,0.8121125865193981,0.0,0.0
SCARB2,0.0,0.0,0.0,0.0,0.535405100262589,0.0,0.0
PSMD14,0.0,0.0,0.0,0.0,0.5105457804764055,0.0,0.0
SH3GLB1,0.0,0.0,0.0,0.0,0.7290522563435933,0.0,0.0
FIBP,0.0,0.0,0.0,0.0,0.5977715535878233,0.0,0.0
RAB8A,0.0,0.0,0.0,0.0,0.5445910723622022,0.0,0.0
PSMG2,0.0,0.0,0.0,0.0,0.7631165997235696,0.0,0.0
APOBR,0.0,0.0,0.0,0.0,0.2813903857094781,0.0,0.0
BNIP2,0.0,0.0,0.0,0.0,0.5334018334499846,0.0,0.0
FCGR1B,0.0,0.0,0.0,0.0,0.20283528687297803,0.0,0.0
B3GNT5,0.0,0.0,0.0,0.0,0.2809844835219823,0.0,0.0
ITPK1,0.0,0.0,0.0,0.0,0.3055603262718673,0.0,0.0
FUCA2,0.0,0.0,0.0,0.0,0.40511541408686635,0.0,0.0
GLRX2,0.0,0.0,0.0,0.0,0.34342578339962704,0.0,0.0
SPPL2A,0.0,0.0,0.0,0.0,0.42686972670841394,0.0,0.0
ORMDL2,0.0,0.0,0.0,0.0,0.6293474717786691,0.0,0.0
RASGRP2,0.0,0.0,0.0,0.0,0.34561946524968107,0.0,0.0
FTH1P3,0.0,0.0,0.0,0.0,0.30067215331114827,0.0,0.0
ETFA,0.0,0.0,0.0,0.0,0.596742703242518,0.0,0.0
PNP,0.0,0.0,0.0,0.0,0.32230118369549643,0.0,0.0
NCOA4,0.0,0.0,0.0,0.0,0.5731321037904851,0.0,0.0
HSD17B10,0.0,0.0,0.0,0.0,0.6829553196099978,0.0,0.0
MTMR14,0.0,0.0,0.0,0.0,0.42467967305278975,0.0,0.0
MTCH2,0.0,0.0,0.0,0.0,0.5219895574948011,0.0,0.0
DOCK8,0.0,0.0,0.0,0.0,0.35107382257061615,0.0,0.0
BTF3L4,0.0,0.0,0.0,0.0,0.6031960217104505,0.0,0.0
GBP1,0.0,0.0,0.0,0.0,0.4102722014890335,0.0,0.0
CISD2,0.0,0.0,0.0,0.0,0.4998708976261246,0.0,0.0
COMMD5,0.0,0.0,0.0,0.0,0.4335287809581199,0.0,0.0
UBE2A,0.0,0.0,0.0,0.0,0.6295522031560998,0.0,0.0
PSMC2,0.0,0.0,0.0,0.0,0.6306395804433993,0.0,0.0
COLEC12,0.0,0.0,0.0,0.0,0.2656828774363089,0.0,0.0
ACAA1,0.0,0.0,0.0,0.0,0.5545630204608692,0.0,0.0
C19orf24,0.0,0.0,0.0,0.0,0.5955895958872193,0.0,0.0
PROCR,0.0,0.0,0.0,0.0,0.2792783557927017,0.0,0.0
MIIP,0.0,0.0,0.0,0.0,0.35281337064819723,0.0,0.0
SGMS2,0.0,0.0,0.0,0.0,0.3770233566273369,0.0,0.0
HSD3B7,0.0,0.0,0.0,0.0,0.239661754055129,0.0,0.0
PFKL,0.0,0.0,0.0,0.0,0.5164617963905859,0.0,0.0
CISD3,0.0,0.0,0.0,0.0,0.5851499968996436,0.0,0.0
FLVCR2,0.0,0.0,0.0,0.0,0.2184833639137825,0.0,0.0
GNA15,0.0,0.0,0.0,0.0,0.34626008945479453,0.0,0.0
RARA,0.0,0.0,0.0,0.0,0.43937646843544437,0.0,0.0
IDH1,0.0,0.0,0.0,0.0,0.34248744981594764,0.0,0.0
PLIN3,0.0,0.0,0.0,0.0,0.3819789126869153,0.0,0.0
SNX17,0.0,0.0,0.0,0.0,0.7296870066964077,0.0,0.0
LYSMD2,0.0,0.0,0.0,0.0,0.49127393243818074,0.0,0.0
HMOX2,0.0,0.0,0.0,0.0,0.5802431003372837,0.0,0.0
KCNAB2,0.0,0.0,0.0,0.0,0.3306555247328519,0.0,0.0
ODF3L1,0.0,0.0,0.0,0.0,0.17030800735260757,0.0,0.0
MMD,0.0,0.0,0.0,0.0,0.25833142835222805,0.0,0.0
APOL6,0.0,0.0,0.0,0.0,0.4150564436891161,0.0,0.0
TMEM74B,0.0,0.0,0.0,0.0,0.19243448882942768,0.0,0.0
IL18,0.0,0.0,0.0,0.0,0.312726547566918,0.0,0.0
PCMT1,0.0,0.0,0.0,0.0,0.815864452846716,0.0,0.0
TLR4,0.0,0.0,0.0,0.0,0.2553794745290756,0.0,0.0
FIG4,0.0,0.0,0.0,0.0,0.27199325240548144,0.0,0.0
PBDC1,0.0,0.0,0.0,0.0,0.45482918346140444,0.0,0.0
UBE2F,0.0,0.0,0.0,0.0,0.410904770140361,0.0,0.0
SMS,0.0,0.0,0.0,0.0,0.552833303214187,0.0,0.0
ENPP4,0.0,0.0,0.0,0.0,0.32239551388815496,0.0,0.0
SAMD9L,0.0,0.0,0.0,0.0,0.35723296769068397,0.0,0.0
OTUD1,0.0,0.0,0.0,0.0,0.2281279056809142,0.0,0.0
GPI,0.0,0.0,0.0,0.0,0.40514869193499276,0.0,0.0
SLC2A6,0.0,0.0,0.0,0.0,0.24470650195194912,0.0,0.0
UGP2,0.0,0.0,0.0,0.0,0.691153161953081,0.0,0.0
USP30-AS1,0.0,0.0,0.0,0.0,0.17738593350348114,0.0,0.0
SLFN11,0.0,0.0,0.0,0.0,0.24322905824051586,0.0,0.0
MSRB2,0.0,0.0,0.0,0.0,0.5091644938159142,0.0,0.0
PLAU,0.0,0.0,0.0,0.0,0.1515432506920754,0.0,0.0
ALDH3A2,0.0,0.0,0.0,0.0,0.43494620169001535,0.0,0.0
ATP2C1,0.0,0.0,0.0,0.0,0.38166164476279274,0.0,0.0
CCDC109B,0.0,0.0,0.0,0.0,0.3573878094735309,0.0,0.0
WDR61,0.0,0.0,0.0,0.0,0.5263323680069784,0.0,0.0
CACYBP,0.0,0.0,0.0,0.0,0.6319027823481694,0.0,0.0
MAPKAPK3,0.0,0.0,0.0,0.0,0.3684510139839747,0.0,0.0
EPSTI1,0.0,0.0,0.0,0.0,0.32055051687362823,0.0,0.0
MARCH2,0.0,0.0,0.0,0.0,0.35628109820130244,0.0,0.0
TMC6,0.0,0.0,0.0,0.0,0.4208520241168562,0.0,0.0
MOB3B,0.0,0.0,0.0,0.0,0.17847150799111464,0.0,0.0
GK,0.0,0.0,0.0,0.0,0.2685393838388238,0.0,0.0
CTBS,0.0,0.0,0.0,0.0,0.35391104295526404,0.0,0.0
ACAP2,0.0,0.0,0.0,0.0,0.3948857460907552,0.0,0.0
IFIT2,0.0,0.0,0.0,0.0,0.2079050902391954,0.0,0.0
ACOT4,0.0,0.0,0.0,0.0,0.21570138677625275,0.0,0.0
FMNL1,0.0,0.0,0.0,0.0,0.39257731329151646,0.0,0.0
ARHGAP30,0.0,0.0,0.0,0.0,0.43917058015037663,0.0,0.0
DLD,0.0,0.0,0.0,0.0,0.44347584345187285,0.0,0.0
ATP6V1H,0.0,0.0,0.0,0.0,0.37561191471501343,0.0,0.0
HVCN1,0.0,0.0,0.0,0.0,0.2504602141059572,0.0,0.0
B3GNT7,0.0,0.0,0.0,0.0,0.2579294159060363,0.0,0.0
ADAM17,0.0,0.0,0.0,0.0,0.27481378701722026,0.0,0.0
UBE2D1,0.0,0.0,0.0,0.0,0.3937987810580516,0.0,0.0
SAMM50,0.0,0.0,0.0,0.0,0.3947120547335813,0.0,0.0
SHKBP1,0.0,0.0,0.0,0.0,0.4842850022474366,0.0,0.0
IVNS1ABP,0.0,0.0,0.0,0.0,0.4073068834299656,0.0,0.0
MYO1G,0.0,0.0,0.0,0.0,0.34626008945479453,0.0,0.0
TMEM33,0.0,0.0,0.0,0.0,0.42186105120124534,0.0,0.0
SLC25A24,0.0,0.0,0.0,0.0,0.3288669153513362,0.0,0.0
DPH3,0.0,0.0,0.0,0.0,0.3551557964173107,0.0,0.0
VPS35,0.0,0.0,0.0,0.0,0.5722053253227982,0.0,0.0
PYGL,0.0,0.0,0.0,0.0,0.22091120313093973,0.0,0.0
UROD,0.0,0.0,0.0,0.0,0.4414164845296158,0.0,0.0
TMEM251,0.0,0.0,0.0,0.0,0.30343001399390596,0.0,0.0
ANAPC15,0.0,0.0,0.0,0.0,0.38257060143394317,0.0,0.0
LSM10,0.0,0.0,0.0,0.0,0.45991642771233465,0.0,0.0
MAN1A1,0.0,0.0,0.0,0.0,0.2756294062957641,0.0,0.0
MOB1A,0.0,0.0,0.0,0.0,0.31097163585127735,0.0,0.0
C1D,0.0,0.0,0.0,0.0,0.6050393661256476,0.0,0.0
TNFAIP2,0.0,0.0,0.0,0.0,0.2202029821987236,0.0,0.0
BCKDK,0.0,0.0,0.0,0.0,0.3748639824712296,0.0,0.0
ITPA,0.0,0.0,0.0,0.0,0.4804656124111883,0.0,0.0
APH1B,0.0,0.0,0.0,0.0,0.26106461766903416,0.0,0.0
SNAPIN,0.0,0.0,0.0,0.0,0.4566040695993518,0.0,0.0
ABHD12,0.0,0.0,0.0,0.0,0.33568552628385384,0.0,0.0
KCTD12,0.0,0.0,0.0,0.0,0.35971374389886185,0.0,0.0
SP110,0.0,0.0,0.0,0.0,0.4465662800474814,0.0,0.0
DENND5A,0.0,0.0,0.0,0.0,0.20283528687297803,0.0,0.0
FKBP15,0.0,0.0,0.0,0.0,0.21923839966274475,0.0,0.0
PHYH,0.0,0.0,0.0,0.0,0.31019372107287224,0.0,0.0
COPRS,0.0,0.0,0.0,0.0,0.4075425087547461,0.0,0.0
VMA21,0.0,0.0,0.0,0.0,0.34770724794291596,0.0,0.0
FAM50A,0.0,0.0,0.0,0.0,0.53236483241727,0.0,0.0
MRPL34,0.0,0.0,0.0,0.0,0.5869080179617923,0.0,0.0
SLC35F6,0.0,0.0,0.0,0.0,0.27530104923111387,0.0,0.0
HAGH,0.0,0.0,0.0,0.0,0.5722053253227982,0.0,0.0
TRAPPC3,0.0,0.0,0.0,0.0,0.5620642306314286,0.0,0.0
DOCK11,0.0,0.0,0.0,0.0,0.24689858396735168,0.0,0.0
MAPRE1,0.0,0.0,0.0,0.0,0.5533510555673834,0.0,0.0
RABGGTB,0.0,0.0,0.0,0.0,0.4041693192400865,0.0,0.0
DOK1,0.0,0.0,0.0,0.0,0.261910439951566,0.0,0.0
S1PR4,0.0,0.0,0.0,0.0,0.35564083977810584,0.0,0.0
C7orf50,0.0,0.0,0.0,0.0,0.6226876369971939,0.0,0.0
MTX1,0.0,0.0,0.0,0.0,0.4253030717177102,0.0,0.0
ADRM1,0.0,0.0,0.0,0.0,0.7324572127800333,0.0,0.0
SMIM14,0.0,0.0,0.0,0.0,0.4916682445298861,0.0,0.0
SNF8,0.0,0.0,0.0,0.0,0.5739942401583377,0.0,0.0
YWHAG,0.0,0.0,0.0,0.0,0.34498123055448765,0.0,0.0
DPYSL2,0.0,0.0,0.0,0.0,0.5143705839720855,0.0,0.0
SDF2L1,0.0,0.0,0.0,0.0,0.5459014185781307,0.0,0.0
SYK,0.0,0.0,0.0,0.0,0.22151556548739879,0.0,0.0
DCTN6,0.0,0.0,0.0,0.0,0.5694433676721856,0.0,0.0
MIS18BP1,0.0,0.0,0.0,0.0,0.31633732821215704,0.0,0.0
SPATS2L,0.0,0.0,0.0,0.0,0.4148468400331404,0.0,0.0
HADH,0.0,0.0,0.0,0.0,0.36480818911033547,0.0,0.0
C14orf119,0.0,0.0,0.0,0.0,0.6154476460188276,0.0,0.0
CCDC90B,0.0,0.0,0.0,0.0,0.38440172576800424,0.0,0.0
PDIA4,0.0,0.0,0.0,0.0,0.5865095255203518,0.0,0.0
NEU1,0.0,0.0,0.0,0.0,0.39734978414791056,0.0,0.0
SLC6A6,0.0,0.0,0.0,0.0,0.29329870424632287,0.0,0.0
CCDC53,0.0,0.0,0.0,0.0,0.45765659934627967,0.0,0.0
NAGA,0.0,0.0,0.0,0.0,0.2582643387920848,0.0,0.0
OGFR,0.0,0.0,0.0,0.0,0.4138541478201949,0.0,0.0
REEP3,0.0,0.0,0.0,0.0,0.3795868128800215,0.0,0.0
TIMM8B,0.0,0.0,0.0,0.0,0.5780702156720078,0.0,0.0
CBX3,0.0,0.0,0.0,0.0,0.534386923104388,0.0,0.0
DCTPP1,0.0,0.0,0.0,0.0,0.37504890389366574,0.0,0.0
NARS,0.0,0.0,0.0,0.0,0.5066737163894947,0.0,0.0
SKAP2,0.0,0.0,0.0,0.0,0.4379490995216589,0.0,0.0
TMEM70,0.0,0.0,0.0,0.0,0.42179784318309943,0.0,0.0
SURF1,0.0,0.0,0.0,0.0,0.4550502762750591,0.0,0.0
SNX6,0.0,0.0,0.0,0.0,0.5157537319785498,0.0,0.0
DERL1,0.0,0.0,0.0,0.0,0.47912808021062836,0.0,0.0
FAM173A,0.0,0.0,0.0,0.0,0.42460645396073243,0.0,0.0
PIGT,0.0,0.0,0.0,0.0,0.5578004208930065,0.0,0.0
TLN1,0.0,0.0,0.0,0.0,0.5122966055770996,0.0,0.0
FBXO6,0.0,0.0,0.0,0.0,0.24035632931303877,0.0,0.0
GNB1,0.0,0.0,0.0,0.0,0.44189228423878935,0.0,0.0
VRK2,0.0,0.0,0.0,0.0,0.1753402893177554,0.0,0.0
MIF4GD,0.0,0.0,0.0,0.0,0.37615516175865427,0.0,0.0
PAK2,0.0,0.0,0.0,0.0,0.4474398717138812,0.0,0.0
CCRL2,0.0,0.0,0.0,0.0,0.18193239154848406,0.0,0.0
PPA2,0.0,0.0,0.0,0.0,0.4892387475599495,0.0,0.0
DESI1,0.0,0.0,0.0,0.0,0.2999089802515449,0.0,0.0
RPS6KA1,0.0,0.0,0.0,0.0,0.31521123098110615,0.0,0.0
IFIT1,0.0,0.0,0.0,0.0,0.24939280470571376,0.0,0.0
CTDNEP1,0.0,0.0,0.0,0.0,0.3700922315421515,0.0,0.0
OSTM1,0.0,0.0,0.0,0.0,0.3236797287761537,0.0,0.0
AZI2,0.0,0.0,0.0,0.0,0.3291837049818544,0.0,0.0
CKS1B,0.0,0.0,0.0,0.0,0.37667846395259896,0.0,0.0
ZMPSTE24,0.0,0.0,0.0,0.0,0.32459121428420606,0.0,0.0
NFU1,0.0,0.0,0.0,0.0,0.4677125578211516,0.0,0.0
DIAPH1,0.0,0.0,0.0,0.0,0.3642707207152344,0.0,0.0
TBC1D10C,0.0,0.0,0.0,0.0,0.40939501449770627,0.0,0.0
PPP1R7,0.0,0.0,0.0,0.0,0.5786778538504987,0.0,0.0
NDUFA9,0.0,0.0,0.0,0.0,0.49092943818578416,0.0,0.0
JOSD2,0.0,0.0,0.0,0.0,0.41118749973511914,0.0,0.0
SUMF2,0.0,0.0,0.0,0.0,0.4182264817378022,0.0,0.0
PSMF1,0.0,0.0,0.0,0.0,0.5328779707961858,0.0,0.0
EMC10,0.0,0.0,0.0,0.0,0.513722310696501,0.0,0.0
PCK2,0.0,0.0,0.0,0.0,0.22266458587039212,0.0,0.0
ZMAT2,0.0,0.0,0.0,0.0,0.5166527687751845,0.0,0.0
MINK1,0.0,0.0,0.0,0.0,0.18820960485912702,0.0,0.0
PARP9,0.0,0.0,0.0,0.0,0.3315072961676095,0.0,0.0
STX7,0.0,0.0,0.0,0.0,0.3708418735482521,0.0,0.0
DEGS1,0.0,0.0,0.0,0.0,0.5829916763404386,0.0,0.0
TXNRD2,0.0,0.0,0.0,0.0,0.24839030280686708,0.0,0.0
GABARAPL1,0.0,0.0,0.0,0.0,0.47835718224750745,0.0,0.0
VAMP3,0.0,0.0,0.0,0.0,0.5303607420835912,0.0,0.0
PNPLA2,0.0,0.0,0.0,0.0,0.46487866484643003,0.0,0.0
MCTS1,0.0,0.0,0.0,0.0,0.4715991260695871,0.0,0.0
NIT2,0.0,0.0,0.0,0.0,0.35500290246474736,0.0,0.0
CMTM7,0.0,0.0,0.0,0.0,0.40714715206214086,0.0,0.0
TTC1,0.0,0.0,0.0,0.0,0.47028880534390766,0.0,0.0
UQCC2,0.0,0.0,0.0,0.0,0.3744521295053676,0.0,0.0
STAT1,0.0,0.0,0.0,0.0,0.3511485530253738,0.0,0.0
DDA1,0.0,0.0,0.0,0.0,0.3563837558034477,0.0,0.0
CLIC4,0.0,0.0,0.0,0.0,0.44121854180745296,0.0,0.0
COMMD4,0.0,0.0,0.0,0.0,0.39477519731622956,0.0,0.0
ACADS,0.0,0.0,0.0,0.0,0.30054468616234875,0.0,0.0
HCFC1R1,0.0,0.0,0.0,0.0,0.44969053723454977,0.0,0.0
SRP72,0.0,0.0,0.0,0.0,0.5216553168586762,0.0,0.0
GTF2B,0.0,0.0,0.0,0.0,0.44535309386705374,0.0,0.0
TMEM126A,0.0,0.0,0.0,0.0,0.3628940810087389,0.0,0.0
EIF4E2,0.0,0.0,0.0,0.0,0.44612066574922155,0.0,0.0
LYPLA1,0.0,0.0,0.0,0.0,0.4566252840809008,0.0,0.0
SLC25A11,0.0,0.0,0.0,0.0,0.47165199574190847,0.0,0.0
RAB20,0.0,0.0,0.0,0.0,0.2527704788102032,0.0,0.0
ZDHHC24,0.0,0.0,0.0,0.0,0.2346722690658001,0.0,0.0
MGMT,0.0,0.0,0.0,0.0,0.5473820236486742,0.0,0.0
SOAT1,0.0,0.0,0.0,0.0,0.180040536159527,0.0,0.0
TAF10,0.0,0.0,0.0,0.0,0.28426509541313905,0.0,0.0
CLTC,0.0,0.0,0.0,0.0,0.3958835146121549,0.0,0.0
PARVB,0.0,0.0,0.0,0.0,0.3111228119123683,0.0,0.0
PPP2R3C,0.0,0.0,0.0,0.0,0.3118318976729148,0.0,0.0
ATP6V1A,0.0,0.0,0.0,0.0,0.25478415057948484,0.0,0.0
NCK1,0.0,0.0,0.0,0.0,0.34876072267365094,0.0,0.0
IRF9,0.0,0.0,0.0,0.0,0.6335583154563175,0.0,0.0
FAM49A,0.0,0.0,0.0,0.0,0.18209849745092163,0.0,0.0
SEL1L,0.0,0.0,0.0,0.0,0.27830050550523355,0.0,0.0
TXNL4A,0.0,0.0,0.0,0.0,0.5226453824893502,0.0,0.0
MRPL15,0.0,0.0,0.0,0.0,0.32230118369549643,0.0,0.0
LAMTOR3,0.0,0.0,0.0,0.0,0.33013777965351593,0.0,0.0
SARNP,0.0,0.0,0.0,0.0,0.5995253049856891,0.0,0.0
CPPED1,0.0,0.0,0.0,0.0,0.23591814236118758,0.0,0.0
TMED3,0.0,0.0,0.0,0.0,0.31875743200620815,0.0,0.0
UQCRC2,0.0,0.0,0.0,0.0,0.6938729698876649,0.0,0.0
LLPH,0.0,0.0,0.0,0.0,0.3593609468231925,0.0,0.0
CD40,0.0,0.0,0.0,0.0,0.34561946524968107,0.0,0.0
MRPS16,0.0,0.0,0.0,0.0,0.40194633356925635,0.0,0.0
TBCB,0.0,0.0,0.0,0.0,0.7720407215887568,0.0,0.0
IGFLR1,0.0,0.0,0.0,0.0,0.30395978097663917,0.0,0.0
SRD5A3,0.0,0.0,0.0,0.0,0.23474421277158586,0.0,0.0
IDH3G,0.0,0.0,0.0,0.0,0.5469114238426236,0.0,0.0
MRPS7,0.0,0.0,0.0,0.0,0.5310238467685229,0.0,0.0
RPL26L1,0.0,0.0,0.0,0.0,0.39257731329151646,0.0,0.0
IL10RB,0.0,0.0,0.0,0.0,0.36069741971408553,0.0,0.0
STX4,0.0,0.0,0.0,0.0,0.31893172627939914,0.0,0.0
ZCRB1,0.0,0.0,0.0,0.0,0.49748447904741844,0.0,0.0
PSMC1,0.0,0.0,0.0,0.0,0.6561645249370007,0.0,0.0
G6PC3,0.0,0.0,0.0,0.0,0.26530001384969826,0.0,0.0
IQSEC1,0.0,0.0,0.0,0.0,0.20466402462369282,0.0,0.0
MESDC2,0.0,0.0,0.0,0.0,0.5442164251992483,0.0,0.0
APEX1,0.0,0.0,0.0,0.0,0.5866157357425993,0.0,0.0
CHMP4A,0.0,0.0,0.0,0.0,0.5401000001303735,0.0,0.0
P4HA1,0.0,0.0,0.0,0.0,0.2386159788760751,0.0,0.0
CRTAP,0.0,0.0,0.0,0.0,0.33967995635412535,0.0,0.0
TEX264,0.0,0.0,0.0,0.0,0.5197971543933328,0.0,0.0
MRPS35,0.0,0.0,0.0,0.0,0.36457284950184043,0.0,0.0
ACOT9,0.0,0.0,0.0,0.0,0.2863136577330508,0.0,0.0
MRPL11,0.0,0.0,0.0,0.0,0.42822458970418564,0.0,0.0
CHMP2B,0.0,0.0,0.0,0.0,0.4662248187923174,0.0,0.0
VOPP1,0.0,0.0,0.0,0.0,0.31741059727347243,0.0,0.0
CHID1,0.0,0.0,0.0,0.0,0.4120036255163986,0.0,0.0
RUNX1,0.0,0.0,0.0,0.0,0.2752934223873321,0.0,0.0
GYG1,0.0,0.0,0.0,0.0,0.41093045653797317,0.0,0.0
PSMD1,0.0,0.0,0.0,0.0,0.34244007695049483,0.0,0.0
TOMM40,0.0,0.0,0.0,0.0,0.2883502983369867,0.0,0.0
RABGGTA,0.0,0.0,0.0,0.0,0.22357940450371455,0.0,0.0
HSPH1,0.0,0.0,0.0,0.0,0.3374924928054572,0.0,0.0
FBXL5,0.0,0.0,0.0,0.0,0.40630018122558587,0.0,0.0
COMMD1,0.0,0.0,0.0,0.0,0.395597917067255,0.0,0.0
MRPL27,0.0,0.0,0.0,0.0,0.4820949490766595,0.0,0.0
OTUB1,0.0,0.0,0.0,0.0,0.4674008885612076,0.0,0.0
UFD1L,0.0,0.0,0.0,0.0,0.40673579879912153,0.0,0.0
APBB1IP,0.0,0.0,0.0,0.0,0.28930793917042774,0.0,0.0
MTIF3,0.0,0.0,0.0,0.0,0.4401921406548747,0.0,0.0
MLX,0.0,0.0,0.0,0.0,0.29427234563358706,0.0,0.0
MRPS23,0.0,0.0,0.0,0.0,0.3680258839468205,0.0,0.0
PTPN12,0.0,0.0,0.0,0.0,0.2831146001100735,0.0,0.0
ESYT1,0.0,0.0,0.0,0.0,0.3367925441191469,0.0,0.0
ACYP2,0.0,0.0,0.0,0.0,0.22642634346618692,0.0,0.0
PLEC,0.0,0.0,0.0,0.0,0.30946798052597463,0.0,0.0
RBM47,0.0,0.0,0.0,0.0,0.25863376562317586,0.0,0.0
CNIH1,0.0,0.0,0.0,0.0,0.49713104310923323,0.0,0.0
ARL8B,0.0,0.0,0.0,0.0,0.30311489771144945,0.0,0.0
TIMM17A,0.0,0.0,0.0,0.0,0.380933214550363,0.0,0.0
FUNDC2,0.0,0.0,0.0,0.0,0.49234335683676517,0.0,0.0
DNAJC3,0.0,0.0,0.0,0.0,0.5438625149838976,0.0,0.0
TOM1,0.0,0.0,0.0,0.0,0.2531500305155156,0.0,0.0
UCHL3,0.0,0.0,0.0,0.0,0.27472261851684765,0.0,0.0
SSR1,0.0,0.0,0.0,0.0,0.5424415260831623,0.0,0.0
MRPS18C,0.0,0.0,0.0,0.0,0.4651648861874671,0.0,0.0
DGUOK,0.0,0.0,0.0,0.0,0.6174216028982038,0.0,0.0
STIP1,0.0,0.0,0.0,0.0,0.3657932140725864,0.0,0.0
TXNL1,0.0,0.0,0.0,0.0,0.563870148586636,0.0,0.0
RALBP1,0.0,0.0,0.0,0.0,0.3761480034493292,0.0,0.0
RAB32,0.0,0.0,0.0,0.0,0.3186242777208069,0.0,0.0
PDCD10,0.0,0.0,0.0,0.0,0.46069275976049145,0.0,0.0
SEPHS2,0.0,0.0,0.0,0.0,0.374239461146511,0.0,0.0
DNAJC7,0.0,0.0,0.0,0.0,0.4356520211170938,0.0,0.0
CMAS,0.0,0.0,0.0,0.0,0.29427234563358706,0.0,0.0
MRPL40,0.0,0.0,0.0,0.0,0.4430264971981657,0.0,0.0
PSMC4,0.0,0.0,0.0,0.0,0.506202101659064,0.0,0.0
PTGER4,0.0,0.0,0.0,0.0,0.34644183390306005,0.0,0.0
TMEM261,0.0,0.0,0.0,0.0,0.452421916237171,0.0,0.0
IL13RA1,0.0,0.0,0.0,0.0,0.284868388343561,0.0,0.0
RPN1,0.0,0.0,0.0,0.0,0.5927539262261633,0.0,0.0
IER5,0.0,0.0,0.0,0.0,0.24212826881323402,0.0,0.0
GDE1,0.0,0.0,0.0,0.0,0.3317959083067201,0.0,0.0
XRN2,0.0,0.0,0.0,0.0,0.5109856749827216,0.0,0.0
MRPS12,0.0,0.0,0.0,0.0,0.3796451517711231,0.0,0.0
AUP1,0.0,0.0,0.0,0.0,0.6237104684369695,0.0,0.0
RILP,0.0,0.0,0.0,0.0,0.25989101293988864,0.0,0.0
AP1S1,0.0,0.0,0.0,0.0,0.3038387929037564,0.0,0.0
HEBP1,0.0,0.0,0.0,0.0,0.38087447437117544,0.0,0.0
PICALM,0.0,0.0,0.0,0.0,0.35057643955101353,0.0,0.0
DUSP3,0.0,0.0,0.0,0.0,0.1801413496999724,0.0,0.0
ACAT1,0.0,0.0,0.0,0.0,0.418599522514671,0.0,0.0
COMMD10,0.0,0.0,0.0,0.0,0.2597416656791913,0.0,0.0
SPINT1,0.0,0.0,0.0,0.0,0.2992850018636202,0.0,0.0
PQLC3,0.0,0.0,0.0,0.0,0.31668078619338663,0.0,0.0
VPS26A,0.0,0.0,0.0,0.0,0.36490241099125104,0.0,0.0
PAFAH1B2,0.0,0.0,0.0,0.0,0.3309426415210437,0.0,0.0
NME1,0.0,0.0,0.0,0.0,0.2974019297631144,0.0,0.0
TSG101,0.0,0.0,0.0,0.0,0.5558808205441309,0.0,0.0
NTAN1,0.0,0.0,0.0,0.0,0.21980933660386867,0.0,0.0
IMMT,0.0,0.0,0.0,0.0,0.3419434596272411,0.0,0.0
ADAM10,0.0,0.0,0.0,0.0,0.2319978827912648,0.0,0.0
TRIM22,0.0,0.0,0.0,0.0,0.3026526876286844,0.0,0.0
TIMM10,0.0,0.0,0.0,0.0,0.31093264671177523,0.0,0.0
CYB561D2,0.0,0.0,0.0,0.0,0.31774622884406334,0.0,0.0
LMBRD1,0.0,0.0,0.0,0.0,0.3708418735482521,0.0,0.0
ZDHHC3,0.0,0.0,0.0,0.0,0.3760979030012843,0.0,0.0
SDF4,0.0,0.0,0.0,0.0,0.5468501023873188,0.0,0.0
LYPLAL1,0.0,0.0,0.0,0.0,0.24347305968930963,0.0,0.0
CPE,0.0,0.0,0.0,0.0,0.23651235170163723,0.0,0.0
PFDN6,0.0,0.0,0.0,0.0,0.35581987761899897,0.0,0.0
FLII,0.0,0.0,0.0,0.0,0.2999089802515449,0.0,0.0
ORAI1,0.0,0.0,0.0,0.0,0.24824155492350763,0.0,0.0
CHURC1,0.0,0.0,0.0,0.0,0.616465677574072,0.0,0.0
PSMD3,0.0,0.0,0.0,0.0,0.4240946369430328,0.0,0.0
PGM1,0.0,0.0,0.0,0.0,0.2766500304573049,0.0,0.0
PRPF40A,0.0,0.0,0.0,0.0,0.5058881896451074,0.0,0.0
ANP32A,0.0,0.0,0.0,0.0,0.5117607026479104,0.0,0.0
CMC2,0.0,0.0,0.0,0.0,0.2705273808255305,0.0,0.0
POP4,0.0,0.0,0.0,0.0,0.3253155982002237,0.0,0.0
ACOT13,0.0,0.0,0.0,0.0,0.25147325928505193,0.0,0.0
FEZ2,0.0,0.0,0.0,0.0,0.3871060482608181,0.0,0.0
PSMD9,0.0,0.0,0.0,0.0,0.49917032839136033,0.0,0.0
STX10,0.0,0.0,0.0,0.0,0.35434189621103146,0.0,0.0
GRHPR,0.0,0.0,0.0,0.0,0.3928975960072114,0.0,0.0
SRA1,0.0,0.0,0.0,0.0,0.4042686971977557,0.0,0.0
USF2,0.0,0.0,0.0,0.0,0.32684962766071574,0.0,0.0
JKAMP,0.0,0.0,0.0,0.0,0.3609474815333022,0.0,0.0
TDP2,0.0,0.0,0.0,0.0,0.2277417767776025,0.0,0.0
AGTRAP,0.0,0.0,0.0,0.0,0.44672854606551365,0.0,0.0
TOMM22,0.0,0.0,0.0,0.0,0.5845869025959876,0.0,0.0
TMEM30A,0.0,0.0,0.0,0.0,0.40896208544452445,0.0,0.0
MPV17,0.0,0.0,0.0,0.0,0.2591189882323375,0.0,0.0
ARRB1,0.0,0.0,0.0,0.0,0.321746811054654,0.0,0.0
C1GALT1C1,0.0,0.0,0.0,0.0,0.2863054042684258,0.0,0.0
KARS,0.0,0.0,0.0,0.0,0.4225787546404918,0.0,0.0
ATL3,0.0,0.0,0.0,0.0,0.1878868602440875,0.0,0.0
CCDC50,0.0,0.0,0.0,0.0,0.31974421067477177,0.0,0.0
TAPBPL,0.0,0.0,0.0,0.0,0.24828492122202864,0.0,0.0
MAP7D1,0.0,0.0,0.0,0.0,0.40808212017046547,0.0,0.0
HAT1,0.0,0.0,0.0,0.0,0.340696535478642,0.0,0.0
NMI,0.0,0.0,0.0,0.0,0.31673135815847897,0.0,0.0
MAPK1,0.0,0.0,0.0,0.0,0.3625748203099331,0.0,0.0
UTP18,0.0,0.0,0.0,0.0,0.21361531707219283,0.0,0.0
TMEM165,0.0,0.0,0.0,0.0,0.5227571801559481,0.0,0.0
NUDT1,0.0,0.0,0.0,0.0,0.16991639968499947,0.0,0.0
PSMB4,0.0,0.0,0.0,0.0,0.47929192965116757,0.0,0.0
COA4,0.0,0.0,0.0,0.0,0.3684853419499168,0.0,0.0
CHCHD1,0.0,0.0,0.0,0.0,0.36276098666721657,0.0,0.0
NDUFS2,0.0,0.0,0.0,0.0,0.5492830651786134,0.0,0.0
NDUFV3,0.0,0.0,0.0,0.0,0.33916815290644176,0.0,0.0
PSMD6,0.0,0.0,0.0,0.0,0.4606063689626404,0.0,0.0
CLNS1A,0.0,0.0,0.0,0.0,0.4682255056683647,0.0,0.0
IMP4,0.0,0.0,0.0,0.0,0.22760642132910802,0.0,0.0
SIL1,0.0,0.0,0.0,0.0,0.3146412260795911,0.0,0.0
PCGF5,0.0,0.0,0.0,0.0,0.262984195739745,0.0,0.0
CDV3,0.0,0.0,0.0,0.0,0.342914401932962,0.0,0.0
SUGT1,0.0,0.0,0.0,0.0,0.3460906349742585,0.0,0.0
SNRNP25,0.0,0.0,0.0,0.0,0.1515432506920754,0.0,0.0
ETF1,0.0,0.0,0.0,0.0,0.3108011310955237,0.0,0.0
DEDD2,0.0,0.0,0.0,0.0,0.1434462923573122,0.0,0.0
ADSL,0.0,0.0,0.0,0.0,0.24459822489269933,0.0,0.0
SAR1B,0.0,0.0,0.0,0.0,0.3154618905946922,0.0,0.0
GRK6,0.0,0.0,0.0,0.0,0.23297516818001618,0.0,0.0
RNF213,0.0,0.0,0.0,0.0,0.34369994577081786,0.0,0.0
C6orf62,0.0,0.0,0.0,0.0,0.452421916237171,0.0,0.0
NDUFAF1,0.0,0.0,0.0,0.0,0.22343393026077274,0.0,0.0
CCND3,0.0,0.0,0.0,0.0,0.6903340991295541,0.0,0.0
HK1,0.0,0.0,0.0,0.0,0.21745308111215536,0.0,0.0
RTCB,0.0,0.0,0.0,0.0,0.3609474815333022,0.0,0.0
CYB5R1,0.0,0.0,0.0,0.0,0.33647223662121295,0.0,0.0
UBE2N,0.0,0.0,0.0,0.0,0.6550286954612139,0.0,0.0
DNAJB12,0.0,0.0,0.0,0.0,0.26049013311010616,0.0,0.0
PEX16,0.0,0.0,0.0,0.0,0.276081227599306,0.0,0.0
TRADD,0.0,0.0,0.0,0.0,0.3745088823713433,0.0,0.0
COL4A3BP,0.0,0.0,0.0,0.0,0.18268561764623747,0.0,0.0
EIF4E,0.0,0.0,0.0,0.0,0.41025513244642847,0.0,0.0
GPN3,0.0,0.0,0.0,0.0,0.2217226942885918,0.0,0.0
NT5C3A,0.0,0.0,0.0,0.0,0.21696994203111875,0.0,0.0
CASP7,0.0,0.0,0.0,0.0,0.23028066995683577,0.0,0.0
TMX1,0.0,0.0,0.0,0.0,0.40296417516618216,0.0,0.0
F8A1,0.0,0.0,0.0,0.0,0.15484667144605296,0.0,0.0
PPP1R11,0.0,0.0,0.0,0.0,0.43574844954772896,0.0,0.0
CLN5,0.0,0.0,0.0,0.0,0.2265809142785083,0.0,0.0
TRIM38,0.0,0.0,0.0,0.0,0.27086651748829194,0.0,0.0
ITGAE,0.0,0.0,0.0,0.0,0.2513906419841668,0.0,0.0
DERL2,0.0,0.0,0.0,0.0,0.35440534640338023,0.0,0.0
APMAP,0.0,0.0,0.0,0.0,0.48791171826582336,0.0,0.0
PPP2CA,0.0,0.0,0.0,0.0,0.49499613453299984,0.0,0.0
COMMD3,0.0,0.0,0.0,0.0,0.4377543029205309,0.0,0.0
SCAMP2,0.0,0.0,0.0,0.0,0.24011856159540096,0.0,0.0
PFDN1,0.0,0.0,0.0,0.0,0.3860544130428753,0.0,0.0
POLR3K,0.0,0.0,0.0,0.0,0.18666280127429674,0.0,0.0
MAP3K8,0.0,0.0,0.0,0.0,0.27960059875183724,0.0,0.0
HIBADH,0.0,0.0,0.0,0.0,0.18056535185698874,0.0,0.0
TRAPPC6A,0.0,0.0,0.0,0.0,0.40514869193499276,0.0,0.0
ZDHHC12,0.0,0.0,0.0,0.0,0.3495612421683005,0.0,0.0
SMIM15,0.0,0.0,0.0,0.0,0.29053528551240343,0.0,0.0
ABHD2,0.0,0.0,0.0,0.0,0.3186140397300085,0.0,0.0
CBR1,0.0,0.0,0.0,0.0,0.33904044523990895,0.0,0.0
RFK,0.0,0.0,0.0,0.0,0.240763369562306,0.0,0.0
PPP1CC,0.0,0.0,0.0,0.0,0.4536851082477034,0.0,0.0
SLC39A3,0.0,0.0,0.0,0.0,0.22763243867227045,0.0,0.0
ABHD16A,0.0,0.0,0.0,0.0,0.29255547970276163,0.0,0.0
RAB4A,0.0,0.0,0.0,0.0,0.3270437571671657,0.0,0.0
TAF9,0.0,0.0,0.0,0.0,0.3417074860213937,0.0,0.0
PTPN18,0.0,0.0,0.0,0.0,0.2263285581147174,0.0,0.0
STX8,0.0,0.0,0.0,0.0,0.3367925441191469,0.0,0.0
RAB34,0.0,0.0,0.0,0.0,0.3610528756039043,0.0,0.0
MRPL47,0.0,0.0,0.0,0.0,0.39431787667152607,0.0,0.0
MYH9,0.0,0.0,0.0,0.0,0.5948051847372089,0.0,0.0
MEA1,0.0,0.0,0.0,0.0,0.4046335072286384,0.0,0.0
PSMD4,0.0,0.0,0.0,0.0,0.6468436901294321,0.0,0.0
GSDMD,0.0,0.0,0.0,0.0,0.6079786808034279,0.0,0.0
UBE2K,0.0,0.0,0.0,0.0,0.31468115860321527,0.0,0.0
CCDC124,0.0,0.0,0.0,0.0,0.3877824490493164,0.0,0.0
COMMD8,0.0,0.0,0.0,0.0,0.30378763485444693,0.0,0.0
BAZ1A,0.0,0.0,0.0,0.0,0.4455144647504937,0.0,0.0
UBE2R2,0.0,0.0,0.0,0.0,0.24995676199506978,0.0,0.0
RAB18,0.0,0.0,0.0,0.0,0.4505869385664808,0.0,0.0
MRPL4,0.0,0.0,0.0,0.0,0.3497094364896794,0.0,0.0
UBE2W,0.0,0.0,0.0,0.0,0.20817439866443613,0.0,0.0
CAMTA1,0.0,0.0,0.0,0.0,0.5226803140066485,0.0,0.0
NUDT22,0.0,0.0,0.0,0.0,0.2571092110166289,0.0,0.0
ADPRHL2,0.0,0.0,0.0,0.0,0.20570757132511855,0.0,0.0
SMIM12,0.0,0.0,0.0,0.0,0.3018885467284421,0.0,0.0
DYNC1LI1,0.0,0.0,0.0,0.0,0.25318869319680437,0.0,0.0
RILPL2,0.0,0.0,0.0,0.0,0.413749934128996,0.0,0.0
CD2BP2,0.0,0.0,0.0,0.0,0.3725187926460271,0.0,0.0
AK6,0.0,0.0,0.0,0.0,0.3033187211238018,0.0,0.0
C1orf122,0.0,0.0,0.0,0.0,0.32109033675484744,0.0,0.0
HNRNPAB,0.0,0.0,0.0,0.0,0.3309979139830998,0.0,0.0
DCAF7,0.0,0.0,0.0,0.0,0.3118907266459845,0.0,0.0
SHISA5,0.0,0.0,0.0,0.0,0.43096068285754036,0.0,0.0
HSPA9,0.0,0.0,0.0,0.0,0.49417232077403517,0.0,0.0
TIPRL,0.0,0.0,0.0,0.0,0.27513335684243656,0.0,0.0
PCNA,0.0,0.0,0.0,0.0,0.27149914748752657,0.0,0.0
IGBP1,0.0,0.0,0.0,0.0,0.4069455675718405,0.0,0.0
MFSD10,0.0,0.0,0.0,0.0,0.4219694525409427,0.0,0.0
SULT1A1,0.0,0.0,0.0,0.0,0.3642304751253709,0.0,0.0
ZSWIM7,0.0,0.0,0.0,0.0,0.29495427243568983,0.0,0.0
FRG1,0.0,0.0,0.0,0.0,0.30509057602301515,0.0,0.0
TXNDC9,0.0,0.0,0.0,0.0,0.3203640824049172,0.0,0.0
TPGS1,0.0,0.0,0.0,0.0,0.3580085355841851,0.0,0.0
FAM192A,0.0,0.0,0.0,0.0,0.2351157034174323,0.0,0.0
PLGRKT,0.0,0.0,0.0,0.0,0.22140230238421205,0.0,0.0
MRPS11,0.0,0.0,0.0,0.0,0.24524329081264845,0.0,0.0
GLRX3,0.0,0.0,0.0,0.0,0.3382069321060127,0.0,0.0
PYCR2,0.0,0.0,0.0,0.0,0.3509493431954829,0.0,0.0
GPR108,0.0,0.0,0.0,0.0,0.3705222063898661,0.0,0.0
LARP7,0.0,0.0,0.0,0.0,0.3822893181124139,0.0,0.0
USP15,0.0,0.0,0.0,0.0,0.2079050902391954,0.0,0.0
TCP1,0.0,0.0,0.0,0.0,0.4809838908300767,0.0,0.0
IST1,0.0,0.0,0.0,0.0,0.2705126551336568,0.0,0.0
ZNF622,0.0,0.0,0.0,0.0,0.22140230238421205,0.0,0.0
SNX1,0.0,0.0,0.0,0.0,0.28779044687718996,0.0,0.0
PIGP,0.0,0.0,0.0,0.0,0.351572633455738,0.0,0.0
PPP1R18,0.0,0.0,0.0,0.0,0.35278821768810936,0.0,0.0
PSMD11,0.0,0.0,0.0,0.0,0.3297642593532586,0.0,0.0
AMD1,0.0,0.0,0.0,0.0,0.3732925183715734,0.0,0.0
POLR3GL,0.0,0.0,0.0,0.0,0.4274440148269396,0.0,0.0
LSM2,0.0,0.0,0.0,0.0,0.4949711293057808,0.0,0.0
CALU,0.0,0.0,0.0,0.0,0.33169594673186625,0.0,0.0
PARL,0.0,0.0,0.0,0.0,0.30451944803502556,0.0,0.0
ACO2,0.0,0.0,0.0,0.0,0.3167414745059847,0.0,0.0
UBE2I,0.0,0.0,0.0,0.0,0.7087806945575872,0.0,0.0
EXOSC1,0.0,0.0,0.0,0.0,0.20133552441480493,0.0,0.0
POLR2G,0.0,0.0,0.0,0.0,0.5521914173327455,0.0,0.0
KXD1,0.0,0.0,0.0,0.0,0.3258824573400116,0.0,0.0
CDC40,0.0,0.0,0.0,0.0,0.24762985800291817,0.0,0.0
PHF11,0.0,0.0,0.0,0.0,0.24741432583483647,0.0,0.0
HPRT1,0.0,0.0,0.0,0.0,0.1811853680710441,0.0,0.0
NRBP1,0.0,0.0,0.0,0.0,0.34552297515041724,0.0,0.0
BABAM1,0.0,0.0,0.0,0.0,0.3492159483248186,0.0,0.0
UBA1,0.0,0.0,0.0,0.0,0.33524250427458585,0.0,0.0
NDUFA8,0.0,0.0,0.0,0.0,0.4592285864346767,0.0,0.0
RPA3,0.0,0.0,0.0,0.0,0.3238806588121665,0.0,0.0
NUTF2,0.0,0.0,0.0,0.0,0.3536454561881191,0.0,0.0
CCDC47,0.0,0.0,0.0,0.0,0.3956296295122525,0.0,0.0
DERA,0.0,0.0,0.0,0.0,0.20570757132511855,0.0,0.0
COPS5,0.0,0.0,0.0,0.0,0.35408832483949526,0.0,0.0
TXNDC11,0.0,0.0,0.0,0.0,0.13193990375279468,0.0,0.0
NKAP,0.0,0.0,0.0,0.0,0.18925636854880487,0.0,0.0
PABPC4,0.0,0.0,0.0,0.0,0.31530142216067314,0.0,0.0
TRAPPC2L,0.0,0.0,0.0,0.0,0.4032606568777227,0.0,0.0
PPP1R2,0.0,0.0,0.0,0.0,0.368560886249844,0.0,0.0
SYNCRIP,0.0,0.0,0.0,0.0,0.34432142357370304,0.0,0.0
SLU7,0.0,0.0,0.0,0.0,0.32335770852110135,0.0,0.0
DNAJA2,0.0,0.0,0.0,0.0,0.3464660810561451,0.0,0.0
DNAJC8,0.0,0.0,0.0,0.0,0.6035900493597399,0.0,0.0
PDHA1,0.0,0.0,0.0,0.0,0.25797625251685596,0.0,0.0
MYO1F,0.0,0.0,0.0,0.0,0.1936531228035046,0.0,0.0
LRRC59,0.0,0.0,0.0,0.0,0.25545162631300433,0.0,0.0
TMEM14A,0.0,0.0,0.0,0.0,0.31633732821215704,0.0,0.0
CCT4,0.0,0.0,0.0,0.0,0.571717898787129,0.0,0.0
CAPRIN1,0.0,0.0,0.0,0.0,0.18557888866426112,0.0,0.0
EMG1,0.0,0.0,0.0,0.0,0.2640528165117782,0.0,0.0
TMEM126B,0.0,0.0,0.0,0.0,0.3326089600091473,0.0,0.0
HIST1H2BK,0.0,0.0,0.0,0.0,0.253227367752567,0.0,0.0
MRPL28,0.0,0.0,0.0,0.0,0.4012271498338611,0.0,0.0
CPQ,0.0,0.0,0.0,0.0,0.2732195662210539,0.0,0.0
SMIM20,0.0,0.0,0.0,0.0,0.16600340746348874,0.0,0.0
VDAC3,0.0,0.0,0.0,0.0,0.48766902332483175,0.0,0.0
MLEC,0.0,0.0,0.0,0.0,0.3451736541891044,0.0,0.0
SERINC1,0.0,0.0,0.0,0.0,0.4643731505984498,0.0,0.0
TAF12,0.0,0.0,0.0,0.0,0.2929611898104176,0.0,0.0
RALB,0.0,0.0,0.0,0.0,0.2685393838388238,0.0,0.0
PPM1G,0.0,0.0,0.0,0.0,0.4119175628587305,0.0,0.0
COPA,0.0,0.0,0.0,0.0,0.25862031330100355,0.0,0.0
TOLLIP,0.0,0.0,0.0,0.0,0.22384576331076317,0.0,0.0
TMED1,0.0,0.0,0.0,0.0,0.16152099106088777,0.0,0.0
BRMS1,0.0,0.0,0.0,0.0,0.23282260315005462,0.0,0.0
NDUFV1,0.0,0.0,0.0,0.0,0.4765103576074019,0.0,0.0
DYNLT3,0.0,0.0,0.0,0.0,0.32271560302956315,0.0,0.0
ERICH1,0.0,0.0,0.0,0.0,0.1674269449261893,0.0,0.0
IL10RA,0.0,0.0,0.0,0.0,0.20960203965385693,0.0,0.0
CHCHD5,0.0,0.0,0.0,0.0,0.3494995319734603,0.0,0.0
ZNHIT3,0.0,0.0,0.0,0.0,0.30094566436606546,0.0,0.0
CASP4,0.0,0.0,0.0,0.0,0.41835075369116803,0.0,0.0
AIP,0.0,0.0,0.0,0.0,0.4078964654157409,0.0,0.0
ARL1,0.0,0.0,0.0,0.0,0.36322724922077054,0.0,0.0
SRM,0.0,0.0,0.0,0.0,0.23618124197955118,0.0,0.0
TM2D1,0.0,0.0,0.0,0.0,0.35564083977810584,0.0,0.0
DAP3,0.0,0.0,0.0,0.0,0.2852365178438557,0.0,0.0
RAD23B,0.0,0.0,0.0,0.0,0.36762907882268125,0.0,0.0
CYTH1,0.0,0.0,0.0,0.0,0.23153385911798216,0.0,0.0
MRPL32,0.0,0.0,0.0,0.0,0.4036401387090818,0.0,0.0
ABI1,0.0,0.0,0.0,0.0,0.2809844835219823,0.0,0.0
MRPS18B,0.0,0.0,0.0,0.0,0.41375861657008084,0.0,0.0
CETN2,0.0,0.0,0.0,0.0,0.3693456484687253,0.0,0.0
MMADHC,0.0,0.0,0.0,0.0,0.49107701821776245,0.0,0.0
SLC38A10,0.0,0.0,0.0,0.0,0.19024224563075495,0.0,0.0
ZC3H15,0.0,0.0,0.0,0.0,0.4566252840809008,0.0,0.0
PSMC3,0.0,0.0,0.0,0.0,0.526134008242085,0.0,0.0
MRPL24,0.0,0.0,0.0,0.0,0.2773604884190651,0.0,0.0
COPS7A,0.0,0.0,0.0,0.0,0.17171516609759266,0.0,0.0
EIF2S1,0.0,0.0,0.0,0.0,0.25524184394668237,0.0,0.0
TPRKB,0.0,0.0,0.0,0.0,0.3033187211238018,0.0,0.0
NAA50,0.0,0.0,0.0,0.0,0.22941574297326847,0.0,0.0
LINC00116,0.0,0.0,0.0,0.0,0.2392066895626224,0.0,0.0
IL7R,0.0,0.0,0.0,0.0,0.5055616204763508,0.0,0.0
SUCLG2,0.0,0.0,0.0,0.0,0.3623822086822688,0.0,0.0
DHX29,0.0,0.0,0.0,0.0,0.23534361666073722,0.0,0.0
CWC15,0.0,0.0,0.0,0.0,0.4536851082477034,0.0,0.0
FBXL15,0.0,0.0,0.0,0.0,0.3028281600430324,0.0,0.0
PSMD2,0.0,0.0,0.0,0.0,0.3921562836168238,0.0,0.0
HAX1,0.0,0.0,0.0,0.0,0.48766902332483175,0.0,0.0
CFDP1,0.0,0.0,0.0,0.0,0.3829116633633323,0.0,0.0
PSMC6,0.0,0.0,0.0,0.0,0.38211188108896116,0.0,0.0
FBXO7,0.0,0.0,0.0,0.0,0.39041951191730995,0.0,0.0
MRPL17,0.0,0.0,0.0,0.0,0.20500085021265366,0.0,0.0
ZNF207,0.0,0.0,0.0,0.0,0.38712880937730915,0.0,0.0
RRBP1,0.0,0.0,0.0,0.0,0.3681492065570255,0.0,0.0
C17orf62,0.0,0.0,0.0,0.0,0.24896839721595715,0.0,0.0
TM9SF2,0.0,0.0,0.0,0.0,0.45991642771233465,0.0,0.0
ELOVL1,0.0,0.0,0.0,0.0,0.22492268252945083,0.0,0.0
SREK1IP1,0.0,0.0,0.0,0.0,0.26456576544856447,0.0,0.0
PDCL3,0.0,0.0,0.0,0.0,0.23431872958038394,0.0,0.0
TAOK3,0.0,0.0,0.0,0.0,0.3077019131132643,0.0,0.0
CDC26,0.0,0.0,0.0,0.0,0.35254944516733644,0.0,0.0
THOC7,0.0,0.0,0.0,0.0,0.4820949490766595,0.0,0.0
SAR1A,0.0,0.0,0.0,0.0,0.3948857460907552,0.0,0.0
RNF114,0.0,0.0,0.0,0.0,0.33034688371721493,0.0,0.0
RRP7A,0.0,0.0,0.0,0.0,0.4144979773654951,0.0,0.0
MBD4,0.0,0.0,0.0,0.0,0.21980933660386867,0.0,0.0
DGCR6L,0.0,0.0,0.0,0.0,0.35207287842612206,0.0,0.0
NUDT5,0.0,0.0,0.0,0.0,0.2695735538971493,0.0,0.0
FAM120A,0.0,0.0,0.0,0.0,0.23664168118260928,0.0,0.0
SNX5,0.0,0.0,0.0,0.0,0.3418372307934872,0.0,0.0
NUDCD2,0.0,0.0,0.0,0.0,0.2814382165279792,0.0,0.0
CCDC28A,0.0,0.0,0.0,0.0,0.21821531354603457,0.0,0.0
QKI,0.0,0.0,0.0,0.0,0.18881194759560405,0.0,0.0
AKR7A2,0.0,0.0,0.0,0.0,0.37891721739721285,0.0,0.0
GGNBP2,0.0,0.0,0.0,0.0,0.37773671990209867,0.0,0.0
UROS,0.0,0.0,0.0,0.0,0.18881194759560405,0.0,0.0
SZRD1,0.0,0.0,0.0,0.0,0.22415311716111233,0.0,0.0
SLC25A39,0.0,0.0,0.0,0.0,0.3094776345501722,0.0,0.0
NSA2,0.0,0.0,0.0,0.0,0.3877672227455597,0.0,0.0
AIMP1,0.0,0.0,0.0,0.0,0.39690236465827644,0.0,0.0
MGLL,0.0,0.0,0.0,0.0,0.3224269696633854,0.0,0.0
ZCCHC17,0.0,0.0,0.0,0.0,0.21843065899620756,0.0,0.0
MRPS10,0.0,0.0,0.0,0.0,0.21051879421645406,0.0,0.0
RNASEH2C,0.0,0.0,0.0,0.0,0.4639344817583096,0.0,0.0
DNAJB11,0.0,0.0,0.0,0.0,0.3131906492925993,0.0,0.0
MANF,0.0,0.0,0.0,0.0,0.4965389263458217,0.0,0.0
TMX4,0.0,0.0,0.0,0.0,0.2716661235419143,0.0,0.0
GBAS,0.0,0.0,0.0,0.0,0.31670101302519005,0.0,0.0
MRPL16,0.0,0.0,0.0,0.0,0.26637341283924215,0.0,0.0
SKIL,0.0,0.0,0.0,0.0,0.339936443318882,0.0,0.0
SMIM7,0.0,0.0,0.0,0.0,0.3203640824049172,0.0,0.0
PSMD13,0.0,0.0,0.0,0.0,0.45845726300211426,0.0,0.0
SRP54,0.0,0.0,0.0,0.0,0.276542238268188,0.0,0.0
LAGE3,0.0,0.0,0.0,0.0,0.24872564155348456,0.0,0.0
C12orf10,0.0,0.0,0.0,0.0,0.24246454200530787,0.0,0.0
LSM8,0.0,0.0,0.0,0.0,0.4916682445298861,0.0,0.0
GPS1,0.0,0.0,0.0,0.0,0.20015485761723184,0.0,0.0
ALG5,0.0,0.0,0.0,0.0,0.35184759032223734,0.0,0.0
GLOD4,0.0,0.0,0.0,0.0,0.32040549338308544,0.0,0.0
EIF2A,0.0,0.0,0.0,0.0,0.40514869193499276,0.0,0.0
NR1H2,0.0,0.0,0.0,0.0,0.4116767812779456,0.0,0.0
MRPL12,0.0,0.0,0.0,0.0,0.2836967757782982,0.0,0.0
MRPL52,0.0,0.0,0.0,0.0,0.417447055594177,0.0,0.0
RTFDC1,0.0,0.0,0.0,0.0,0.5319637409178408,0.0,0.0
RPF1,0.0,0.0,0.0,0.0,0.2687172443928075,0.0,0.0
UBE2V2,0.0,0.0,0.0,0.0,0.33916815290644176,0.0,0.0
SRP19,0.0,0.0,0.0,0.0,0.4485486942444761,0.0,0.0
CCNDBP1,0.0,0.0,0.0,0.0,0.42159029495845685,0.0,0.0
UFM1,0.0,0.0,0.0,0.0,0.335844848247243,0.0,0.0
COPB2,0.0,0.0,0.0,0.0,0.2826634570577643,0.0,0.0
NEMF,0.0,0.0,0.0,0.0,0.3430569582745434,0.0,0.0
KRAS,0.0,0.0,0.0,0.0,0.24991908509057797,0.0,0.0
HMGN4,0.0,0.0,0.0,0.0,0.3254651411395996,0.0,0.0
OLA1,0.0,0.0,0.0,0.0,0.25545162631300433,0.0,0.0
FAM103A1,0.0,0.0,0.0,0.0,0.2946216544796863,0.0,0.0
CCT6A,0.0,0.0,0.0,0.0,0.48433283740759864,0.0,0.0
IDH3B,0.0,0.0,0.0,0.0,0.3780184923480052,0.0,0.0
GLUD1,0.0,0.0,0.0,0.0,0.3345236934350006,0.0,0.0
OXA1L,0.0,0.0,0.0,0.0,0.33034688371721493,0.0,0.0
ITFG1,0.0,0.0,0.0,0.0,0.23000934532284367,0.0,0.0
ANAPC13,0.0,0.0,0.0,0.0,0.30959353021430325,0.0,0.0
FAM32A,0.0,0.0,0.0,0.0,0.2819494322393469,0.0,0.0
MVB12A,0.0,0.0,0.0,0.0,0.13999254022887683,0.0,0.0
CLPTM1,0.0,0.0,0.0,0.0,0.28076213607364403,0.0,0.0
MRPS28,0.0,0.0,0.0,0.0,0.24726060502000452,0.0,0.0
MRPL50,0.0,0.0,0.0,0.0,0.25862031330100355,0.0,0.0
GNAI3,0.0,0.0,0.0,0.0,0.35040269168196636,0.0,0.0
C1orf123,0.0,0.0,0.0,0.0,0.27631153941924225,0.0,0.0
ABHD14B,0.0,0.0,0.0,0.0,0.3347554101674332,0.0,0.0
HSPB11,0.0,0.0,0.0,0.0,0.3535696482140929,0.0,0.0
TSNAX,0.0,0.0,0.0,0.0,0.2329097585801977,0.0,0.0
EIF4A3,0.0,0.0,0.0,0.0,0.3593609468231925,0.0,0.0
NSRP1,0.0,0.0,0.0,0.0,0.17286377974943423,0.0,0.0
DNAJC4,0.0,0.0,0.0,0.0,0.2199015463165455,0.0,0.0
VCP,0.0,0.0,0.0,0.0,0.5998958669720679,0.0,0.0
KPNB1,0.0,0.0,0.0,0.0,0.36240212442890246,0.0,0.0
PHF5A,0.0,0.0,0.0,0.0,0.27188907999931705,0.0,0.0
APOA1BP,0.0,0.0,0.0,0.0,0.34770724794291596,0.0,0.0
MAGOH,0.0,0.0,0.0,0.0,0.49969238054460063,0.0,0.0
MRPS33,0.0,0.0,0.0,0.0,0.2815259488860892,0.0,0.0
NIFK,0.0,0.0,0.0,0.0,0.16500681722876162,0.0,0.0
MRPS14,0.0,0.0,0.0,0.0,0.2578424789831395,0.0,0.0
WBP2,0.0,0.0,0.0,0.0,0.4639344817583096,0.0,0.0
PPP6C,0.0,0.0,0.0,0.0,0.272541477933608,0.0,0.0
BCAS2,0.0,0.0,0.0,0.0,0.3707306217139631,0.0,0.0
TRIP6,0.0,0.0,0.0,0.0,0.24419603852972482,0.0,0.0
ZFAND6,0.0,0.0,0.0,0.0,0.4557254335618824,0.0,0.0
SF3B4,0.0,0.0,0.0,0.0,0.278776833983643,0.0,0.0
EIF3A,0.0,0.0,0.0,0.0,0.4610819268086736,0.0,0.0
NDUFA10,0.0,0.0,0.0,0.0,0.3622428603908693,0.0,0.0
SEC13,0.0,0.0,0.0,0.0,0.3160651168333008,0.0,0.0
DPM1,0.0,0.0,0.0,0.0,0.4348053164715823,0.0,0.0
LMAN1,0.0,0.0,0.0,0.0,0.36918015462619974,0.0,0.0
DHRS4L2,0.0,0.0,0.0,0.0,0.16964190432944695,0.0,0.0
QDPR,0.0,0.0,0.0,0.0,0.2609139112634374,0.0,0.0
RAB1B,0.0,0.0,0.0,0.0,0.2212744057922966,0.0,0.0
DYNC1I2,0.0,0.0,0.0,0.0,0.42187911416610413,0.0,0.0
ARPP19,0.0,0.0,0.0,0.0,0.3033187211238018,0.0,0.0
DIABLO,0.0,0.0,0.0,0.0,0.2577355605571216,0.0,0.0
AHSA1,0.0,0.0,0.0,0.0,0.32112153616344896,0.0,0.0
PUF60,0.0,0.0,0.0,0.0,0.5048186502811539,0.0,0.0
FKBP3,0.0,0.0,0.0,0.0,0.3244743402118633,0.0,0.0
ARID5A,0.0,0.0,0.0,0.0,0.33973821452746,0.0,0.0
PHB2,0.0,0.0,0.0,0.0,0.4572201048720248,0.0,0.0
ACTR1A,0.0,0.0,0.0,0.0,0.29495427243568983,0.0,0.0
TADA3,0.0,0.0,0.0,0.0,0.3095355714474056,0.0,0.0
NELFE,0.0,0.0,0.0,0.0,0.3462479800056013,0.0,0.0
TIMMDC1,0.0,0.0,0.0,0.0,0.27960846768681846,0.0,0.0
METTL5,0.0,0.0,0.0,0.0,0.2705126551336568,0.0,0.0
NSMCE1,0.0,0.0,0.0,0.0,0.3583456729889713,0.0,0.0
PPHLN1,0.0,0.0,0.0,0.0,0.2839968879705985,0.0,0.0
SLBP,0.0,0.0,0.0,0.0,0.22313355176418942,0.0,0.0
TRAPPC4,0.0,0.0,0.0,0.0,0.34384316256043274,0.0,0.0
RTF1,0.0,0.0,0.0,0.0,0.44962885011069287,0.0,0.0
BAG6,0.0,0.0,0.0,0.0,0.2905692919962376,0.0,0.0
PPIE,0.0,0.0,0.0,0.0,0.24508623153039627,0.0,0.0
DDX21,0.0,0.0,0.0,0.0,0.3203640824049172,0.0,0.0
HEBP2,0.0,0.0,0.0,0.0,0.30946798052597463,0.0,0.0
DHX36,0.0,0.0,0.0,0.0,0.31149895562044755,0.0,0.0
MRPL21,0.0,0.0,0.0,0.0,0.26491119944575914,0.0,0.0
CDC123,0.0,0.0,0.0,0.0,0.28946816904876466,0.0,0.0
TXN2,0.0,0.0,0.0,0.0,0.3778450436037555,0.0,0.0
PARP14,0.0,0.0,0.0,0.0,0.15548840198471958,0.0,0.0
FLOT1,0.0,0.0,0.0,0.0,0.45340261751830047,0.0,0.0
CELF1,0.0,0.0,0.0,0.0,0.2683001906042774,0.0,0.0
MRPL43,0.0,0.0,0.0,0.0,0.43354150863007973,0.0,0.0
MALSU1,0.0,0.0,0.0,0.0,0.21570138677625275,0.0,0.0
TM9SF1,0.0,0.0,0.0,0.0,0.22266458587039212,0.0,0.0
LASP1,0.0,0.0,0.0,0.0,0.22357940450371455,0.0,0.0
PTPN2,0.0,0.0,0.0,0.0,0.23733573181881212,0.0,0.0
MED28,0.0,0.0,0.0,0.0,0.2794983431487314,0.0,0.0
MRPL22,0.0,0.0,0.0,0.0,0.35758155257580077,0.0,0.0
PRKCSH,0.0,0.0,0.0,0.0,0.35919133090808264,0.0,0.0
NAA10,0.0,0.0,0.0,0.0,0.4227117108322608,0.0,0.0
ACTR10,0.0,0.0,0.0,0.0,0.4044012782205993,0.0,0.0
C11orf73,0.0,0.0,0.0,0.0,0.280176204978647,0.0,0.0
JAGN1,0.0,0.0,0.0,0.0,0.24795077507943353,0.0,0.0
EMC2,0.0,0.0,0.0,0.0,0.18246834186751063,0.0,0.0
RBM42,0.0,0.0,0.0,0.0,0.3615675639452333,0.0,0.0
UNC50,0.0,0.0,0.0,0.0,0.2865532167922119,0.0,0.0
COPS4,0.0,0.0,0.0,0.0,0.1835937297796342,0.0,0.0
IFT20,0.0,0.0,0.0,0.0,0.2200910624496837,0.0,0.0
SHARPIN,0.0,0.0,0.0,0.0,0.24689858396735168,0.0,0.0
FBXW5,0.0,0.0,0.0,0.0,0.2968860426343206,0.0,0.0
NSL1,0.0,0.0,0.0,0.0,0.18776302310561727,0.0,0.0
MFF,0.0,0.0,0.0,0.0,0.24828492122202864,0.0,0.0
MKRN1,0.0,0.0,0.0,0.0,0.31787864394635484,0.0,0.0
LSM1,0.0,0.0,0.0,0.0,0.31643826726082913,0.0,0.0
PTRHD1,0.0,0.0,0.0,0.0,0.26687398466038253,0.0,0.0
RNF5,0.0,0.0,0.0,0.0,0.3394238598497523,0.0,0.0
RAB9A,0.0,0.0,0.0,0.0,0.2165266006462989,0.0,0.0
STAU1,0.0,0.0,0.0,0.0,0.3251128686683272,0.0,0.0
TMEM134,0.0,0.0,0.0,0.0,0.3050155510215312,0.0,0.0
GPAA1,0.0,0.0,0.0,0.0,0.3436403076595824,0.0,0.0
HDAC2,0.0,0.0,0.0,0.0,0.27781804415766537,0.0,0.0
CCT2,0.0,0.0,0.0,0.0,0.3678889567797659,0.0,0.0
RPA2,0.0,0.0,0.0,0.0,0.23591814236118758,0.0,0.0
MRPL3,0.0,0.0,0.0,0.0,0.1935591214084547,0.0,0.0
CCDC107,0.0,0.0,0.0,0.0,0.41700551140413367,0.0,0.0
MBP,0.0,0.0,0.0,0.0,0.2751638310750182,0.0,0.0
PAIP1,0.0,0.0,0.0,0.0,0.3033187211238018,0.0,0.0
NSFL1C,0.0,0.0,0.0,0.0,0.22354929077994215,0.0,0.0
TRABD,0.0,0.0,0.0,0.0,0.2346722690658001,0.0,0.0
SLC39A1,0.0,0.0,0.0,0.0,0.3293587492164169,0.0,0.0
B4GALT1,0.0,0.0,0.0,0.0,0.2000704819453706,0.0,0.0
ROCK1,0.0,0.0,0.0,0.0,0.37559050332052346,0.0,0.0
LGMN,0.0,0.0,0.0,0.0,0.1867082399397399,0.0,0.0
BCAP29,0.0,0.0,0.0,0.0,0.24018230652631697,0.0,0.0
FAM195B,0.0,0.0,0.0,0.0,0.3496970821150479,0.0,0.0
GPS2,0.0,0.0,0.0,0.0,0.19509330472755926,0.0,0.0
SDF2,0.0,0.0,0.0,0.0,0.2783316899633014,0.0,0.0
HPCAL1,0.0,0.0,0.0,0.0,0.38087447437117544,0.0,0.0
C5orf15,0.0,0.0,0.0,0.0,0.23282260315005462,0.0,0.0
TMX2,0.0,0.0,0.0,0.0,0.2592743759700499,0.0,0.0
SCOC,0.0,0.0,0.0,0.0,0.24107831980946345,0.0,0.0
ERGIC2,0.0,0.0,0.0,0.0,0.22363965639843736,0.0,0.0
TMOD3,0.0,0.0,0.0,0.0,0.24753128219803366,0.0,0.0
SS18L2,0.0,0.0,0.0,0.0,0.20570757132511855,0.0,0.0
THYN1,0.0,0.0,0.0,0.0,0.23495476407260207,0.0,0.0
CMC1,0.0,0.0,0.0,0.0,0.3436403076595824,0.0,0.0
YY1,0.0,0.0,0.0,0.0,0.26224201409164954,0.0,0.0
QARS,0.0,0.0,0.0,0.0,0.25824421875635334,0.0,0.0
DDOST,0.0,0.0,0.0,0.0,0.41118749973511914,0.0,0.0
FAM204A,0.0,0.0,0.0,0.0,0.250706386915361,0.0,0.0
CDC42SE1,0.0,0.0,0.0,0.0,0.27650376154135936,0.0,0.0
FNTA,0.0,0.0,0.0,0.0,0.31019372107287224,0.0,0.0
CSNK1D,0.0,0.0,0.0,0.0,0.2531500305155156,0.0,0.0
VBP1,0.0,0.0,0.0,0.0,0.24686795318402616,0.0,0.0
EIF3J,0.0,0.0,0.0,0.0,0.2427602922349214,0.0,0.0
RRAGA,0.0,0.0,0.0,0.0,0.43414375755237494,0.0,0.0
NOL7,0.0,0.0,0.0,0.0,0.3289542441297993,0.0,0.0
ERCC1,0.0,0.0,0.0,0.0,0.2200910624496837,0.0,0.0
ERLEC1,0.0,0.0,0.0,0.0,0.32986304935040384,0.0,0.0
CLPP,0.0,0.0,0.0,0.0,0.23924694160972215,0.0,0.0
MRPS18A,0.0,0.0,0.0,0.0,0.11891181868884727,0.0,0.0
GRSF1,0.0,0.0,0.0,0.0,0.144576442645042,0.0,0.0
ALDH9A1,0.0,0.0,0.0,0.0,0.24362804738978114,0.0,0.0
VPS25,0.0,0.0,0.0,0.0,0.20785738273599105,0.0,0.0
CCNH,0.0,0.0,0.0,0.0,0.33647223662121295,0.0,0.0
COPB1,0.0,0.0,0.0,0.0,0.23297516818001618,0.0,0.0
ELOF1,0.0,0.0,0.0,0.0,0.2780279411965224,0.0,0.0
LIMS1,0.0,0.0,0.0,0.0,0.3156325688551509,0.0,0.0
CALCOCO2,0.0,0.0,0.0,0.0,0.24828492122202864,0.0,0.0
GNAQ,0.0,0.0,0.0,0.0,0.17448758585667154,0.0,0.0
GLRX5,0.0,0.0,0.0,0.0,0.22384576331076317,0.0,0.0
NT5C,0.0,0.0,0.0,0.0,0.30307786856096575,0.0,0.0
C9orf78,0.0,0.0,0.0,0.0,0.2751638310750182,0.0,0.0
PQBP1,0.0,0.0,0.0,0.0,0.24616554741843058,0.0,0.0
NOP56,0.0,0.0,0.0,0.0,0.28076213607364403,0.0,0.0
TMEM248,0.0,0.0,0.0,0.0,0.29090979827663777,0.0,0.0
RPL22L1,0.0,0.0,0.0,0.0,0.3167414745059847,0.0,0.0
YTHDF2,0.0,0.0,0.0,0.0,0.38240770215241365,0.0,0.0
SP100,0.0,0.0,0.0,0.0,0.44380595327085254,0.0,0.0
CDK5RAP3,0.0,0.0,0.0,0.0,0.2608112571828847,0.0,0.0
CUEDC2,0.0,0.0,0.0,0.0,0.22338882172606706,0.0,0.0
PMPCB,0.0,0.0,0.0,0.0,0.20761917444105077,0.0,0.0
ORMDL1,0.0,0.0,0.0,0.0,0.3291837049818544,0.0,0.0
APH1A,0.0,0.0,0.0,0.0,0.4998708976261246,0.0,0.0
RBBP4,0.0,0.0,0.0,0.0,0.2590717334809107,0.0,0.0
MPLKIP,0.0,0.0,0.0,0.0,0.2799551427226879,0.0,0.0
FAM107B,0.0,0.0,0.0,0.0,0.25289258236023693,0.0,0.0
EIF5B,0.0,0.0,0.0,0.0,0.399926202547389,0.0,0.0
PDCD2,0.0,0.0,0.0,0.0,0.14649446454441367,0.0,0.0
EMC6,0.0,0.0,0.0,0.0,0.3213192745136119,0.0,0.0
MRPL38,0.0,0.0,0.0,0.0,0.20133552441480493,0.0,0.0
PAFAH1B1,0.0,0.0,0.0,0.0,0.24322905824051586,0.0,0.0
CCT3,0.0,0.0,0.0,0.0,0.4407343436734526,0.0,0.0
CIR1,0.0,0.0,0.0,0.0,0.34644183390306005,0.0,0.0
SNW1,0.0,0.0,0.0,0.0,0.3160651168333008,0.0,0.0
SCAF11,0.0,0.0,0.0,0.0,0.4348053164715823,0.0,0.0
IMP3,0.0,0.0,0.0,0.0,0.3801417660173738,0.0,0.0
YPEL5,0.0,0.0,0.0,0.0,0.4774493735969664,0.0,0.0
CSNK1A1,0.0,0.0,0.0,0.0,0.4070547340442398,0.0,0.0
PFDN4,0.0,0.0,0.0,0.0,0.17738593350348114,0.0,0.0
CAPN1,0.0,0.0,0.0,0.0,0.3222069091637165,0.0,0.0
PRPF31,0.0,0.0,0.0,0.0,0.18812082801826358,0.0,0.0
BUB3,0.0,0.0,0.0,0.0,0.32707613470640595,0.0,0.0
MPG,0.0,0.0,0.0,0.0,0.365064048755426,0.0,0.0
HP1BP3,0.0,0.0,0.0,0.0,0.29940236293986966,0.0,0.0
STRAP,0.0,0.0,0.0,0.0,0.4196333420067306,0.0,0.0
DCTN2,0.0,0.0,0.0,0.0,0.3560759621897667,0.0,0.0
MAT2A,0.0,0.0,0.0,0.0,0.22594339011474385,0.0,0.0
LRP10,0.0,0.0,0.0,0.0,0.36131663317765117,0.0,0.0
GOLGA7,0.0,0.0,0.0,0.0,0.2376474048317111,0.0,0.0
MAPK1IP1L,0.0,0.0,0.0,0.0,0.3050155510215312,0.0,0.0
SNRNP70,0.0,0.0,0.0,0.0,0.39934356107176294,0.0,0.0
SMIM19,0.0,0.0,0.0,0.0,0.2895610154284057,0.0,0.0
HM13,0.0,0.0,0.0,0.0,0.3055603262718673,0.0,0.0
STOML2,0.0,0.0,0.0,0.0,0.3186140397300085,0.0,0.0
BRD2,0.0,0.0,0.0,0.0,0.3152613307681691,0.0,0.0
C21orf59,0.0,0.0,0.0,0.0,0.24486307234129634,0.0,0.0
SYAP1,0.0,0.0,0.0,0.0,0.29228850249121174,0.0,0.0
ZFYVE21,0.0,0.0,0.0,0.0,0.24404630929075666,0.0,0.0
DHPS,0.0,0.0,0.0,0.0,0.17006412799997375,0.0,0.0
TFG,0.0,0.0,0.0,0.0,0.2957362673063961,0.0,0.0
TCF25,0.0,0.0,0.0,0.0,0.47216621584789886,0.0,0.0
ITGB1BP1,0.0,0.0,0.0,0.0,0.2734225268569461,0.0,0.0
MRPS26,0.0,0.0,0.0,0.0,0.200460814931836,0.0,0.0
UBE2E3,0.0,0.0,0.0,0.0,0.29686828557721284,0.0,0.0
TANK,0.0,0.0,0.0,0.0,0.30309638199660394,0.0,0.0
DDX46,0.0,0.0,0.0,0.0,0.38355095480615004,0.0,0.0
PEF1,0.0,0.0,0.0,0.0,0.21598668245296604,0.0,0.0
WASF2,0.0,0.0,0.0,0.0,0.44891043639861616,0.0,0.0
COMMD7,0.0,0.0,0.0,0.0,0.2045338031040433,0.0,0.0
TMED4,0.0,0.0,0.0,0.0,0.3274759901525363,0.0,0.0
SARS,0.0,0.0,0.0,0.0,0.41271071737440246,0.0,0.0
ACP1,0.0,0.0,0.0,0.0,0.3553343409790437,0.0,0.0
MAF1,0.0,0.0,0.0,0.0,0.40020193806388976,0.0,0.0
SEPT9,0.0,0.0,0.0,0.0,0.34717074275012677,0.0,0.0
BCLAF1,0.0,0.0,0.0,0.0,0.3794119050210355,0.0,0.0
WTAP,0.0,0.0,0.0,0.0,0.3286705965504863,0.0,0.0
AK2,0.0,0.0,0.0,0.0,0.2156220129064308,0.0,0.0
THRAP3,0.0,0.0,0.0,0.0,0.41488175906289776,0.0,0.0
TERF2IP,0.0,0.0,0.0,0.0,0.54919026892223,0.0,0.0
ADH5,0.0,0.0,0.0,0.0,0.32706534147470073,0.0,0.0
GCC2,0.0,0.0,0.0,0.0,0.3563965922074074,0.0,0.0
NONO,0.0,0.0,0.0,0.0,0.2676860562914343,0.0,0.0
PDHB,0.0,0.0,0.0,0.0,0.23166855738577444,0.0,0.0
RPAIN,0.0,0.0,0.0,0.0,0.18086662630782002,0.0,0.0
RBM25,0.0,0.0,0.0,0.0,0.3354809078177033,0.0,0.0
SERTAD1,0.0,0.0,0.0,0.0,0.30343001399390596,0.0,0.0
NOSIP,0.0,0.0,0.0,0.0,0.3166403403444298,0.0,0.0
PDCD5,0.0,0.0,0.0,0.0,0.27371622845941523,0.0,0.0
KLF2,0.0,0.0,0.0,0.0,0.1714701804144552,0.0,0.0
JMJD1C,0.0,0.0,0.0,0.0,0.2577956911981731,0.0,0.0
PRMT2,0.0,0.0,0.0,0.0,0.2572954628835441,0.0,0.0
DDX18,0.0,0.0,0.0,0.0,0.32758422856915526,0.0,0.0
ARL2BP,0.0,0.0,0.0,0.0,0.2491741781878326,0.0,0.0
MPHOSPH8,0.0,0.0,0.0,0.0,0.3920317096758905,0.0,0.0
EWSR1,0.0,0.0,0.0,0.0,0.38623557697963123,0.0,0.0
HNRNPR,0.0,0.0,0.0,0.0,0.39703009460158595,0.0,0.0
ZNF428,0.0,0.0,0.0,0.0,0.332843596938884,0.0,0.0
SLTM,0.0,0.0,0.0,0.0,0.2435266868470447,0.0,0.0
IK,0.0,0.0,0.0,0.0,0.39679864537028736,0.0,0.0
FAM177A1,0.0,0.0,0.0,0.0,0.2386159788760751,0.0,0.0
TRA2B,0.0,0.0,0.0,0.0,0.3846861657602025,0.0,0.0
SMARCE1,0.0,0.0,0.0,0.0,0.24617163797988048,0.0,0.0
RSRC2,0.0,0.0,0.0,0.0,0.34398052512951055,0.0,0.0
RBMS1,0.0,0.0,0.0,0.0,0.2989424772701607,0.0,0.0
U2SURP,0.0,0.0,0.0,0.0,0.2045338031040433,0.0,0.0
TAP1,0.0,0.0,0.0,0.0,0.231007355625207,0.0,0.0
SRSF4,0.0,0.0,0.0,0.0,0.2594434883859694,0.0,0.0
NCOR1,0.0,0.0,0.0,0.0,0.3889585215257243,0.0,0.0
PRPF38B,0.0,0.0,0.0,0.0,0.2807700709546151,0.0,0.0
SF3B1,0.0,0.0,0.0,0.0,0.40020193806388976,0.0,0.0
AAMP,0.0,0.0,0.0,0.0,0.2563008393381414,0.0,0.0
RBM17,0.0,0.0,0.0,0.0,0.2415347124805427,0.0,0.0
EAPP,0.0,0.0,0.0,0.0,0.2924693043697295,0.0,0.0
HNRNPH3,0.0,0.0,0.0,0.0,0.3084576753240061,0.0,0.0
TPR,0.0,0.0,0.0,0.0,0.2758819363285323,0.0,0.0
TTC3,0.0,0.0,0.0,0.0,0.16208246038511465,0.0,0.0
CCDC12,0.0,0.0,0.0,0.0,0.22505993699325008,0.0,0.0
MATR3,0.0,0.0,0.0,0.0,0.3460180628928051,0.0,0.0
NUCB2,0.0,0.0,0.0,0.0,0.2387018222779708,0.0,0.0
DNAJB1,0.0,0.0,0.0,0.0,0.24651319353098627,0.0,0.0
PDAP1,0.0,0.0,0.0,0.0,0.22343393026077274,0.0,0.0
SRSF10,0.0,0.0,0.0,0.0,0.27120651072268614,0.0,0.0
TMEM109,0.0,0.0,0.0,0.0,0.29434214064574327,0.0,0.0
TCEA1,0.0,0.0,0.0,0.0,0.30373649416165527,0.0,0.0
FBL,0.0,0.0,0.0,0.0,0.1878868602440875,0.0,0.0
MED4,0.0,0.0,0.0,0.0,0.23867892463680054,0.0,0.0
PCNP,0.0,0.0,0.0,0.0,0.33708478880748444,0.0,0.0
HSD17B12,0.0,0.0,0.0,0.0,0.23166855738577444,0.0,0.0
RNPS1,0.0,0.0,0.0,0.0,0.2650524537978172,0.0,0.0
CELF2,0.0,0.0,0.0,0.0,0.2363214289262739,0.0,0.0
EIF4H,0.0,0.0,0.0,0.0,0.31066972757992006,0.0,0.0
MRPS6,0.0,0.0,0.0,0.0,0.22490744241032462,0.0,0.0
NR3C1,0.0,0.0,0.0,0.0,0.2811673914305872,0.0,0.0
JAK1,0.0,0.0,0.0,0.0,0.2841512481764827,0.0,0.0
IRF1,0.0,0.0,0.0,0.0,0.30373649416165527,0.0,0.0
KMT2E,0.0,0.0,0.0,0.0,0.2260921655256827,0.0,0.0
CCL5,0.0,0.0,0.0,3.34728441657743,0.0,0.0,0.0
CXCR4,0.0,0.0,0.0,3.095680952139073,0.0,2.0637204669381464,0.0
NKG7,0.0,0.0,0.0,2.1402867825542398,0.0,0.0,0.0
PTPRCAP,0.0,0.0,0.0,2.3079576876910908,0.0,0.0,0.0
GNLY,0.0,0.0,0.0,0.9870521354698818,0.0,0.0,0.0
GZMA,0.0,0.0,0.0,2.343574721214341,0.0,0.0,0.0
CORO1A,0.0,0.0,0.0,2.2623724939365224,0.0,1.820668130862176,0.0
CST7,0.0,0.0,1.1173577438413458,2.1091374238725975,0.0,0.0,0.0
IFITM1,1.6423967908755799,1.0025614334901285,0.0,2.6411491374669134,0.0,0.0,0.0
IL32,1.9581813019997478,0.0,0.0,2.7841484536899133,0.0,0.0,0.0
KLRB1,0.0,0.0,0.0,1.80140759977689,0.0,0.0,0.0
CTSW,0.0,0.0,0.0,1.9594893232881792,0.0,0.0,0.0
CD52,0.0,0.0,0.0,2.843055850049811,2.696138361761738,0.0,0.0
HCST,0.0,0.0,0.0,2.2155662917963004,1.1363558811437542,1.5353579628665848,0.0
GZMB,0.0,0.0,0.0,1.2166504768675046,0.0,0.0,0.0
PTPRC,0.0,0.0,0.0,2.174614346976665,1.1549056693629773,1.677043712479229,0.0
CD2,0.0,0.0,0.0,1.8081968098531185,0.0,0.0,0.0
PRF1,0.0,0.0,0.0,1.4128194884780696,0.0,0.0,0.0
CD3D,0.0,0.0,0.0,1.7107467132909924,0.0,0.0,0.0
GZMH,0.0,0.0,0.0,1.3200167886996803,0.0,0.0,0.0
CD7,0.0,0.0,0.0,1.4845477697547902,0.0,0.0,0.0
CD3E,0.0,0.0,0.0,1.6362062807501,0.0,0.0,0.0
IL2RG,0.0,0.0,0.0,1.6773974681047141,0.42027763318335326,0.0,0.0
CD247,0.0,0.0,0.0,1.2875737542040684,0.0,0.0,0.0
ITGB2,0.0,0.0,0.0,1.8553198962219828,1.3791372729148004,1.6752776699296434,0.0
RAC2,0.0,0.0,1.6182964362383252,1.7126061130488726,0.8623836981250056,0.7566953924986649,0.0
LCK,0.0,0.0,0.0,1.4357350276728733,0.0,0.0,0.0
CD48,0.0,0.0,0.0,1.5245866806421309,0.0,1.4176581632447736,0.0
CYTIP,0.0,0.0,0.0,1.546228955734916,0.4431462323537238,0.7954825830560032,0.0
LIMD2,0.0,0.0,0.0,1.4251687875868644,0.0,1.0482091162600449,0.0
RARRES3,0.0,0.0,0.0,1.692422279362423,0.32332079671122255,0.0,0.0
GZMM,0.0,0.0,0.0,1.0380902514127883,0.0,0.0,0.0
LIME1,0.0,0.0,0.0,1.191336008393012,0.0,0.0,0.0
CD53,0.0,0.0,0.0,1.6830825244673235,1.4992347723004862,1.3360762087677522,0.0
ACAP1,0.0,0.0,0.0,1.1232036918054318,0.0,0.0,0.0
EVL,0.0,0.0,0.0,1.6014855842436053,1.1777903183802925,0.0,0.0
ICAM3,0.0,0.0,0.0,1.175617578570811,0.0,0.0,0.0
GPSM3,0.0,0.0,0.0,1.5274038014269988,1.1937343197507682,1.41352519036667,0.0
STK17A,0.0,0.0,0.0,0.9070024178459825,0.0,0.0,0.0
SUN2,0.0,0.0,0.0,0.9561026071708657,0.2582643387920848,0.0,0.0
ARF6,0.0,0.0,1.040688800950441,1.4642891467178614,0.842526479565706,0.9056835392985974,0.0
LEPROTL1,0.0,0.0,0.0,0.7526947394160594,0.7101977827219453,0.0,0.0
PLP2,0.0,0.5518640373694239,0.0,0.9666777832287704,0.5020876532168193,0.735933317095064,0.0
GTF3A,0.0,0.0,0.0,0.9786470031822665,0.8033323620619373,0.4139236532000097,0.0
AES,0.0,0.658538372984375,0.0,1.20690677803146,0.5073302277699178,0.0,0.0
ANKRD12,0.0,0.0,0.0,0.6092200751006432,0.3305893383901572,0.0,0.0
APRT,0.0,1.0841832761016459,0.0,1.3984157216522355,0.8814620568978678,1.1580016486769213,0.0
TAPBP,0.0,0.4304520881853394,0.0,1.1113048706232045,0.9220137050099293,0.7771326734071593,0.0
PPP1CA,0.0,0.855573107945262,0.0,1.3655823621980991,1.2917211927594132,1.2289100854285433,0.0
SNRPB,0.0,0.7869143631210769,0.0,1.097679825566045,0.8760700093833863,0.834883843199204,0.0
EIF3G,0.0,0.8564100678137546,0.0,1.1402849850686776,0.8361042042106996,1.0468703817278266,0.0
TPSB2,0.0,0.0,5.844178673553112,0.0,0.0,0.0,0.0
TPSAB1,0.0,0.0,5.569130692955749,0.0,0.0,0.0,0.0
CPA3,0.0,0.0,3.2461546717211958,0.0,0.0,0.0,0.0
RGS1,0.0,0.0,3.448616854224119,1.5495177901740473,0.0,0.0,0.0
MS4A2,0.0,0.0,2.9399030621076068,0.0,0.0,0.0,0.0
RGS2,0.0,0.0,3.2376509841103447,0.0,0.0,2.07551397826316,0.0
HPGDS,0.0,0.0,2.7859312270953143,0.0,0.40571526445718625,0.0,0.0
CD69,0.0,0.0,2.9991968979101786,1.825455666949445,0.0,0.0,0.0
VWA5A,0.0,0.0,2.3496850828178166,0.0,0.0,0.0,0.0
SAMSN1,0.0,0.0,2.5586953133485437,0.0,0.2793883058854837,0.3539996614705277,0.0
RGS13,0.0,0.0,2.2803017793980076,0.0,0.0,0.0,0.0
LTC4S,0.0,0.0,2.115312065987916,0.0,0.0,0.0,0.0
SLC18A2,0.0,0.0,2.011929643571263,0.0,0.0,0.0,0.0
CLU,0.0,0.8995392516031541,2.4813087558559057,0.0,0.0,0.0,0.0
FCER1A,0.0,0.0,1.7748776090823744,0.0,0.0,0.0,0.0
GATA2,0.0,0.0,1.7932192930572,0.0,0.0,0.0,0.0
C1orf186,0.0,0.0,1.7101898634577002,0.0,0.0,0.0,0.0
KIT,0.0,0.0,1.6703568623472915,0.0,0.0,0.0,0.0
HDC,0.0,0.0,1.6692195803127332,0.0,0.0,0.0,0.0
BIRC3,0.0,0.0,1.7932192930572,0.0,0.0,0.0,0.0
IL1RL1,0.0,0.0,1.6107191425901488,0.0,0.0,0.0,0.0
CKLF,0.0,0.0,1.9997292208390658,0.0,0.7416729194796761,0.9964044065520069,0.0
ID2,0.0,0.0,2.575799239099136,2.327345391297117,0.613849315065496,0.9288626217307198,0.0
GPR65,0.0,0.0,1.736855661787214,0.0,0.2570560459870374,0.0,0.0
MAOB,0.0,0.0,1.6024348597803908,0.0,0.0,0.0,0.0
HPGD,0.0,0.0,1.8824345681207493,0.0,0.6770691538924968,0.0,0.0
LMO4,0.0,0.0,1.6791689908094365,0.0,0.24433395259508256,0.0,0.0
PLIN2,0.0,0.0,1.8302751413086704,0.0,1.3380232315577627,0.0,0.0
CSF1,0.0,0.0,1.4722624777214541,0.0,0.0,0.0,0.0
SIGLEC17P,0.0,0.0,1.4350845252893227,0.0,0.0,0.0,0.0
AREG,0.0,0.7011932069303235,1.341521540338446,0.0,0.0,0.0,0.0
SELK,0.0,0.7045386788460407,1.9825115934583704,0.0,0.7785959420624528,0.0,0.0
SOCS1,0.0,0.0,1.5804787375161233,0.0,0.0,0.0,0.0
CPM,0.0,0.7218595338096416,1.7164647201271586,0.0,0.30056288908793194,0.0,0.0
DDIT4,0.0,0.0,1.692422279362423,1.4130546315187804,0.0,0.0,0.0
LOC284454,0.0,0.0,1.497885426528353,0.0,0.0,0.0,0.0
CREM,0.0,0.0,1.4538978344739921,0.0,0.18790102349240723,0.0,0.0
CALB2,0.0,0.0,1.1862553536754092,0.0,0.0,0.0,0.0
LOC101927482,0.0,0.0,0.804047876593387,0.0,0.0,0.0,0.0
TNFAIP3,0.0,0.0,1.5359298892746758,0.0,0.0,0.0,0.0
ITM2C,0.0,0.0,1.452893278653912,0.0,0.0,0.0,0.0
ELF1,0.0,0.0,1.6558038329920262,0.0,0.4061914245886572,0.43677326320072707,0.0
RHOH,0.0,0.0,1.3252681320052149,0.0,0.0,0.0,0.0
STMN1,0.0,0.0,1.6305683207208148,0.0,1.2323123580240773,0.0,0.0
FOSB,0.0,0.9194222187663961,1.7957707060545078,0.0,0.0,0.6706330647145475,0.0
BHLHE40,0.0,0.0,1.4341100592652283,0.0,0.35066337877740933,0.0,0.0
SLC45A3,0.0,0.0,0.8243551334499757,0.0,0.0,0.0,0.0
RENBP,0.0,0.0,1.1626148341453846,0.0,0.6514146494229015,0.0,0.0
PTGS1,0.0,0.0,0.879643129569817,0.0,0.0,0.0,0.0
GADD45B,0.0,1.2566082205033982,1.6144164428118843,0.0,0.28119922597246855,0.0,0.0
CD37,0.0,0.0,1.6805895123320305,1.6675607984435787,1.6109781514756016,1.6340450121610215,0.0
CTNNBL1,0.0,0.0,1.086494121406904,0.0,0.30309638199660394,0.0,0.0
SLC2A3,0.0,0.0,1.1725290866934812,0.0,0.16991639968499947,0.0,0.0
BATF,0.0,0.0,0.7882828555213179,0.0,0.0,0.0,0.0
LAT2,0.0,0.0,0.9248963240401338,0.0,0.3723363858428185,0.0,0.0
LAT,0.0,0.0,0.9413646076703833,0.0,0.0,0.0,0.0
ACSL4,0.0,0.0,0.7817970122417337,0.0,0.0,0.0,0.0
NFKBIZ,0.0,0.0,1.1596016210907243,0.0,0.0,0.0,0.0
RGS10,0.0,0.0,1.111578434665377,0.0,0.6434186106288808,1.0714994591271771,0.0
BTK,0.0,0.0,0.6113713976157844,0.0,0.3696079874944137,0.0,0.0
PRKAR1A,0.0,0.9182451788617796,1.4431832259137587,0.0,0.4601318083108753,0.0,0.0
ACOT7,0.0,0.0,0.9143750224760161,0.0,0.851972646178119,0.0,0.0
MYADM,0.0,0.0,1.5387971416453674,0.0,1.086494121406904,0.0,1.5188499344667616
FOXP1,0.0,0.0,1.19888692580485,0.0,0.0,0.0,0.0
SEPT2,0.0,0.0,1.160202876364466,0.0,0.4496082915599499,0.0,0.0
PEBP1,0.0,1.8274416389762607,1.9291281979644628,0.0,1.5528862847600826,0.0,1.7805972548586166
SNHG8,0.0,0.24273963960205128,1.0619993360205968,0.0,0.18768526638292668,0.0,0.0
C4orf48,0.0,0.0,1.058914374415745,0.0,0.8994959724959435,0.9512976631760214,0.0
CAMLG,0.0,0.0,0.9735955746780143,0.0,0.34876072267365094,0.0,0.0
NR4A1,0.0,0.7445924810833089,0.7700888888718374,0.0,0.0,0.0,0.0
PRNP,0.0,0.0,0.9733905874193045,0.0,0.38531644247726393,0.0,0.0
RPL36A,0.0,0.41934857706010453,1.295609974177237,0.0,0.2799551427226879,1.1084413700892766,0.0
VMP1,0.0,0.0,0.9624576401607463,0.0,0.33592456648749275,0.0,0.0
AP3S1,0.0,0.0,0.9143750224760161,0.0,0.43354150863007973,0.0,0.0
SQSTM1,0.0,1.1228888072859133,1.5583420163377217,0.0,1.138406808774216,0.0,1.1986442877044263
EIF3D,0.0,0.4559521661302367,1.217822197337093,0.0,0.6200563143653816,0.669374996242048,0.0
PDCD4,0.0,0.0,0.675382995212633,0.0,0.2196978181485882,0.0,0.0
CMPK1,0.0,0.4313857590707871,1.1588510236475011,0.0,0.5825899033773517,0.0,0.0
RPL13AP5,0.0,0.0,1.0455695526836286,0.0,0.0,0.9358685151169686,0.0
BEX4,0.0,0.594623068248079,0.8897473185248667,0.0,0.5774524598854816,0.0,0.0
RBM39,0.0,0.6104378785019613,1.2139817192032574,0.0,0.5044025207103793,0.4960738034571883,0.0
DDX3X,0.0,0.0,1.0345694424746474,0.0,0.41118749973511914,0.6907061501302211,0.0
CSDE1,0.0,0.762262059023117,1.2324270878412205,0.0,0.7531106453275026,0.8382582508094786,0.0
SERPINB1,0.0,1.0742843033788698,1.3776569284182432,0.0,1.0927798225054168,1.1240443402302172,0.0
RBMX,0.0,0.5664284260892412,1.0893651950353123,0.0,0.34791498287615713,0.0,0.0
RSL24D1,0.0,0.5847276157330071,1.1309619780897204,0.0,0.649162663240796,0.7676365327160428,0.0
HNRNPA3,0.0,0.9333337450755463,1.3275042528931833,0.0,0.7548587349919514,0.9691072358863615,0.0
SNHG6,0.0,0.3689913381696546,1.0519532598785035,0.0,0.3999424116255131,0.7486206740349745,0.0
SFT2D1,0.0,0.5823108097350926,1.1168044819417708,0.0,1.0857696625016007,0.8558454145934212,0.0
EIF4B,0.0,0.6287545277035751,0.9343644356767398,0.0,0.4144979773654951,0.7092261792259822,0.0
ANXA7,0.0,0.5343576941062136,1.038679590007381,0.0,0.7425087568405134,0.0,0.0
HNRNPU,0.0,0.7788617268546291,1.0954224933000096,0.0,0.5779442663877937,0.8407237363982893,0.0
OSTF1,0.0,0.0,1.0108537829229851,0.0,0.9963505231977845,0.7280590954252786,0.0
ACTR3,0.0,0.0,1.1114416341127082,0.5356547557176982,1.0796771600043835,0.9664759206827517,0.0
HNRNPM,0.0,0.5781045941593316,1.013306295205318,0.0,0.5032747014805731,0.0,0.0
JUND,0.0,1.0908070011262652,1.2022954206505634,0.0,0.6955810349021855,0.9840699336722173,0.0
RBM8A,0.0,0.8175138873374704,1.1895840668738364,0.0,0.9149578077058907,0.6304341180490667,0.0
COX17,0.0,0.6727407957443432,0.9988898735305197,0.0,0.7940847382674281,0.4892875859362488,0.0
NFE2L2,0.0,0.6739413716804119,0.879643129569817,0.0,0.6816247024196116,0.0,0.0
CALM3,0.0,0.0,0.8358820398292943,0.0,0.7334495595839676,0.42880258741826527,0.0
ST13,0.0,0.9071345335747178,1.0893651950353123,0.0,1.0425083039777154,0.6235297168155661,0.0
CAST,0.0,0.7274542853900144,1.067351670342711,0.0,0.937732287618852,0.8827899485059976,0.0
DNAJB6,0.0,0.380789284168193,0.9099184386263212,0.0,0.7907113879292392,0.0,0.0
DHRS7,0.0,0.0,0.8515104085027652,0.0,0.8387053824229621,0.0,0.0
EIF1AX,0.0,0.8791347107721181,0.993289552341216,0.0,0.6837805850901126,0.5069448639123061,0.0
HNRNPC,0.0,0.7983754610433268,1.0498964159440518,0.0,1.015210274376734,1.0013887935053456,0.0
SLPI,0.0,4.137491886831754,0.0,0.0,0.0,0.0,0.0
SFTPB,0.0,4.535559813988598,0.0,0.0,0.0,0.0,0.0
SFTPA1,0.0,4.422421397033487,0.0,0.0,0.0,0.0,0.0
SFTPA2,0.0,4.218947586845619,0.0,0.0,0.0,0.0,0.0
NAPSA,0.0,3.2299363652710325,0.0,0.0,0.0,0.0,0.0
SFTPD,0.0,3.0867112092429196,0.0,0.0,0.0,0.0,0.0
CXCL17,0.0,2.3783854738185086,0.0,0.0,0.0,0.0,0.0
SCGB3A1,0.0,2.0678798016747577,0.0,0.0,0.0,0.0,0.0
SFTA2,0.0,2.386936846707316,0.0,0.0,0.0,0.0,0.0
AGR3,0.0,1.9806962247075552,0.0,0.0,0.0,0.0,0.0
FXYD3,0.0,1.8063517277817902,0.0,0.0,0.0,0.0,0.0
SCGB3A2,0.0,1.4074168236665794,0.0,0.0,0.0,0.0,0.0
KRT19,0.0,1.6371171965006073,0.0,0.0,0.0,0.0,0.0
MUC1,0.0,2.1069454409564226,0.0,0.0,0.0,0.0,0.0
SLC34A2,0.0,2.0297269566697205,0.0,0.0,0.0,0.0,0.0
WFDC2,0.0,1.713133883685746,0.0,0.0,0.0,0.0,0.0
PGC,0.0,1.7367598171224858,0.0,0.0,0.0,0.0,0.0
KRT18,0.0,1.8262567764620135,0.0,0.0,0.0,0.0,0.0
KRT8,0.0,1.7014871519939776,0.0,0.0,0.0,0.0,0.0
FOLR1,0.0,1.7656552725726788,0.0,0.0,0.0,0.0,0.0
SELENBP1,0.0,1.8901475914128705,0.0,0.0,0.0,0.0,0.0
ELF3,0.0,1.6731645060645173,0.0,0.0,0.0,0.0,0.0
PIGR,0.0,1.6462298778797484,0.0,0.0,0.0,0.0,0.0
AGR2,0.0,1.5550925708249812,0.0,0.0,0.0,0.0,0.0
AK1,0.0,1.8994304242317979,0.0,0.0,0.0,0.0,0.0
SFTA3,0.0,1.6666893940664176,0.0,0.0,0.0,0.0,0.0
CLDN4,0.0,1.4662729728031842,0.0,0.0,0.0,0.0,0.0
SCGB1A1,0.0,1.5743301966763394,0.0,0.0,0.0,0.0,0.0
TACSTD2,0.0,1.216594755104166,0.0,0.0,0.0,0.0,0.0
CXCL2,0.0,1.3168087583933539,0.0,0.0,0.0,0.0,0.0
EPCAM,0.0,1.3642148046776006,0.0,0.0,0.0,0.0,0.0
C4BPA,0.0,1.471246851359231,0.0,0.0,0.0,0.0,0.0
MALL,0.0,1.5397173576473424,0.0,0.0,0.0,0.0,0.0
S100A14,0.0,1.4439660261692526,0.0,0.0,0.0,0.0,0.0
C16orf89,0.0,1.5343583250839319,0.0,0.0,0.0,0.0,0.0
PEBP4,0.0,1.5388690398525657,0.0,0.0,0.0,0.0,0.0
CYP4B1,0.0,1.0081929957815001,0.0,0.0,0.0,0.0,0.0
SDC4,0.0,1.3165921597139458,0.0,0.0,0.0,0.0,0.0
TSTD1,0.0,1.4996851987186113,0.0,0.0,0.0,0.0,0.0
KRT7,0.0,0.8706265520026522,0.0,0.0,0.0,0.0,0.0
CLDN18,0.0,0.9487692011577707,0.0,0.0,0.0,0.0,0.0
TSPAN13,0.0,1.0048058400742477,0.0,0.0,0.0,0.0,0.0
NKX2-1,0.0,0.9168911521863988,0.0,0.0,0.0,0.0,0.0
C19orf33,0.0,0.9119181476336178,0.0,0.0,0.0,0.0,0.0
F3,0.0,0.9415079804630053,0.0,0.0,0.0,0.0,0.0
PERP,0.0,0.964839146475271,0.0,0.0,0.0,0.0,0.0
DHCR24,0.0,0.9655938445255488,0.0,0.0,0.0,0.0,0.0
LMO7,0.0,0.7494259963987223,0.0,0.0,0.0,0.0,0.0
ICAM1,0.0,0.9409119003113469,0.0,0.0,0.0,0.0,0.0
SLC39A8,0.0,0.8358820398292943,0.0,0.0,0.0,0.0,0.0
LAMP3,0.0,0.7331263721689519,0.0,0.0,0.0,0.0,0.0
IFT57,0.0,0.9565218784653562,0.0,0.0,0.0,0.0,0.0
KLF5,0.0,0.8256153291237516,0.0,0.0,0.0,0.0,0.0
WIF1,0.0,0.4280950820926065,0.0,0.0,0.0,0.0,0.0
HSD17B6,0.0,0.7211529450476025,0.0,0.0,0.0,0.0,0.0
CLIC3,0.0,0.8685670680191129,0.0,0.0,0.0,0.0,0.0
CKB,0.0,0.8700217858095952,0.0,0.0,0.0,0.0,0.0
CRNDE,0.0,0.8004161341907654,0.0,0.0,0.0,0.0,0.0
NCOA7,0.0,0.8450191173541238,0.0,0.0,0.0,0.0,0.0
CLDN3,0.0,0.6338420332027279,0.0,0.0,0.0,0.0,0.0
MAL2,0.0,0.7891015624692375,0.0,0.0,0.0,0.0,0.0
C3,0.0,0.7724951928035899,0.0,0.0,0.0,0.0,0.0
TMEM125,0.0,0.7630862596195158,0.0,0.0,0.0,0.0,0.0
AQP4,0.0,0.47027384826904395,0.0,0.0,0.0,0.0,0.0
ABCA3,0.0,0.5339129112867127,0.0,0.0,0.0,0.0,0.0
LRRK2,0.0,0.47746655412902816,0.0,0.0,0.0,0.0,0.0
RNF145,0.0,0.9817155359293489,0.0,0.0,0.0,0.0,0.0
RAB25,0.0,0.7193388662547644,0.0,0.0,0.0,0.0,0.0
RGS16,0.0,0.5391809973445304,0.0,0.0,0.0,0.0,0.0
LPCAT1,0.0,0.6912774842007516,0.0,0.0,0.0,0.0,0.0
SDR16C5,0.0,0.6202152636657532,0.0,0.0,0.0,0.0,0.0
STARD10,0.0,0.7131028089234134,0.0,0.0,0.0,0.0,0.0
BTG3,0.0,0.9186069847142018,0.0,0.0,0.0,0.0,0.0
DMKN,0.0,0.6316896116196282,0.0,0.0,0.0,0.0,0.0
MBIP,0.0,0.7105398806071797,0.0,0.0,0.0,0.0,0.0
VSIG2,0.0,0.542562304277315,0.0,0.0,0.0,0.0,0.0
FGGY,0.0,0.546850611405129,0.0,0.0,0.0,0.0,0.0
C14orf1,0.0,0.7518347587678565,0.0,0.0,0.0,0.0,0.0
EFNA1,0.0,0.49826894823639967,0.0,0.0,0.0,0.0,0.0
SECISBP2L,0.0,0.6380874752137731,0.0,0.0,0.0,0.0,0.0
TNFRSF12A,0.0,0.23399305756841357,0.0,0.0,0.0,0.0,0.0
ALCAM,0.0,0.3017229719918128,0.0,0.0,0.0,0.0,0.0
MPZL2,0.0,0.6040222148095229,0.0,0.0,0.0,0.0,0.0
CADM1,0.0,0.3424534576342463,0.0,0.0,0.0,0.0,0.0
SH3YL1,0.0,0.6348614351504878,0.0,0.0,0.0,0.0,0.0
SLC25A4,0.0,0.6190458181882057,0.0,0.0,0.0,0.0,0.0
PMM1,0.0,0.4679804306298275,0.0,0.0,0.0,0.0,0.0
CXADR,0.0,0.4121596849369335,0.0,0.0,0.0,0.0,0.0
LDLR,0.0,0.29924683589606926,0.0,0.0,0.0,0.0,0.0
EBPL,0.0,0.6646203238726318,0.0,0.0,0.0,0.0,0.0
DLC1,0.0,0.5005351358994085,0.0,0.0,0.0,0.0,0.0
LIMCH1,0.0,0.47151140191771135,0.0,0.0,0.0,0.0,0.0
LSR,0.0,0.47008630203158697,0.0,0.0,0.0,0.0,0.0
RASSF7,0.0,0.2637190067510726,0.0,0.0,0.0,0.0,0.0
MAP3K13,0.0,0.5344198248327533,0.0,0.0,0.0,0.0,0.0
ASPH,0.0,0.40494079642836434,0.0,0.0,0.0,0.0,0.0
DNPH1,0.0,0.31745303823657883,0.0,0.0,0.0,0.0,0.0
ARRDC3,0.0,0.4801011520222448,0.0,0.0,0.0,0.0,0.0
NFIC,0.0,0.6437043893657795,0.0,0.0,0.0,0.0,0.0
TMEM87A,0.0,0.6030148460275933,0.0,0.0,0.0,0.0,0.0
BAD,0.0,0.601811909645386,0.0,0.0,0.0,0.0,0.0
OCIAD2,0.0,0.6270030801785818,0.0,0.0,0.0,0.0,0.0
PON2,0.0,0.4277503492379841,0.0,0.0,0.0,0.0,0.0
PIM3,0.0,0.4983704235199312,0.0,0.0,0.0,0.0,0.0
EI24,0.0,0.32337420243133363,0.0,0.0,0.0,0.0,0.0
GOLGA4,0.0,0.4248628457991723,0.0,0.0,0.0,0.0,0.0
RAMP2,3.6615038033567298,0.0,0.0,0.0,0.0,0.0,0.0
CLDN5,3.3204425585550332,0.0,0.0,0.0,0.0,0.0,0.0
IFI27,4.146590258920685,0.5260918067228965,0.0,0.0,1.4175058428630634,0.0,0.0
CAV1,3.6326970228111355,0.0,0.0,0.0,0.0,0.0,2.0905897326634144
GNG11,3.1215448516947757,0.0,0.0,0.0,0.0,0.0,0.0
TNFSF10,3.453346958047817,0.0,0.0,0.0,0.31984735457616686,0.0,0.0
C10orf10,3.219068344239165,0.0,0.0,0.0,0.0,0.0,0.0
CLEC3B,2.753461777338937,0.0,0.0,0.0,0.0,0.0,0.0
TM4SF1,2.9262592422210134,1.191017259792992,0.0,0.0,0.0,0.0,0.0
EPAS1,2.9069577829535476,0.0,0.0,0.0,0.23216019135619625,0.0,0.0
SDPR,2.7266962229212206,0.0,1.6043374869684417,0.0,0.0,0.0,0.0
TMEM100,2.577456407923522,0.0,0.0,0.0,0.0,0.0,0.0
CLEC14A,2.396986677424215,0.0,0.0,0.0,0.0,0.0,0.0
FCN3,2.4436719927303687,0.0,0.0,0.0,0.0,0.0,0.0
EGFL7,2.3524920836935186,0.0,0.0,0.0,0.0,0.0,0.0
IGFBP4,2.4363425284142846,0.0,0.0,0.0,0.0,0.0,0.0
EDN1,2.132137902210612,0.0,0.0,0.0,0.0,0.0,0.0
RNASE1,3.051502389185478,2.727411634382296,0.0,0.0,0.0,0.0,0.0
RAMP3,2.0470943412549034,0.0,0.0,0.0,0.0,0.0,0.0
HYAL2,2.1308282905944504,0.0,0.0,0.0,0.0,0.0,0.0
SLC9A3R2,2.1968691797201902,0.0,0.0,0.0,0.0,0.0,0.0
PECAM1,2.2943467760027803,0.0,0.0,0.0,0.9424785210498083,0.5706786699541906,0.0
ESAM,2.1232612460802778,0.0,0.0,0.0,0.0,0.0,0.0
CAV2,2.23415064368759,0.0,0.0,0.0,0.0,0.0,1.2177104959560532
CALCRL,1.97723927763111,0.0,0.0,0.0,0.0,0.0,0.0
CA4,1.9884031354578866,0.0,0.0,0.0,0.0,0.0,0.0
ITM2A,2.1361605573883597,0.0,0.9099184386263212,0.0,0.0,0.0,0.0
EMCN,1.834795506392883,0.0,0.0,0.0,0.0,0.0,0.0
PTRF,2.057443673840837,0.0,0.0,0.0,0.0,0.0,1.4454105286247259
ECSCR,1.8598842851049429,0.0,0.0,0.0,0.0,0.0,0.0
SOCS3,2.2243449675861253,0.9032325624744985,0.0,0.0,0.0,0.0,0.0
ENG,1.9300926812195993,0.0,0.0,0.0,0.5398236916619745,0.0,0.0
ARHGAP29,1.8090499940242668,0.0,0.0,0.0,0.0,0.0,0.0
ICAM2,1.9254495096852318,0.0,0.0,0.0,0.4689858783870887,0.0,0.0
AQP1,1.9039943713514171,0.0,0.0,0.0,0.0,0.0,0.0
VAMP5,2.037461855946067,0.0,0.0,0.0,0.3080458476442462,0.8407237363982893,0.0
NPDC1,1.8166667051946974,0.0,0.0,0.0,0.0,0.0,0.0
LDB2,1.6481340197890484,0.0,0.0,0.0,0.0,0.0,0.0
CRIP2,2.0306751785372734,0.0,0.0,0.0,0.0,0.0,1.56848926349027
EMP2,2.1979360046672483,1.3285031222722457,0.0,0.0,0.0,0.0,1.491448243860358
GIMAP7,1.8341687054544922,0.0,0.0,1.161859902283347,0.0,0.0,0.0
ACVRL1,1.696048879873327,0.0,0.0,0.0,0.31984735457616686,0.0,0.0
CDH5,1.543411609153599,0.0,0.0,0.0,0.0,0.0,0.0
STOM,1.9999593692755906,0.0,0.0,0.0,0.5542792166611322,0.0,0.8105831506521606
APP,1.7851237448126567,0.0,0.0,0.0,0.0,0.0,0.0
CTNNAL1,1.4516007236617474,0.0,0.0,0.0,0.0,0.0,0.0
ADIRF,2.2673995917128975,2.0406801058715685,0.0,0.0,0.0,0.0,2.261601864496068
MARCKSL1,1.585051199749734,0.0,0.0,0.0,0.0,0.0,0.0
TSPAN7,1.276148229255776,0.0,0.0,0.0,0.0,0.0,0.0
SH3BP5,1.6165153886971626,0.0,0.0,0.0,0.4650327394610646,0.0,0.0
RHOC,1.9070391053192166,0.0,0.0,0.0,0.330016841450855,0.0,1.1318155040606654
ETS2,1.82808062073905,0.7487821658365996,0.0,0.0,0.31097163585127735,0.0,0.0
C8orf4,1.8866973668929599,1.4970777084465623,0.0,0.0,0.0,0.0,1.514546233198022
S100A16,1.6223621634150358,0.0,0.0,0.0,0.0,0.0,0.0
TCF4,1.562501301088584,0.0,0.0,0.0,0.0,0.0,0.8947643976261273
CD36,1.184362909210393,0.0,0.0,0.0,0.0,0.0,0.0
BCAM,1.7255733367854025,0.9288863827492433,0.0,0.0,0.0,0.0,0.0
TFPI,1.5654886719622092,0.0,0.0,0.0,0.0,0.0,1.1368229171816588
JAM2,0.9879684368726362,0.0,0.0,0.0,0.0,0.0,0.0
THBD,1.2528522685616874,0.0,0.0,0.0,0.8589314038338995,0.0,0.0
KLF4,1.6680843898056463,0.0,0.0,0.0,0.9473168768196358,1.0010620803575607,0.0
ID3,1.3443449309600237,0.0,0.0,0.0,0.0,0.0,1.1047834915105559
KANK3,0.6695874543416751,0.0,0.0,0.0,0.0,0.0,0.0
CCDC85B,1.7528933598383625,0.0,0.0,0.0,0.6176184047993807,0.0,0.0
WARS,1.0365613711846466,0.0,0.0,0.0,0.4944091923672446,0.0,0.0
RAB11A,1.7675912990785687,0.6725294609702417,0.0,0.0,0.8574049962870133,0.0,0.0
GIMAP4,1.373569817028474,0.0,0.0,0.0,0.24371755360556602,0.0,0.0
CARHSP1,1.1663299427696008,0.0,0.0,0.0,0.0,0.0,0.0
CSRNP1,1.3083729646352371,0.0,0.0,0.0,0.0,0.0,0.0
RDX,1.3693977680699505,0.0,0.0,0.0,0.33772838128315325,0.0,0.0
SPTBN1,1.0817690183760185,0.0,0.0,0.0,0.0,0.0,0.0
LAP3,1.3041522690846588,0.0,0.0,0.0,1.068278724143691,0.0,0.0
SERPINB6,1.514131293046603,0.2598046541760271,0.0,0.0,0.9245292083231937,0.0,0.0
IFNGR1,1.4155886559023485,0.0,0.0,0.0,0.9284304094748302,0.6809252697677064,0.0
HLA-F,1.3552419856469005,0.0,0.0,0.0,0.8760291184276847,0.0,0.0
TSPAN4,1.269806569222339,0.0,0.0,0.0,0.5179113306080104,0.0,1.208189254704871
CFLAR,1.2200051371241578,0.0,0.0,0.0,0.23362581661079634,0.2426478217787938,0.0
PRMT1,1.1137036369080198,0.5067725444793376,0.0,0.0,0.2905692919962376,0.0,0.0
CLEC2B,1.2049078416666577,0.0,0.0,0.0,0.8200652667420248,0.6812627407263508,0.0
MGST2,0.7687213320448263,0.0,0.0,0.0,0.6875118731816986,0.0,0.0
PSMB8,1.492516574375198,0.0,0.0,0.0,1.1026059576605842,0.9579798202393823,0.0
IFI16,0.7684367579950675,0.0,0.0,0.0,0.4320954259018936,0.7279522877834786,0.0
TNFRSF1A,1.1152879956933994,0.6451156892379581,0.0,0.0,0.5203781055677094,0.0,0.0
TMEM123,1.1132966508751148,0.0,0.0,0.0,0.5528646538632932,0.340684815760758,0.0
CDC37,1.3374673323002135,0.34195541556525705,0.0,0.0,1.0982124485988083,0.0,0.0
RAB1A,1.009965477155641,0.6995711163523565,0.0,0.0,0.9054202547347511,0.0,0.0
