,BE,EC,Fib,LE,Leu,SM,weight
10974,0.6705169692134806,0.0,0.6705169692134806,0.0,0.6705169692134806,0.0,0.6705169692134806
10581,nan,0.0,0.0,nan,nan,0.0,0.0
687,0.47,0.47,0.47,0.47,0.47,0.0,0.47
64129,0.1632138375250183,0.1632138375250183,0.1632138375250183,0.1632138375250183,0.1632138375250183,0.0,0.1632138375250183
2,0.9135720165548153,0.9135720165548153,0.0,0.9135720165548153,0.9135720165548153,0.0,0.9135720165548153
3122,0.20331295829546508,0.0,0.20331295829546508,0.20331295829546508,0.0,0.20331295829546508,0.20331295829546508
972,0.24037954358207297,0.0,0.24037954358207297,0.24037954358207297,0.0,0.24037954358207297,0.24037954358207297
5552,0.6956465413453106,0.0,0.6956465413453106,0.6956465413453106,0.0,0.6956465413453106,0.6956465413453106
5996,0.880980164152612,0.880980164152612,0.880980164152612,0.880980164152612,0.0,0.880980164152612,0.880980164152612
3115,0.37525694306935975,0.0,0.37525694306935975,0.37525694306935975,0.0,0.37525694306935975,0.37525694306935975
2207,0.895074651733345,0.895074651733345,0.895074651733345,0.895074651733345,0.0,0.895074651733345,0.895074651733345
3113,0.1968861997488558,0.0,0.1968861997488558,0.1968861997488558,0.0,0.1968861997488558,0.1968861997488558
4069,0.8200652981348844,0.8200652981348844,0.8200652981348844,0.8200652981348844,0.0,0.8200652981348844,0.8200652981348844
1535,nan,nan,nan,nan,0.0,nan,0.0
7805,0.8597257640364617,0.8597257640364617,0.8597257640364617,0.8597257640364617,0.0,0.8597257640364617,0.8597257640364617
199,0.6779539196068811,0.6779539196068811,0.6779539196068811,0.6779539196068811,0.0,0.6779539196068811,0.6779539196068811
3119,0.06620392761324126,0.06620392761324126,0.06620392761324126,0.06620392761324126,0.0,0.06620392761324126,0.06620392761324126
241,0.7428699813759462,0.7428699813759462,0.7428699813759462,0.7428699813759462,0.0,0.7428699813759462,0.7428699813759462
3108,nan,nan,nan,nan,0.0,nan,0.0
2217,nan,0.0,0.0,nan,0.0,nan,0.0
128346,0.9527609333333333,0.9527609333333333,0.9527609333333333,0.9527609333333333,0.0,0.9527609333333333,0.9527609333333333
427,nan,nan,nan,nan,0.0,nan,0.0
728,0.5484525506732515,0.5484525506732515,0.5484525506732515,0.5484525506732515,0.0,0.5484525506732515,0.5484525506732515
5329,0.08893006765046929,0.08893006765046929,0.0,0.08893006765046929,0.0,0.08893006765046929,0.08893006765046929
397,0.94,0.94,0.94,0.94,0.0,0.94,0.94
7378,nan,0.0,nan,nan,0.0,nan,0.0
822,0.824061783848601,0.824061783848601,0.824061783848601,0.824061783848601,0.0,0.824061783848601,0.824061783848601
4245,nan,nan,nan,nan,0.0,nan,0.0
9555,nan,nan,nan,nan,0.0,nan,0.0
27101,nan,nan,nan,nan,0.0,nan,0.0
4477,0.9080932286148128,0.9080932286148128,0.9080932286148128,0.0,0.9080932286148128,0.9080932286148128,0.9080932286148128
5349,0.0,0.6161755028680032,0.6161755028680032,0.0,0.6161755028680032,0.6161755028680032,0.6161755028680032
124220,0.5086772680757186,0.5086772680757186,0.5086772680757186,0.0,0.5086772680757186,0.5086772680757186,0.5086772680757186
10653,0.0,0.0887254695,0.0887254695,0.0,0.0887254695,0.0887254695,0.0887254695
8673,0.0,0.595,0.595,0.0,0.0,0.595,0.595
26471,0.0,0.7710404384812783,0.7710404384812783,0.0,0.7710404384812783,0.0,0.7710404384812783
132299,0.3514285714285714,0.3514285714285714,0.3514285714285714,0.0,0.3514285714285714,0.3514285714285714,0.3514285714285714
1675,0.5968421921321027,0.5968421921321027,0.0,0.5968421921321027,0.5968421921321027,0.5968421921321027,0.5968421921321027
4256,0.7755827599189722,0.0,0.0,0.7755827599189722,0.7755827599189722,0.0,0.7755827599189722
5176,0.7419971136334578,0.7419971136334578,0.0,0.7419971136334578,0.7419971136334578,0.7419971136334578,0.7419971136334578
3569,0.1701842557021957,0.1701842557021957,0.0,0.1701842557021957,0.1701842557021957,0.1701842557021957,0.1701842557021957
5270,nan,nan,0.0,nan,nan,nan,0.0
1292,0.14089492297460177,0.14089492297460177,0.0,0.14089492297460177,0.14089492297460177,0.0,0.14089492297460177
9590,0.6576617356201644,0.6576617356201644,0.0,0.6576617356201644,0.6576617356201644,0.0,0.6576617356201644
4239,0.4159903157253002,0.4159903157253002,0.0,0.4159903157253002,0.4159903157253002,0.4159903157253002,0.4159903157253002
2014,nan,nan,0.0,nan,0.0,nan,0.0
7035,nan,nan,0.0,nan,nan,nan,0.0
7130,0.9149963091757342,0.9149963091757342,0.0,0.9149963091757342,0.9149963091757342,0.9149963091757342,0.9149963091757342
2247,0.033727070604983055,0.033727070604983055,0.0,0.033727070604983055,0.033727070604983055,0.033727070604983055,0.033727070604983055
6275,0.8914285714285715,0.8914285714285715,0.0,0.8914285714285715,0.0,0.0,0.8914285714285715
2995,0.5969758988045732,0.5969758988045732,0.0,0.5969758988045732,0.5969758988045732,0.5969758988045732,0.5969758988045732
1514,nan,nan,0.0,nan,nan,nan,0.0
11167,nan,nan,0.0,nan,nan,nan,0.0
5621,nan,nan,0.0,nan,nan,nan,0.0
558,0.02,0.02,0.0,0.02,0.02,0.0,0.02
3959,nan,nan,0.0,nan,nan,nan,0.0
7803,nan,nan,0.0,nan,nan,nan,0.0
8572,0.0,0.03200140972607659,0.0,0.03200140972607659,0.03200140972607659,0.03200140972607659,0.03200140972607659
3429,0.5792166453647069,0.0,0.5792166453647069,0.5792166453647069,0.5792166453647069,0.5792166453647069,0.5792166453647069
7122,0.8970095005763045,0.0,0.8970095005763045,0.8970095005763045,0.8970095005763045,0.8970095005763045,0.8970095005763045
22918,0.6015441923324496,0.0,0.6015441923324496,0.6015441923324496,0.6015441923324496,0.6015441923324496,0.6015441923324496
6781,0.058897066486529315,0.0,0.058897066486529315,0.058897066486529315,0.058897066486529315,0.058897066486529315,0.058897066486529315
25937,0.566392560112367,0.0,0.566392560112367,0.566392560112367,0.566392560112367,0.566392560112367,0.566392560112367
2012,0.52,0.0,0.0,0.52,0.52,0.52,0.52
6678,nan,0.0,0.0,nan,nan,0.0,0.0
8837,0.7805555555555556,0.0,0.7805555555555556,0.7805555555555556,0.0,0.7805555555555556,0.7805555555555556
641700,0.6027776436466401,0.0,0.6027776436466401,0.6027776436466401,0.6027776436466401,0.6027776436466401,0.6027776436466401
5376,0.6086609214368442,0.0,0.0,0.6086609214368442,0.6086609214368442,0.6086609214368442,0.6086609214368442
9976,0.7438376803028303,0.0,0.7438376803028303,0.7438376803028303,0.0,0.7438376803028303,0.7438376803028303
5872,nan,0.0,nan,0.0,nan,nan,0.0
2697,0.41,0.0,0.41,0.41,0.41,0.41,0.41
4258,0.0,0.0,0.30666666666666664,0.30666666666666664,0.30666666666666664,0.30666666666666664,0.30666666666666664
3872,0.0,0.7155623912165989,0.7155623912165989,0.7155623912165989,0.7155623912165989,0.7155623912165989,0.7155623912165989
4070,0.0,0.29266189749056304,0.29266189749056304,0.0,0.29266189749056304,0.29266189749056304,0.29266189749056304
3866,0.0,0.7039312603455276,0.7039312603455276,0.7039312603455276,0.7039312603455276,0.7039312603455276,0.7039312603455276
2810,0.0,0.7221118247875102,0.7221118247875102,0.0,0.7221118247875102,0.7221118247875102,0.7221118247875102
3852,0.0,0.8081074017886702,0.8081074017886702,0.8081074017886702,0.8081074017886702,0.8081074017886702,0.8081074017886702
2274,0.0,nan,nan,nan,nan,nan,0.0
3856,0.0,0.6143809138531653,0.6143809138531653,0.0,0.6143809138531653,0.6143809138531653,0.6143809138531653
25984,0.0,0.6949243561158165,0.6949243561158165,0.6949243561158165,0.6949243561158165,0.6949243561158165,0.6949243561158165
140576,0.0,0.0,0.7083333333333333,0.7083333333333333,0.7083333333333333,0.7083333333333333,0.7083333333333333
3914,0.0,0.6380300959605266,0.6380300959605266,0.6380300959605266,0.6380300959605266,0.6380300959605266,0.6380300959605266
26298,0.0,0.7250672507561546,0.7250672507561546,0.7250672507561546,0.7250672507561546,0.7250672507561546,0.7250672507561546
57402,0.0,0.8300055012965534,0.8300055012965534,0.8300055012965534,0.8300055012965534,0.8300055012965534,0.8300055012965534
1265,0.0,nan,nan,nan,nan,nan,0.0
6876,0.49636363636363634,0.49636363636363634,0.49636363636363634,0.49636363636363634,0.49636363636363634,0.0,0.49636363636363634
10398,0.0,0.1652941176470588,0.1652941176470588,0.1652941176470588,0.1652941176470588,0.0,0.1652941176470588
800,0.9,0.9,0.0,0.0,0.9,0.0,0.9
8404,0.58,0.0,0.0,0.58,0.58,0.0,0.58
2701,0.8876190476190476,0.8876190476190476,0.8876190476190476,0.8876190476190476,0.8876190476190476,0.0,0.8876190476190476
2878,0.088,0.088,0.088,0.088,0.088,0.0,0.088
6649,0.3639285714285714,0.3639285714285714,0.0,0.3639285714285714,0.3639285714285714,0.0,0.3639285714285714
2098,nan,nan,nan,nan,nan,0.0,0.0
7305,0.81,0.81,0.81,0.81,0.0,0.81,0.81
712,0.85,0.85,0.85,0.85,0.0,0.85,0.85
714,0.8866666666666667,0.8866666666666667,0.8866666666666667,0.8866666666666667,0.0,0.8866666666666667,0.8866666666666667
1880,0.75,0.75,0.75,0.75,0.0,0.75,0.75
50486,0.024880952380952382,0.024880952380952382,0.0,0.024880952380952382,0.0,0.024880952380952382,0.024880952380952382
1522,0.4261904761904762,0.4261904761904762,0.4261904761904762,0.4261904761904762,0.0,0.4261904761904762,0.4261904761904762
968,0.44,0.44,0.44,0.44,0.0,0.44,0.44
2212,0.8966666666666666,0.8966666666666666,0.8966666666666666,0.8966666666666666,0.0,0.8966666666666666,0.8966666666666666
58475,0.41,0.41,0.41,0.41,0.0,0.41,0.41
1520,0.76,0.76,0.76,0.76,0.0,0.76,0.76
4973,0.92,0.92,0.92,0.92,0.0,0.92,0.92
6688,0.6975,0.6975,0.6975,0.6975,0.0,0.6975,0.6975
1890,0.06838709677419355,0.06838709677419355,0.06838709677419355,0.06838709677419355,0.0,0.06838709677419355,0.06838709677419355
58191,0.065,0.065,0.065,0.065,0.0,0.065,0.065
1992,0.48,0.48,0.48,0.48,0.0,0.48,0.48
55,0.655,0.655,0.655,0.0,0.655,0.655,0.655
563,0.7949999999999999,0.7949999999999999,0.7949999999999999,0.0,0.7949999999999999,0.7949999999999999,0.7949999999999999
7103,0.92,0.92,0.92,0.0,0.92,0.92,0.92
5320,0.9299999999999999,0.9299999999999999,0.9299999999999999,0.0,0.9299999999999999,0.9299999999999999,0.9299999999999999
1999,0.0,0.8700000000000001,0.8700000000000001,0.0,0.8700000000000001,0.8700000000000001,0.8700000000000001
10551,0.875,0.875,0.875,0.0,0.875,0.875,0.875
100131187,0.0,0.25493006993006995,0.25493006993006995,0.0,0.25493006993006995,0.25493006993006995,0.25493006993006995
55766,0.0,nan,nan,0.0,nan,0.0,0.0
54502,0.684375,0.684375,0.684375,0.0,0.684375,0.684375,0.684375
347735,0.81,0.81,0.81,0.0,0.81,0.81,0.81
4695,nan,nan,nan,0.0,nan,nan,0.0
6638,nan,nan,nan,0.0,nan,nan,0.0
27018,nan,nan,nan,0.0,nan,nan,0.0
6342,nan,nan,nan,0.0,nan,nan,0.0
2739,nan,nan,nan,0.0,nan,nan,0.0
311,0.16153846153846155,0.16153846153846155,0.16153846153846155,0.0,0.16153846153846155,0.16153846153846155,0.16153846153846155
9556,0.0,nan,nan,0.0,0.0,nan,0.0
54539,nan,nan,nan,0.0,nan,nan,0.0
22936,0.06555555555555556,0.06555555555555556,0.06555555555555556,0.0,0.06555555555555556,0.06555555555555556,0.06555555555555556
4694,nan,nan,nan,0.0,nan,nan,0.0
4718,nan,nan,nan,0.0,nan,nan,0.0
7341,nan,0.0,nan,0.0,nan,nan,0.0
51510,nan,nan,nan,0.0,nan,nan,0.0
9167,nan,nan,nan,0.0,nan,nan,0.0
347,0.815,0.815,0.0,0.815,0.815,0.815,0.815
3488,0.5125,0.5125,0.0,0.5125,0.5125,0.0,0.5125
5764,0.08333333333333333,0.08333333333333333,0.0,0.08333333333333333,0.08333333333333333,0.08333333333333333,0.08333333333333333
715,0.0325,0.0325,0.0,0.0325,0.0325,0.0325,0.0325
710,0.75,0.75,0.0,0.75,0.75,0.0,0.75
2252,0.64,0.64,0.0,0.64,0.64,0.64,0.64
9235,0.8633333333333333,0.8633333333333333,0.0,0.8633333333333333,0.8633333333333333,0.8633333333333333,0.8633333333333333
51186,0.4175,0.0,0.0,0.4175,0.4175,0.0,0.4175
8682,nan,nan,0.0,nan,nan,nan,0.0
7095,0.0,nan,0.0,0.0,nan,nan,0.0
56999,0.0492,0.0,0.0492,0.0492,0.0492,0.0,0.0492
6401,0.8733333333333333,0.0,0.8733333333333333,0.8733333333333333,0.8733333333333333,0.8733333333333333,0.8733333333333333
10252,0.028888888888888888,0.0,0.028888888888888888,0.028888888888888888,0.028888888888888888,0.028888888888888888,0.028888888888888888
2532,0.5825,0.0,0.5825,0.5825,0.5825,0.5825,0.5825
83483,0.67,0.0,0.67,0.67,0.67,0.67,0.67
10203,0.1,0.0,0.1,0.1,0.1,0.1,0.1
9452,0.3,0.0,0.3,0.3,0.3,0.3,0.3
3669,0.88,0.0,0.88,0.88,0.88,0.88,0.88
11142,nan,0.0,nan,nan,nan,nan,0.0
1397,0.8858333333333334,0.0,0.8858333333333334,0.8858333333333334,0.8858333333333334,0.8858333333333334,0.8858333333333334
2040,nan,0.0,nan,nan,nan,0.0,0.0
11007,nan,0.0,nan,nan,nan,nan,0.0
871,0.08033333333333333,0.0,0.08033333333333333,0.08033333333333333,0.08033333333333333,0.08033333333333333,0.08033333333333333
3880,0.0,0.20214285714285715,0.20214285714285715,0.0,0.20214285714285715,0.20214285714285715,0.20214285714285715
6273,0.0,0.6087499999999999,0.6087499999999999,0.6087499999999999,0.6087499999999999,0.6087499999999999,0.6087499999999999
3875,0.0,0.31625,0.31625,0.0,0.31625,0.31625,0.31625
10205,0.0,0.4,0.4,0.4,0.4,0.4,0.4
6590,0.0,0.79,0.79,0.79,0.79,0.79,0.79
23022,0.0,0.8766666666666667,0.8766666666666667,0.8766666666666667,0.8766666666666667,0.0,0.8766666666666667
1465,0.0,0.8013888888888889,0.8013888888888889,0.8013888888888889,0.8013888888888889,0.8013888888888889,0.8013888888888889
498,0.0,nan,nan,nan,nan,nan,0.0
