marker_ID,neuron,Oligo,Astro,OPC,Endo,Microglia
PLXDC2,0.0,0.0,0.0,0.0,0.0,2.6917335433543705
ARHGAP24,0.0,0.0,1.6614269342094357,0.0,0.0,2.042134996066295
LRMDA,0.0,0.0,0.0,1.3516672259831612,1.2185686961486115,1.920792793985532
DOCK8,0.0,0.0,0.0,0.0,0.0,1.6905549926182648
AC120193,0.0,0.0,0.0,0.0,0.0,2.022050189811236
CD74,0.0,0.0,0.0,0.0,0.0,1.6953090184346187
APBB1IP,0.0,0.0,0.0,0.0,0.0,1.6165592798135398
SFMBT2,0.0,0.0,0.0,0.0,0.0,1.7522826721183193
LPAR6,0.0,0.0,0.0,0.0,0.0,1.4862869380346617
ST6GAL1,0.0,0.0,0.0,0.0,1.5418215197481393,1.5581643659392523
P2RY12,0.0,0.0,0.0,0.0,0.0,1.3787718880952013
ITPR2,0.0,0.0,1.8007744253852578,1.5030287847750152,0.0,1.8635809073070329
ADAM28,0.0,0.0,0.0,0.0,0.0,1.191962985289964
SRGAP2,0.0,0.0,0.0,0.0,0.0,1.5380791509495995
MEF2A,1.0000833363101886,0.0,0.0,0.0,1.531518946266424,1.844079539120036
FYB1,0.0,0.0,0.0,0.0,0.0,1.0039179864628245
SORL1,0.9466891250550546,0.0,0.0,0.0,0.0,1.783590155089171
ARHGAP15,0.0,0.0,0.0,0.0,0.0,1.012640707218028
INPP5D,0.0,0.0,0.0,0.0,0.0,0.7110764026844443
LDLRAD4,1.057563196249012,0.0,0.0,0.6410545260484048,0.0,1.8118298907004315
MCF2L2,0.8105486506691347,0.0,0.0,0.0,0.0,1.546548371292301
SYNDIG1,0.0,0.0,0.0,0.0,0.0,1.2001181797410552
RUNX1,0.0,0.0,0.0,0.0,0.0,1.000398864334395
ARHGAP22,0.0,0.0,0.0,0.0,0.0,0.9800053585680877
CYFIP1,0.0,0.0,0.0,0.0,0.0,0.992674898577617
BMP2K,0.0,0.0,0.0,0.0,0.0,0.8226723418919253
SLC9A9,0.0,0.0,0.0,0.0,0.0,1.1305147703716851
ATP8B4,0.0,0.0,0.0,0.0,0.0,0.3037893642765781
AC044781,0.0,0.0,0.0,0.0,0.0,0.9418514481998956
HS3ST4,0.0,0.0,0.0,0.0,0.0,1.343210410487539
ANKRD44,0.0,0.0,0.0,0.0,0.0,0.9149892540335463
MAML3,0.0,0.0,0.0,0.0,0.0,0.8722947963352561
EPB41L2,0.9439947957200888,0.0,0.0,0.0,0.0,1.594540043611575
IPCEF1,0.0,0.0,0.0,0.0,0.0,0.9001890427439945
DIAPH2,0.7815077855559907,0.0,0.0,0.0,0.0,1.4757248709936555
KCNQ3,1.3722479992996295,0.0,0.0,0.0,0.0,1.7815044914820355
MTHFD1L,0.0,0.0,0.0,0.0,0.0,0.7735626854212531
ABR,0.793371173185353,0.0,0.0,0.0,0.0,1.344521237551036
PTPRJ,0.0,0.0,0.0,0.0,0.0,0.8757099640667543
MBNL1,0.907134551840346,0.0,0.0,0.0,1.3676522268688245,1.4439952930133275
SNX29,0.0,0.0,0.0,0.0,0.0,0.2631661840034892
MED13L,1.088123412636988,0.0,0.0,0.0,1.1021579264320505,1.5266058375651301
PKN2,0.0,0.0,0.0,0.0,0.0,1.012640707218028
NDUFA4,0.9961889235369459,0.0,0.0,0.0,0.8644844074307056,1.4956665456268121
CAPZB,0.0,0.0,0.0,0.0,0.0,0.33228724596482084
SLC8A1,1.910464232988878,0.0,0.0,1.841617169853627,0.0,2.0110264459217477
FAM49B,1.2940704913321421,0.0,0.0,1.2394480573801983,0.0,1.5899377529924605
WDR70,0.0,0.0,0.0,0.0,0.0,0.7958292542352136
ASH1L,1.1424606489601978,0.0,0.0,0.0,0.0,1.5340862375340247
HDAC9,1.3111877211552398,0.0,0.0,0.0,0.0,1.5972320622530458
RGS5,0.0,0.0,0.0,0.0,2.9399973719662116,0.0
CLDN5,0.0,0.0,0.0,0.0,2.4937453490370665,0.0
ADIRF,0.0,0.0,0.0,0.0,2.5548595895300394,0.0
HERC2P3,0.0,0.0,0.0,0.0,2.6357209039067135,0.0
EPAS1,0.0,0.0,0.0,0.0,2.4057734820169636,0.0
IFI27,0.0,0.0,0.0,0.0,2.2275878570359673,0.0
FLT1,0.0,0.0,0.0,0.0,2.349798204809175,0.0
ABCB1,0.0,0.0,0.0,0.0,2.517121949383264,0.0
COBLL1,0.0,0.0,0.0,0.0,2.196159882342867,0.0
ITM2A,0.0,0.0,0.0,0.0,2.118095928887154,0.0
NDUFA4L2,0.0,0.0,0.0,0.0,2.2326637468669084,0.0
DUSP1,0.0,0.0,0.0,0.0,2.1749468834548216,0.0
ID1,0.0,0.0,0.0,0.0,2.1032768309529652,0.0
IGFBP7,0.0,0.0,0.0,0.0,1.9364582937507073,0.0
EBF1,0.0,0.0,0.0,0.0,1.9134211080323955,0.0
HIGD1B,0.0,0.0,0.0,0.0,2.0428473590274114,0.0
HLA-E,0.0,0.0,0.0,0.0,1.9447966952516667,0.0
RPS28P7,0.0,0.0,0.0,0.0,2.424137449497111,0.0
RPS23P8,0.0,0.0,0.0,0.0,2.4029126822887363,0.0
ID3,0.0,0.0,0.0,0.0,1.8876478035590099,0.0
RPS23,0.0,0.0,0.0,0.0,2.397442832747215,0.0
FN1,0.0,0.0,0.0,0.0,2.012210384235293,0.0
BSG,0.0,0.0,0.0,0.0,2.173061238127165,0.0
ATP10A,0.0,0.0,0.0,0.0,1.788433892501678,0.0
IFITM3,0.0,0.0,0.0,0.0,1.7221592526468277,0.0
SLC7A5,0.0,0.0,0.0,0.0,1.8317056545040775,0.0
ITIH5,0.0,0.0,0.0,0.0,1.7866756312557683,0.0
GPCPD1,0.0,0.0,0.0,0.0,1.875880906128736,0.0
MECOM,0.0,0.0,0.0,0.0,1.6599473380834238,0.0
HLA-B,0.0,0.0,0.0,0.0,1.775326761488218,0.0
LGALS1,0.0,0.0,0.0,0.0,1.962200786173307,0.0
H3F3B,0.0,0.0,0.0,0.0,2.1478247589271744,0.0
LAMA2,0.0,0.0,0.0,0.0,1.8577130788476335,0.0
PODXL,0.0,0.0,0.0,0.0,1.6970497837092542,0.0
ARHGAP29,0.0,0.0,0.0,0.0,1.779881909702754,0.0
LHFPL6,0.0,0.0,0.0,0.0,2.035144977700331,0.0
SLC2A1,0.0,0.0,0.0,0.0,1.6343775758628896,0.0
EGFL7,0.0,0.0,0.0,0.0,1.7625678855776274,0.0
ABCG2,0.0,0.0,0.0,0.0,1.6355406184720702,0.0
GPR85,0.0,0.0,0.0,0.0,1.650794380591368,0.0
CALD1,0.0,0.0,0.0,0.0,1.9335430739815815,0.0
AP001324,0.0,0.0,0.0,0.0,2.0097628788888033,0.0
PTPRB,0.0,0.0,0.0,0.0,1.813439498210243,0.0
UTRN,0.0,0.0,0.0,0.0,1.8062861639171377,0.0
SLC7A1,0.0,0.0,0.0,0.0,1.6736986579761879,0.0
GNG11,0.0,0.0,0.0,0.0,1.4611662316489056,0.0
ADGRF5,0.0,0.0,0.0,0.0,1.5639933825935688,0.0
RPL10P16,0.0,0.0,0.0,0.0,1.8947143911406492,0.0
DCN,0.0,0.0,0.0,0.0,1.502689944640863,0.0
THSD4,0.0,0.0,0.0,0.0,1.6173365720210184,0.0
MT1E,0.0,0.0,0.0,0.0,1.6018030635562286,0.0
SPARC,0.0,0.0,0.0,0.0,1.5933697627485959,0.0
SLC9A3R2,0.0,0.0,0.0,0.0,1.5174597019774962,0.0
RPS27AP16,0.0,0.0,0.0,0.0,1.8801985734366906,0.0
STOM,0.0,0.0,0.0,0.0,1.4516497703799272,0.0
RPS16,0.0,0.0,0.0,0.0,1.8163452934120923,0.0
HLA-A,0.0,0.0,0.0,0.0,1.5356834435363667,0.0
RPL23A,0.0,0.0,0.0,0.0,1.8836165482176788,0.0
PDGFRB,0.0,0.0,0.0,0.0,1.5656641741815518,0.0
SRGN,0.0,0.0,0.0,0.0,1.2919239552806756,0.0
FLI1,0.0,0.0,0.0,0.0,1.4083001785044837,0.0
VIM,0.0,0.0,0.0,0.0,1.4427524292603735,0.0
ENG,0.0,0.0,0.0,0.0,1.3887083082740959,0.0
NOTCH3,0.0,0.0,0.0,0.0,1.2895329695264506,0.0
RPS18,0.0,0.0,0.0,0.0,1.8319259215438668,0.0
TPT1,0.0,0.0,0.0,0.0,1.8298368781515841,0.0
LEF1,0.0,0.0,0.0,0.0,1.2364017717307703,0.0
RPL30,0.0,0.0,0.0,0.0,1.8278616871104474,0.0
TACC1,0.0,0.0,0.0,0.0,1.7878135426857455,0.0
ELOVL7,0.0,0.0,0.0,0.0,1.4217042486965847,0.0
OOEP,0.0,0.0,0.0,0.0,1.801515996846071,0.0
SLCO2B1,0.0,0.0,0.0,0.0,1.2716506735098143,0.0
TIMP3,0.0,0.0,0.0,0.0,1.7524524932299528,0.0
VWF,0.0,0.0,0.0,0.0,1.2475203028874433,0.0
RPS11,0.0,0.0,0.0,0.0,1.7380149790227173,0.0
PRKCH,0.0,0.0,0.0,0.0,1.2454957537465166,0.0
AL136454,0.0,0.0,0.0,0.0,1.6333819096913285,0.0
COLEC12,0.0,0.0,0.0,0.0,1.116426386343487,0.0
EPS8,0.0,0.0,0.0,0.0,1.33365299298695,0.0
TMEM123,0.0,0.0,0.0,0.0,1.3433509391995488,0.0
APOLD1,0.0,0.0,0.0,0.0,1.194591606545783,0.0
RGCC,0.0,0.0,0.0,0.0,1.296469528567107,0.0
HERPUD1,0.0,0.0,0.0,0.0,1.4487786360206716,0.0
MYL9,0.0,0.0,0.0,0.0,1.0112431773060555,0.0
VAMP5,0.0,0.0,0.0,0.0,1.1753489960792471,0.0
NET1,0.0,0.0,0.0,0.0,1.2058990186868404,0.0
RPS28,0.0,0.0,0.0,0.0,1.6304179847179143,0.0
Z74021,0.0,0.0,0.0,0.0,1.6400907651630616,0.0
MT-ND2,0.0,0.0,0.0,0.0,1.6935090000684152,0.0
RPL27A,0.0,0.0,0.0,0.0,1.7744726827085702,0.0
TGFBR2,0.0,0.0,0.0,0.0,1.0741022300038117,0.0
RPL35,0.0,0.0,0.0,0.0,1.773048916832082,0.0
ITGA6,0.0,0.0,0.0,0.0,1.1708408008123246,0.0
HEG1,0.0,0.0,0.0,0.0,1.0711209470487755,0.0
BST2,0.0,0.0,0.0,0.0,0.9901839863967995,0.0
CGNL1,0.0,0.0,0.0,0.0,1.0210328339007266,0.0
TAGLN2,0.0,0.0,0.0,0.0,0.9423058130239541,0.0
CLIC4,0.0,0.0,0.0,0.0,1.1727601481179704,0.0
RPL34P18,0.0,0.0,0.0,0.0,1.7297648901011309,0.0
SLC38A5,0.0,0.0,0.0,0.0,0.7496113548991443,0.0
EMCN,0.0,0.0,0.0,0.0,0.9377600894227314,0.0
RPS20,0.0,0.0,0.0,0.0,1.6372074516431776,0.0
RPS5,0.0,0.0,0.0,0.0,1.5557806741524034,0.0
PLCB4,0.0,0.0,0.0,0.0,1.4995078043065897,0.0
EEF1D,0.0,0.0,0.0,0.0,1.3521623507387903,0.0
IFI44L,0.0,0.0,0.0,0.0,0.7549670492095161,0.0
NFKBIA,0.0,0.0,0.0,0.0,0.9898835605852585,0.0
DACH1,0.0,0.0,0.0,0.0,1.2917685084846706,0.0
TBC1D4,0.0,0.0,0.0,0.0,1.2664148762758023,0.0
IFI6,0.0,0.0,0.0,0.0,1.0233232665072096,0.0
RPS3AP6,0.0,0.0,0.0,0.0,1.5517285276336037,0.0
RBMS3,0.0,0.0,0.0,0.0,1.171531231096357,0.0
ERG,0.0,0.0,0.0,0.0,0.9679139549953959,0.0
ITGB1,0.0,0.0,0.0,0.0,1.2543724685213506,0.0
ESYT2,0.0,0.0,0.0,0.0,1.5852525451754085,0.0
AL009174,0.0,0.0,0.0,0.0,1.636956900739146,0.0
PTMAP2,0.0,0.0,0.0,0.0,1.422060953925531,0.0
HES4,0.0,0.0,0.0,0.0,0.9929455591955068,0.0
JCAD,0.0,0.0,0.0,0.0,1.092935514551687,0.0
RPS17,0.0,0.0,0.0,0.0,1.4737544045200561,0.0
SLC6A1,0.0,0.0,0.0,0.0,1.5641429113697018,0.0
RPS7P1,0.0,0.0,0.0,0.0,1.4458454468751576,0.0
MT-ND1,0.0,0.0,0.0,0.0,1.700060339629156,0.0
RPL13A,0.0,0.0,0.0,0.0,1.4525892669887401,0.0
AC136632,0.0,0.0,0.0,0.0,1.5941015184360534,0.0
RPL27,0.0,0.0,0.0,0.0,1.6089843381457527,0.0
MYO1B,0.0,0.0,0.0,0.0,0.967031716102619,0.0
WWTR1,0.0,0.0,0.0,0.0,0.7479813304604248,0.0
RPS12,0.0,0.0,0.0,0.0,1.3059155156119344,0.0
HERC2P9,0.0,0.0,0.0,0.0,1.0904189617474183,0.0
AC008021,0.0,0.0,0.0,0.0,1.4776455966199444,0.0
LAPTM4A,0.0,0.0,0.0,0.0,1.1262224600647295,0.0
CRIM1,0.0,0.0,0.0,0.0,1.3971526696759788,0.0
KLF6,0.0,0.0,0.0,0.0,0.8209935724717805,0.0
MYL6,0.0,0.0,0.0,0.0,1.4642891467178614,0.0
UBA52,0.0,0.0,0.0,0.0,1.4955116657436998,0.0
ZFP36L1,0.0,0.0,0.0,0.0,0.2370867354768875,0.0
RPS7P10,0.0,0.0,0.0,0.0,1.3004527194896736,0.0
RPS13,0.0,0.0,0.0,0.0,1.4496414653581084,0.0
CD59,0.0,0.0,0.0,0.0,1.3366146484756463,0.0
RPL17P36,0.0,0.0,0.0,0.0,1.3805456716435398,0.0
RPL9P9,0.0,0.0,0.0,0.0,1.2669704190057318,0.0
HERC2P2,0.0,0.0,0.0,0.0,0.46858728197261956,0.0
MGLL,0.0,0.0,0.0,0.0,1.3085701068524194,0.0
MT-RNR1,0.0,0.0,0.0,0.0,1.6003820769132555,0.0
RPS27AP11,0.0,0.0,0.0,0.0,1.081806743523782,0.0
MYH9,0.0,0.0,0.0,0.0,0.9305784855616867,0.0
CRIP2,0.0,0.0,0.0,0.0,1.2614053273987917,0.0
RHOB,0.0,0.0,0.0,0.0,1.1864136041777722,0.0
CYB5R3,0.0,0.0,0.0,0.0,1.1094659352745095,0.0
RPL23,0.0,0.0,0.0,0.0,1.44659452807233,0.0
C12ORF57,0.0,0.0,0.0,0.0,1.0952963753096858,0.0
PTPRM,0.0,0.0,0.0,0.0,1.557311185567779,0.0
PTEN,0.0,0.0,0.0,0.0,1.444481662267802,0.0
RHOA,0.0,0.0,0.0,0.0,1.134815577002243,0.0
SPOCK2,0.0,0.0,0.0,0.0,1.4200451161227665,0.0
S100A6,0.0,0.0,0.0,0.0,1.2509915379656977,0.0
RAC1,0.0,0.0,0.0,0.0,1.4538991056721091,0.0
LY6E,0.0,0.0,0.0,0.0,1.3489751157687409,0.0
TOMM7,0.0,0.0,0.0,0.0,1.520666336346375,0.0
MYL12B,0.0,0.0,0.0,0.0,0.7151584560956715,0.0
SLC20A2,0.0,0.0,0.0,0.0,1.2933580985782143,0.0
ACTN4,0.0,0.0,0.0,0.0,1.2056954103402155,0.0
POLR2L,0.0,0.0,0.0,0.0,1.0043432398473677,0.0
RPS15A,0.0,0.0,0.0,0.0,0.7496113548991443,0.0
CSTB,0.0,0.0,0.0,0.0,1.1328880323489672,0.0
C4ORF3,0.0,0.0,0.0,0.0,1.2196876445516829,0.0
RACK1,0.0,0.0,0.0,0.0,1.3453947370934576,0.0
HMGN2,0.0,0.0,0.0,0.0,1.1864136041777722,0.0
RPL38,0.0,0.0,0.0,0.0,1.496023942788966,0.0
AL121871,0.0,0.0,0.0,0.0,1.060954849196643,0.0
CTNNB1,0.0,0.0,0.0,0.0,1.2403203788061419,0.0
EEF2,0.0,0.0,0.0,0.0,1.2716506735098143,0.0
AC034236,0.0,0.0,0.0,0.0,1.035653901031871,0.0
SGMS1,0.0,0.0,0.0,0.0,1.4200774240959753,0.0
POMP,0.0,0.0,0.0,0.0,0.9085072967268184,0.0
SH3BGRL3,0.0,0.0,0.0,0.0,0.9851654691144701,0.0
PLEKHA7,0.0,0.0,0.0,0.0,1.0932418075945654,0.0
RPL6,0.0,0.0,0.0,0.0,1.2477854705264484,0.0
RPL7AP6,0.0,0.0,0.0,0.0,1.1234145375158868,0.0
KLHL5,0.0,0.0,0.0,0.0,0.2391552711967002,0.0
RPS29,0.0,0.0,0.0,0.0,0.8204725751440671,0.0
RPL7A,0.0,0.0,0.0,0.0,1.116426386343487,0.0
SELENOM,0.0,0.0,0.0,0.0,0.7205442474216674,0.0
RPL37,0.0,0.0,0.0,0.0,0.9445216263660408,0.0
TMBIM6,0.0,0.0,0.0,0.0,1.292608940772213,0.0
NACA,0.0,0.0,0.0,0.0,1.2614956708871476,0.0
LAMTOR4,0.0,0.0,0.0,0.0,0.8216950732868394,0.0
AGFG1,0.0,0.0,0.0,0.0,0.7905672826466923,0.0
RPSA,0.0,0.0,0.0,0.0,0.9980509210391852,0.0
RPL4,0.0,0.0,0.0,0.0,1.238571888557615,0.0
EIF4G2,0.0,0.0,0.0,0.0,0.9341847038629237,0.0
RPL5,0.0,0.0,0.0,0.0,0.9113406313522672,0.0
BBS9,0.0,0.0,0.0,0.0,1.0001688314759258,0.0
RPL36AL,0.0,0.0,0.0,0.0,0.9547573983561344,0.0
COX6C,0.0,0.0,0.0,0.0,1.1358370547664074,0.0
CSDE1,0.0,0.0,0.0,0.0,0.7311476659130728,0.0
FTH1P8,0.0,0.0,0.0,0.0,1.023932443958363,0.0
LMBR1,0.0,0.0,0.0,0.0,0.7416928504742067,0.0
NAA38,0.0,0.0,0.0,0.0,0.7444815573301866,0.0
SRP14,0.0,0.0,0.0,0.0,1.0958901091919606,0.0
ARMC9,0.0,0.0,0.0,0.0,0.9570687702598712,0.0
HNRNPK,0.0,0.0,0.0,0.0,0.7047429204790072,0.0
UQCRQ,0.0,0.0,0.0,0.0,0.7070812460663174,0.0
USP39,0.0,0.0,0.0,0.0,0.7934538981949801,0.0
CHCHD2,0.0,0.0,0.0,0.0,1.0828909508550868,0.0
COX7CP1,0.0,0.0,0.0,0.0,0.2370867354768875,0.0
EDF1,0.0,0.0,0.0,0.0,0.5661383774864848,0.0
HOPX,0.0,0.0,0.0,0.0,0.8642361242355849,0.0
TMEM59,0.0,0.0,0.0,0.0,0.7905672826466923,0.0
COPS9,0.0,0.0,0.0,0.0,0.6825002801526847,0.0
LHFPL3,0.0,0.0,0.0,3.579198714161566,0.0,0.0
PCDH15,0.0,0.0,0.0,3.1384882681201978,0.0,0.0
PTPRZ1,0.0,0.0,1.878198206881856,3.1342754989423693,0.0,0.0
TNR,0.8504339841485373,0.0,0.0,2.912289293650561,0.0,0.0
LUZP2,0.0,0.0,0.0,2.6013414877445706,0.0,0.0
DSCAM,1.9865850238121157,0.0,0.0,3.4814250545678687,0.0,1.6873909219016967
VCAN,0.0,0.0,0.0,2.1810344710939304,0.0,0.0
SOX6,0.0,0.0,1.6575201988513086,2.3208337700789183,0.0,0.0
OLIG1,0.0,0.0,0.0,1.924035504339197,0.0,0.0
EPN2,0.0,0.0,0.0,2.257376802981483,0.0,0.0
APOD,0.0,1.5933149045186348,0.0,1.9380671916937604,0.0,0.0
KCNMB2-AS1,0.7901521036508246,0.0,0.0,2.543977538016077,0.0,0.0
AC004852,0.0,0.0,0.0,1.8377876634998263,0.0,0.0
SEMA5A,0.0,0.0,0.0,1.9020525872776828,0.0,0.0
GRID2,1.6366227515111753,0.0,0.0,2.863333027726288,0.0,1.3982036336941914
XYLT1,0.0,0.0,0.0,2.170477672076979,0.0,0.0
CHST11,0.0,0.0,0.0,1.9370486413564194,0.0,1.0949519263772554
NOVA1,1.3741851535879146,0.0,0.0,2.6536422629765726,0.0,0.0
NXPH1,0.0,0.0,0.0,1.9738960157771337,0.0,0.0
SCD5,0.6609985307403184,1.8206681308621757,0.0,2.2933483399449255,0.0,0.0
CA10,0.0,0.0,0.0,2.057071308668819,0.0,0.0
KIF13A,0.0,1.594252552618515,0.0,1.9424041176900775,0.0,0.0
PLPPR1,0.0,0.0,0.0,1.7436361882169797,0.0,0.0
LINC00511,0.0,0.0,0.0,1.7830685107644726,0.0,0.0
ADARB2,0.0,0.0,0.0,1.8767902851015066,0.0,0.0
SLC35F1,1.22899562453776,0.0,1.5778801894210417,2.4338080575193413,0.0,0.0
BCAN,0.0,0.0,0.0,1.7572001762464393,0.0,0.0
DPP6,1.907161146385372,0.0,0.0,2.7549537634787584,0.0,1.28057513790024
OPCML,2.9825817894090507,0.0,0.0,3.4899045915462175,0.0,1.4521010046010403
MMP16,1.215481279613289,0.0,0.0,2.156181647577345,0.0,0.0
GRIK1,0.0,0.0,0.0,1.9503807611180581,0.0,0.0
KCND2,1.5190589173358906,0.0,0.0,2.423511696833421,0.0,0.0
IPO9-AS1,0.0,0.0,0.0,1.9183529206997163,0.0,0.0
DCC,0.5657709712019121,0.0,0.0,1.9930863692372058,0.0,0.0
BRINP3,0.5690296522789721,0.0,0.0,1.9338789818063276,0.0,0.0
MEGF11,0.0,0.0,0.0,1.4481549855352627,0.0,0.0
GALNT13,0.0,0.0,0.0,1.8626372500873152,0.0,0.0
OPHN1,0.0,0.0,1.823276102423197,1.8814926856957503,0.0,0.0
AL445250,0.0,0.0,0.0,1.5616088242597264,0.0,0.0
COL9A1,0.0,0.0,0.0,1.0627429035295246,0.0,0.0
RIN2,0.0,0.0,0.0,1.493723791135655,0.0,0.0
AL353784,0.0,0.0,0.0,0.6463264721463445,0.0,0.0
DGKG,0.0,0.0,1.527121780896516,1.819370013775011,0.0,0.0
NAV1,0.8156113166464212,0.0,0.0,1.890028345106198,0.0,0.0
KAT2B,0.0,0.0,0.0,1.5147299116155055,0.0,0.0
SCRG1,0.0,0.0,0.0,1.5291000782716644,0.0,0.0
ZNF462,0.0,0.0,0.0,1.4410973317929994,0.0,0.0
SEZ6L,0.7900207861798707,0.0,0.0,1.8237115946908276,0.0,0.0
LRRTM4,3.0999366458778703,0.0,0.0,3.280486466722717,0.0,1.7206320619155409
ZEB1,0.6890969551303299,0.0,0.0,1.8124730231007127,1.7408112434305503,0.0
SNTG1,2.3261462072433305,0.0,0.0,2.7424086205516853,0.0,0.0
ALCAM,0.0,1.7193414598044634,0.0,1.7473437189741607,0.0,0.0
SGCZ,0.9375904566575759,0.0,0.0,1.942724686230091,0.0,0.0
PDZD2,1.1774016794996176,0.0,0.0,1.939849050508678,1.543702450584484,0.0
CSMD1,3.4939989338586064,0.0,0.0,3.563161017354619,0.0,1.3912248804645355
COL11A1,0.0,0.0,0.0,1.1129177060632038,0.0,0.0
TAOK3,0.7739400114505492,0.0,0.0,1.7790606965957858,0.0,1.06548492380337
MDGA2,2.16927515978799,0.0,0.0,2.5763884487722697,0.0,0.0
NTNG1,0.0,0.0,0.0,1.4378978535681912,0.0,0.0
CSMD3,1.8580551037460054,0.0,0.0,2.303896060814687,0.0,0.0
PID1,0.0,0.0,0.0,1.5268424203394344,0.0,0.0
NLGN4Y,1.0997803192838354,0.0,0.0,1.8360131181816994,0.0,0.5836347634012662
DNER,0.0,0.0,0.0,1.5181674318068876,0.0,0.0
SERINC5,0.0,0.0,0.0,1.3544101127026433,0.0,0.0
REV3L,1.141299173467723,0.0,1.2177539392420151,1.8870531486880309,0.0,0.0
SPATA6,0.0,0.0,0.0,1.5187281504399621,0.0,0.0
FCHSD2,0.0,0.0,0.0,1.6187893945620795,1.0831905287598813,1.395670575565507
GRM7,1.8140881239203206,0.0,0.0,2.3151377794263244,0.0,0.0
ABHD2,0.0,0.0,0.0,1.4585809125703846,0.0,0.0
PDZRN4,0.0,0.0,0.0,1.4374085956739568,0.0,0.0
ASTN2,1.218115524375023,0.0,0.0,1.9525049693784853,0.0,0.0
PEAK1,0.0,0.0,0.0,1.5679640878585657,0.0,0.0
CASK,0.0,0.0,0.0,1.4727240145427092,0.0,0.0
ZFPM2,1.0580540881602156,0.0,0.0,1.7633746053522585,0.0,0.0
USP24,0.0,0.0,0.0,0.8751334348292719,0.0,0.0
KIF26B,0.0,0.0,0.0,0.9673509557602296,0.0,0.0
NLGN4X,0.7196899358729494,0.0,0.0,1.588805666923352,0.0,0.0
MTSS1,0.0,0.0,0.0,0.8273548371976776,0.0,0.0
CHL1,1.4486419660370249,0.0,0.0,1.9169934840429683,0.0,0.0
ZDHHC14,0.7886919881259897,0.0,0.0,1.4729620437757731,0.0,0.0
GPC6,1.1184661577631188,0.0,0.0,1.7430519176472745,0.0,0.0
ANKRD28,0.6758808521786234,0.0,0.0,1.427216573807366,0.0,0.0
DSCAML1,0.0,0.0,0.0,1.2590834851389379,0.0,0.0
SUMF1,0.8803036660601951,0.0,0.0,1.5829378652899049,0.0,0.9371697441503015
KLF12,0.0,0.0,0.0,1.0629937743326812,0.0,0.0
LINC01322,0.9551669659156208,0.0,0.0,1.570979542205054,0.0,0.0
CTTNBP2,0.0,0.0,0.0,0.6645320313970893,0.0,0.0
CSMD2,0.45722252228422733,0.0,0.0,0.8868472067535813,0.0,0.0
SCN1A,1.2225344917330552,0.0,0.0,1.670181795026867,0.0,0.0
GUSBP1,0.621070242787847,0.0,0.0,1.201486729640934,0.0,0.0
XKR4,1.2714659934826409,0.0,0.0,1.7221672382768198,0.0,0.0
KAZN,2.4512799663736105,0.0,0.0,2.4948885213689387,0.0,0.0
DAB1,1.677810416533183,0.0,0.0,1.8826708425073648,0.0,0.0
FGF14,2.5522137408686154,0.0,0.0,2.5934798211189394,0.0,0.0
ASAP1,1.2313095014940258,0.0,0.0,1.7282346928237695,1.1395423038362016,0.0
CNTNAP5,1.5279687096332835,0.0,0.0,1.7816249306489897,0.0,0.0
FGF12,2.3925714193045238,0.0,0.0,2.4391233729494877,0.0,0.0
PHYHIPL,0.0,0.0,0.0,0.7744771244391668,0.0,0.0
ITM2C,0.0,0.0,0.0,0.8958032579213259,0.6493558787730689,0.0
PTPRT,1.1979574099187604,0.0,0.0,1.6246100726273003,0.0,0.0
GRIK2,1.8259470973159497,0.0,0.0,1.9641547550572422,0.0,0.0
PCDH7,1.8741009768871209,0.0,0.0,1.9724294979835366,0.0,0.0
TANC2,1.5567891577267534,0.0,0.0,1.820126756457641,0.0,0.0
TNKS,0.9278907519114776,0.0,0.0,1.2539427564864059,0.0,0.0
HS6ST3,1.8100822792949032,0.0,0.0,1.8449489255744917,0.0,0.0
CDH10,1.2323410449777576,0.0,0.0,1.5734723492984037,0.0,0.0
CPEB4,0.8640216414741998,0.0,0.0,1.1531818451644649,0.0,0.0
TRA2A,0.8436573557976639,0.0,0.0,1.0597784422974235,0.0,0.0
TMEM132D,1.553694422967466,0.0,0.0,1.6748370119967548,0.0,0.0
SORCS1,1.0917266856264527,0.0,0.0,1.2464601949507181,0.0,0.0
AC091885,1.0031900078430593,0.0,0.0,1.1036783496366929,0.0,0.0
KHDRBS3,1.3187113723295396,0.0,0.0,1.452394090869643,0.0,0.0
SETD5,1.1354230915802928,0.0,0.0,1.280409744035313,0.0,0.0
CDH13,1.1469862916136009,0.0,0.0,1.2333002670476927,0.0,0.0
TTTY14,1.3159096654912448,0.0,0.0,1.4582463967179637,0.0,0.0
NTRK3,1.4318625063365538,0.0,0.0,1.5622057110233418,0.0,0.0
SLC1A2,0.0,0.0,3.9601653766914904,1.5046657212530756,0.0,0.0
GPC5,0.0,0.0,3.643884582259383,0.0,1.5248200975930795,0.0
ADGRV1,0.0,0.0,3.128601427124142,0.0,0.0,0.0
RNF219-AS1,0.0,0.0,2.5862579111174444,0.0,0.0,0.0
COL5A3,0.0,0.0,2.571621725732759,0.0,0.0,0.0
NKAIN3,0.0,0.0,2.560897492261093,1.64055004636933,0.0,0.0
PITPNC1,0.0,0.0,2.794058539695137,0.0,0.0,0.0
FBXL7,0.0,1.6030684641486206,2.358611034543861,0.0,0.0,0.0
HPSE2,0.0,0.0,2.2375079815704657,0.0,0.0,0.0
APOE,0.0,0.0,2.0242349005770355,0.0,0.0,0.0
AC002429,0.0,0.0,2.307468637699606,0.0,0.0,0.0
PREX2,0.0,0.0,2.0078723332130455,0.0,1.188355210987972,0.0
GLUL,0.0,0.0,2.0503320291492884,0.0,1.2051340365622163,0.0
RYR3,0.0,0.0,2.3178005562833195,0.0,0.0,0.0
MSI2,0.0,0.0,2.146433830376587,0.0,0.0,0.0
ZNF98,0.0,0.0,1.874451222227279,0.0,0.0,0.0
AQP4,0.0,0.0,1.8474003560745345,0.0,0.0,0.0
AL589740,0.0,0.0,2.339966743239011,1.749500716216704,0.0,0.0
PON2,0.0,0.0,1.8476254037794444,0.0,0.0,0.0
AC008957,0.0,0.0,1.7575932513355088,0.0,0.0,0.0
TPD52L1,0.0,0.0,1.8525949058444695,0.0,0.0,0.0
NHSL1,0.0,0.0,1.7587854231259294,0.0,0.0,0.0
SLC4A4,0.0,0.0,1.845826690498331,0.0,0.0,0.0
PAMR1,0.0,0.0,1.7359887637128952,0.0,0.0,0.0
BMPR1B,0.0,0.0,1.7146572453097364,0.0,0.0,0.0
HEPN1,0.0,0.0,1.7472457843704268,0.0,0.0,0.0
TRPM3,0.0,0.0,2.1990043330896536,0.0,0.0,0.0
AHCYL2,0.0,0.0,1.9534911639984018,0.0,0.0,0.0
CARMIL1,0.5140598493215216,0.0,1.9884919193158563,0.0,0.0,0.0
SFXN5,0.0,0.0,1.8626368167730416,0.0,0.0,0.0
GLIS3,0.0,0.0,1.785540982373191,0.0,0.0,0.0
RANBP3L,0.0,0.0,1.6493212572288525,0.0,0.0,0.0
GLUD1,0.0,0.0,1.8020416456343802,0.0,0.0,0.0
NDRG2,0.0,0.0,1.7246255025099255,0.0,1.0379484179567982,0.0
TRPS1,0.0,0.0,1.871654151831157,0.0,0.0,0.0
PARD3B,0.0,0.0,1.7127925520115743,0.0,0.0,0.0
HIF3A,0.0,0.0,1.627438336199968,0.0,0.0,0.0
ZNRF3,0.0,0.0,1.6735165336859086,0.0,0.0,0.0
PARD3,0.0,0.0,1.732244349091935,0.0,1.2408470938388383,0.0
ACSS1,0.0,0.0,1.5940976803534506,0.0,0.0,0.0
FGFR3,0.0,0.0,1.5531804380547998,0.0,0.0,0.0
SLC25A18,0.0,0.0,1.5584914662317269,0.0,0.0,0.0
SLCO1C1,0.0,0.0,1.5015353911032054,0.0,0.0,0.0
GJA1,0.0,0.0,1.4616171284467778,0.0,0.0,0.0
GRAMD2B,0.0,0.0,1.5765847936197006,0.0,0.0,0.0
ACSBG1,0.0,0.0,1.4135268287464522,0.0,0.0,0.0
MGST1,0.5213380874006746,0.0,1.8826706909193962,0.0,0.0,0.0
APC,0.0,0.0,1.8224053812740835,0.0,0.0,0.0
SASH1,0.0,0.0,1.7200955014010382,0.0,0.9532725868945272,0.0
PRODH,0.0,0.0,1.2549164658145262,0.0,0.0,0.0
TTYH1,0.0,0.0,1.6886352015616002,0.0,0.0,0.0
ATP1B2,0.0,0.0,1.5001817294699462,0.0,0.0,0.0
CLYBL,0.0,0.0,1.4042985631956477,0.0,0.0,0.0
CRB1,0.0,0.0,1.5258554644443907,0.0,0.0,0.0
SOX5,0.0,0.0,1.837565098019219,1.5835236564292057,0.0,0.0
CABLES1,0.0,0.0,1.34550203748506,0.0,0.0,0.0
MEIS2,0.0,0.0,1.6805895123320305,0.0,0.0,0.0
ADD3,0.0,0.0,1.7135383092637984,0.0,0.0,0.0
HEPACAM,0.0,0.0,0.7483321042545368,0.0,0.0,0.0
KANK1,0.0,0.0,1.449015924105557,0.0,0.0,0.0
GABRB1,1.426309413706412,0.0,2.2043674648485996,0.0,0.0,0.0
MT3,0.0,0.0,1.7673895247866764,0.0,0.6071894278169924,0.0
AC012404,0.0,0.0,1.7347396165411375,0.0,0.0,0.0
RFX4,0.0,0.0,1.5920668423747055,0.0,0.0,0.0
GRAMD1C,0.0,0.0,0.7096331449054702,0.0,0.0,0.0
TMEM241,0.0,0.0,1.628095946961103,0.0,0.0,0.0
CAMK2G,0.6430118584978226,0.0,1.7471479858748777,0.0,0.0,0.0
LIFR,0.0,0.0,1.1899023876725063,0.0,0.0,0.0
TCF7L2,0.0,0.0,1.148033897160714,0.0,0.0,0.0
ENTPD1-AS1,0.0,0.0,1.5814755568598415,0.0,0.0,1.0718378948696317
ZHX3,0.0,0.0,1.6400473060068514,0.0,0.0,0.0
AC069208,0.0,0.0,1.6647762312025087,0.0,0.0,0.0
FMN2,1.6070820918984086,0.0,2.229695935765056,0.0,0.0,0.0
SHROOM3,0.0,0.0,1.3021030475538922,0.0,0.0,0.0
ECHDC2,0.0,0.0,1.04102439625455,0.0,0.0,0.0
FYN,0.0,0.0,1.644583988156501,1.0990759294843535,0.0,0.0
DOCK7,0.0,0.0,1.382668111001261,0.0,0.0,0.0
CHPT1,0.6795550550384659,0.0,1.639712782649996,0.0,0.0,0.0
ASPH,0.0,0.0,1.542977384967639,0.0,0.0,0.0
GABRA2,0.0,0.0,1.5437008333521065,0.0,0.0,0.0
AC073050,0.7979245352058335,0.0,1.6698322879128935,0.0,0.0,0.0
ARHGAP5,0.0,0.0,1.2974972219159568,0.0,0.0,0.0
RORB,0.0,0.0,1.386144759395509,0.0,0.0,0.0
MYO6,0.0,0.0,1.5547985600641088,0.0,0.0,0.0
SLC39A11,0.0,0.0,1.3862573790346426,0.0,0.0,0.0
MAP3K5,0.0,0.0,1.5925345624308584,0.0,0.0,0.9806339561339203
LINC00461,1.0073093654426755,0.0,1.7180267151093451,0.0,0.0,0.0
CEP85L,0.0,0.0,1.3085792358418846,0.0,0.0,0.0
GPR75-ASB3,0.0,0.0,1.529101011846279,0.0,0.0,0.0
ARHGEF4,0.0,0.0,1.333956788770001,0.0,0.0,0.0
PDE7B,0.0,0.0,1.4462789849069777,0.0,1.4423609941290434,0.0
PRKD1,0.0,0.0,1.2281410747622092,0.0,0.0,0.0
MGAT4C,1.287004190497064,0.0,1.8172066522667756,0.0,0.0,0.0
ACADVL,0.6434400377279121,0.0,1.4438038989986484,0.0,0.0,0.0
P2RY14,0.0,0.0,1.2134313731743442,0.0,0.0,0.0
TOM1L2,0.535801723246992,0.0,1.4002663635505141,0.0,0.0,0.0
ADCY2,1.3752223959123913,0.0,1.8137608233936087,0.0,0.0,0.0
DCLK2,0.8511256162569679,0.0,1.4464656315562072,0.0,0.0,0.0
NUMB,0.6245957836743392,0.0,1.2246315753818662,0.0,0.0,0.0
FAM171B,0.7889540616750762,0.0,1.3007495393567465,0.0,0.0,0.0
RPS6KA2,0.7569356468234374,0.0,1.405124785429921,0.0,0.0,0.0
POU2F1,0.8070780749134387,0.0,1.156633433863533,0.0,0.0,0.0
NFAT5,1.1928536947320427,0.0,1.5425437420959893,0.0,0.0,0.0
RFX3,1.0094106084458727,0.0,1.2205862620146575,0.0,0.0,0.0
STXBP5,1.2590031981602468,0.0,1.3100529987602803,0.0,0.0,0.0
PLP1,0.0,3.8877538213437064,0.0,0.0,0.0,0.6785328878950222
MBP,0.0,3.704141567035701,0.0,0.0,0.0,0.8786273183868444
ST18,0.0,3.024273588236162,0.0,0.0,0.0,0.0
RNF220,0.0,3.0075703524967476,0.0,0.0,0.0,0.0
MIR219A2,0.0,2.897737167601987,0.0,0.0,0.0,0.0
TMEM144,0.0,2.570877496348932,0.0,0.0,0.0,0.0
CLDN11,0.0,2.655792748913058,0.0,0.0,0.0,0.0
PIP4K2A,0.0,2.5168510863477893,0.0,0.0,0.0,0.9740900177853484
TF,0.0,2.3240128560758517,0.0,0.0,0.0,0.0
CRYAB,0.0,2.450420473716831,0.0,0.0,0.0,0.0
CNP,0.0,2.360129789797725,0.0,0.0,0.0,0.0
FRMD4B,0.0,2.3209698598200696,0.0,0.0,0.0,0.26522356893708277
TMEM165,0.0,2.4509045868755353,0.0,0.0,0.0,0.6199748352202206
MOBP,0.0,1.9973399218453685,0.0,0.0,0.0,0.0
TMTC2,0.0,2.628833967048645,1.6461032589565008,0.0,0.0,0.0
SLC5A11,0.0,1.9761677913456526,0.0,0.0,0.0,0.0
ENPP2,0.0,1.912059732145318,0.0,0.0,0.0,0.0
MAN2A1,0.0,2.404283321533691,0.0,0.0,0.0,0.8531269302816831
CDK18,0.0,1.8969783317940656,0.0,0.0,0.0,0.0
DOCK5,0.0,1.8960158101442326,0.0,0.0,0.0,0.0
MARCKSL1,0.0,1.9416366382779313,0.0,0.7677953628881471,0.0,0.0
S100B,0.0,1.8826706909193962,0.0,0.0,0.0,0.0
MOG,0.0,1.8185024356880426,0.0,0.0,0.0,0.0
LINC00609,0.0,1.829835677640628,0.0,0.0,0.0,0.0
SPP1,0.0,1.749303123255677,0.0,0.0,0.0,1.1121397321236404
CARNS1,0.0,1.7496956816105913,0.0,0.0,0.0,0.0
KCNH8,0.0,1.7692036636849364,0.0,0.0,0.0,0.0
ABCA8,0.0,1.7391728066723022,0.0,0.0,0.0,0.0
SCD,0.0,1.7720349638802764,0.0,0.0,0.0,0.0
SELENOP,0.0,1.7732518465720695,0.0,0.0,0.823498120601533,0.0
MAG,0.0,1.7163399139696798,0.0,0.0,0.0,0.0
DPYD,0.9705814408992826,2.2536812860038764,0.0,0.0,0.0,0.0
CLDND1,0.0,1.8426896087703617,0.0,0.0,0.0,0.0
CREB5,0.0,1.8245828412173524,0.0,0.0,0.0,0.0
PPP1R14A,0.0,1.754423530714535,0.0,0.0,0.0,0.0
ZNF536,0.0,1.877024564314881,0.0,0.0,0.0,0.0
CERCAM,0.0,1.7736579382780293,0.0,0.0,0.0,0.0
BCAS1,0.0,1.754423530714535,0.0,1.491144930329582,0.0,0.0
PDE8A,0.0,1.858969121774113,0.0,0.0,0.0,0.0
RNASE1,0.0,1.692422279362423,0.0,0.0,0.5105884517049096,0.0
C10ORF90,0.0,1.718965557710202,0.0,0.0,0.0,0.0
UGT8,0.0,1.7055667578592613,0.0,0.0,0.0,0.0
COL4A5,0.0,1.7018903642270535,0.0,0.0,0.0,0.0
SHTN1,0.0,1.8869339039614144,0.0,0.0,0.0,0.3983758847577533
PLLP,0.0,1.6898952321284888,0.0,1.0183210732083239,0.0,0.0
SLCO1A2,0.0,1.6503407117703666,0.0,0.0,1.4581292379158997,0.0
PXK,0.0,1.7810075667908853,0.0,0.0,0.0,0.0
ASPA,0.0,1.5690910901727264,0.0,0.0,0.0,0.0
PRUNE2,0.0,1.8803128665695001,0.0,0.0,0.0,0.0
ERBIN,0.0,1.8417957814461898,0.0,0.0,0.0,0.0
CNDP1,0.0,1.491715157427216,0.0,0.0,0.0,0.0
FA2H,0.0,1.5636944618324091,0.0,0.0,0.0,0.0
SLAIN1,0.0,1.7422742920433274,0.0,0.0,0.0,0.0
GSN,0.0,1.7126061130488726,0.0,0.0,0.0,0.0
GAB1,0.0,1.809476966350394,0.0,0.0,0.0,0.0
PLA2G16,0.0,1.637206131855594,0.0,0.0,0.0,0.0
SYNJ2,0.0,1.7863632500815836,0.0,0.0,0.0,0.0
TSC22D4,0.0,1.7607770465409502,1.6747487669329193,0.0,0.0,0.0
ABCA2,0.0,1.7284244847816108,0.0,0.0,0.0,0.0
SEPT4,0.0,1.7299498842123757,0.0,0.0,0.0,0.0
STMN4,0.0,1.8159121622909868,0.0,0.0,0.0,0.0
PCSK6,0.0,1.5362160425541738,0.0,0.0,0.0,0.0
CFTR,0.0,1.6802341060117953,0.0,0.0,0.0,0.0
LAMP2,0.0,1.6161919784726637,0.0,0.0,0.0,0.0
PLEKHH1,0.0,1.3883980433382315,0.0,0.0,0.0,0.0
QDPR,0.0,1.7274727990679946,0.0,0.0,0.0,0.0
HIP1,0.0,1.65855196324604,0.0,0.8673745778367137,0.0,0.0
POLR2F,0.0,1.4559118319795372,0.0,0.0,0.0,0.0
ATP10B,0.0,1.4559118319795372,0.0,1.3243578237287978,0.0,0.0
CNTNAP4,0.0,1.7863632500815836,0.0,0.0,0.0,0.0
ZFYVE16,0.0,1.7720349638802764,0.0,0.0,0.0,0.0
FGFR2,0.0,1.5690910901727264,0.0,0.0,0.0,0.0
CNTN2,0.0,1.4275725253431826,0.0,0.0,0.0,0.0
SH3GL3,1.0762558901344563,1.8969783317940656,0.0,0.0,0.0,0.0
USP54,0.0,1.6184585921600312,0.0,0.0,0.0,0.0
FEZ1,0.0,1.787190785781838,0.0,0.0,0.0,0.0
NENF,0.0,1.6609657208989002,0.0,0.0,0.0,0.0
LANCL1,0.0,1.77895836945314,0.0,0.0,0.0,0.0
LIPA,0.0,1.6845111779803141,0.0,0.0,0.0,0.0
SLCO3A1,0.0,1.6220359955518118,0.0,0.0,0.0,0.0
DIP2B,0.0,1.7074123012126048,0.0,0.0,0.0,0.6199748352202206
SEMA4D,0.0,1.367105580469022,0.0,0.0,0.0,0.0
PSEN1,0.0,1.3881722959440908,0.0,0.0,0.0,0.0
SGK1,0.0,1.750088459035904,0.0,1.566691492058192,0.0,0.0
AP003086,0.0,1.6194323536514068,0.0,0.0,0.0,0.7333429714984048
MYO1D,0.0,1.746561330851078,0.0,0.0,0.0,0.0
AP002370,1.2252456459161762,1.900840998680644,0.0,0.0,0.0,0.0
MOB3B,0.0,1.2843530484686703,0.0,0.0,0.0,0.0
CDK19,0.0,1.4559118319795372,0.0,0.0,0.0,0.0
AL139294,0.0,1.576356412388265,0.0,0.0,0.0,0.0
DNAJB2,0.0,1.4385073546017648,0.0,0.0,0.0,0.0
LPGAT1,0.0,0.8616461433822976,0.0,0.0,0.0,0.0
ARAP2,0.0,1.6756305142394838,0.0,0.0,0.0,0.5690129332136609
PDE1C,0.0,1.4877232375096872,0.0,0.0,0.0,0.0
GAB2,0.0,1.491715157427216,0.0,0.0,0.0,1.0662431141570325
SLC12A2,0.0,1.639544898427663,0.0,0.0,1.6166314958260637,0.0
FAM13C,0.0,1.2843530484686703,0.0,0.0,0.0,0.0
P2RX7,0.0,1.310247898921823,0.0,0.0,0.0,0.0
TMEFF2,1.2313095014940258,1.8718867971681956,0.0,0.0,0.0,0.0
ANO4,0.0,1.5818586025635062,0.0,0.0,0.0,0.0
BIN1,0.0,0.8377372342557148,0.0,0.0,0.0,0.0
RNF13,0.0,1.5468937044736826,0.0,0.0,0.0,0.0
PTBP2,0.6229680932673917,1.6830825244673235,0.0,0.0,0.0,0.0
KLHL32,0.6768789784080762,1.6845111779803141,0.0,0.0,0.0,0.0
MAP4K5,0.0,1.631890657475592,0.0,0.9015351438309478,0.0,0.0
UBB,0.0,1.5327905475866168,0.0,0.0,1.137399300353571,0.0
SECISBP2L,0.7536164209520754,1.5742290415665807,0.0,0.0,0.0,0.0
AGTPBP1,0.7666478288320899,1.5784906900691396,0.0,0.0,0.0,0.0
ANKIB1,0.7843454781807555,1.5690910901727264,0.0,0.0,0.0,0.0
SAMD12,1.416592718692056,1.69495862802837,0.0,0.0,0.0,0.0
ROBO2,2.7682379819579177,0.0,0.0,0.0,0.0,0.0
RALYL,2.8097885733597954,0.0,0.0,0.0,0.0,0.0
KCNQ5,2.3893784454242257,0.0,0.0,0.0,0.0,0.0
DLGAP2,2.10878756666423,0.0,0.0,0.0,0.0,0.0
RYR2,2.1923264794152297,0.0,0.0,0.0,0.0,0.0
FRMPD4,1.9825424476081714,0.0,0.0,0.0,0.0,0.0
DCLK1,2.1558195301726713,0.0,0.0,0.0,0.0,0.0
KHDRBS2,2.0610989517894414,0.0,0.0,0.0,0.0,0.0
CHRM3,1.988482584978852,0.0,0.0,0.0,0.0,0.0
GRIN2A,1.9845839175657098,0.0,0.0,0.0,0.0,0.0
IQCJ-SCHIP1,2.3136361421390466,0.0,0.0,0.0,0.0,0.0
LINGO2,1.9474975430039922,0.0,0.0,0.0,0.0,0.0
LINC00632,2.041533639335474,0.0,0.0,0.0,0.0,0.0
CADPS,1.9943912277403872,0.0,0.0,0.0,0.0,0.0
CNTN5,1.8297807655298768,0.0,0.0,0.0,0.0,0.0
MYT1L,1.7728459870920945,0.0,0.0,0.0,0.0,0.0
GRIN2B,1.765178472663999,0.0,0.0,0.0,0.0,0.0
SLC4A10,1.7167143996647707,0.0,0.0,0.0,0.0,0.0
SNAP25-AS1,1.7803921875840407,0.0,0.0,0.0,0.0,0.0
GABRB2,1.767228462600793,0.0,0.0,0.0,0.0,0.0
LDB2,1.9927569818017012,0.0,0.0,0.0,0.0,0.0
CNTN4,1.823348144683654,0.0,0.0,0.0,0.0,0.0
AGBL4,1.961324378736942,0.0,0.0,0.0,0.0,0.0
ADGRL2,1.6869945761643683,0.0,0.0,0.0,0.0,0.0
PRKCB,1.9603931848198055,0.0,0.0,0.0,0.0,0.0
CDH12,1.6928745683204798,0.0,0.0,0.0,0.0,0.0
PCLO,1.5879955324841035,0.0,0.0,0.0,0.0,0.0
CACNA1B,1.6336025331155135,0.0,0.0,0.0,0.0,0.0
CDH9,1.4470242512074512,0.0,0.0,0.0,0.0,0.0
CDH18,1.607547276526962,0.0,0.0,0.0,0.0,0.0
GABRB3,1.7153298099754428,0.0,0.0,0.0,0.0,0.0
ATP8A2,1.5437008333521065,0.0,0.0,0.0,0.0,0.0
GABRG3,1.4381397241075997,0.0,0.0,0.0,0.0,0.0
DGKB,1.750088459035904,0.0,0.0,0.0,0.0,0.0
GALNTL6,1.427933912418696,0.0,0.0,0.0,0.0,0.0
LRFN5,1.7150619417068982,0.0,0.0,0.0,0.0,0.0
PLEKHA5,1.824931850230979,0.0,0.0,0.0,0.0,0.0
MTUS2,1.4251688345849185,0.0,0.0,0.0,0.0,0.0
KCNH7,1.4839541485944105,0.0,0.0,0.0,0.0,0.0
KCTD16,1.733394253266877,0.0,0.0,0.0,0.0,0.0
HCN1,1.4352064542053693,0.0,0.0,0.0,0.0,0.0
GRIA1,1.4769391540352048,0.0,0.0,0.0,0.0,0.0
NRG1,1.303761209141428,0.0,0.0,0.0,0.0,0.0
KCNC2,1.282212903034781,0.0,0.0,0.0,0.0,0.0
GALNT17,1.4358977661187602,0.0,0.0,0.0,0.0,0.0
DGKI,1.5869171842412848,0.0,0.0,0.0,0.0,0.0
ZNF385B,1.4253287488735031,0.0,0.0,0.0,0.0,0.0
GABBR2,1.4918486705376348,0.0,0.0,0.0,0.0,0.0
NELL2,1.5673473165468146,0.0,0.0,0.0,0.0,0.0
CHSY3,1.3572292935136023,0.0,0.0,0.0,0.0,0.0
ASIC2,1.3127044364390175,0.0,0.0,0.0,0.0,0.0
THRB,1.6929650002351992,0.0,0.0,0.0,0.0,0.0
PDE10A,1.3249638729203361,0.0,0.0,0.0,0.0,0.0
FAM153B,1.2677392927991062,0.0,0.0,0.0,0.0,0.0
SYN2,1.4444505680259585,0.0,0.0,0.0,0.0,0.0
PAK3,1.3812159334764482,0.0,0.0,0.0,0.0,0.0
FAM19A2,1.5179868984556104,0.0,0.0,0.0,0.0,0.0
OLFM3,1.2621270072421695,0.0,0.0,0.0,0.0,0.0
AC027288,1.2427643963606163,0.0,0.0,0.0,0.0,0.0
UNC5D,1.5390845677113028,0.0,0.0,0.0,0.0,0.0
PTPRN2,1.4327119667492245,0.0,0.0,0.0,0.0,0.0
ST6GALNAC5,1.2788384800567916,0.0,0.0,0.0,0.0,0.0
AFF3,1.4369158301418836,0.0,0.0,0.0,0.0,0.0
SCN2A,1.4290193057862317,0.0,0.0,0.0,0.0,0.0
AC090579,1.3136846770014603,0.0,0.0,0.0,0.0,0.0
KIAA1217,1.1164935479244582,0.0,0.0,0.0,0.0,0.0
RIMS1,1.5725875781025103,0.0,0.0,0.0,0.0,0.0
UNC80,1.4122124940465266,0.0,0.0,0.0,0.0,0.0
SPTBN4,1.3258771648437362,0.0,0.0,0.0,0.0,0.0
AC011287,1.0768301796273656,0.0,0.0,0.0,0.0,0.0
UNC79,1.6253540243163473,0.0,0.0,0.0,0.0,0.0
CELF4,1.2788384800567916,0.0,0.0,0.0,0.0,0.0
TMEM178B,1.5970734844858594,0.0,0.0,0.0,0.0,0.0
RAPGEF4,1.3987219065684933,0.0,0.0,0.0,0.0,0.0
MCTP1,1.3189622325225518,0.0,0.0,0.0,0.0,0.0
ZMAT4,1.0323821170610552,0.0,0.0,0.0,0.0,0.0
RBFOX3,1.219668617893194,0.0,0.0,0.0,0.0,0.0
DYNC1I1,1.4405333198768822,0.0,0.0,0.0,0.0,0.0
CACNA2D3,1.6222806115281194,0.0,0.0,0.0,0.0,0.0
CELF5,1.2436419757103967,0.0,0.0,0.0,0.0,0.0
LARGE1,1.6035440828937033,0.0,0.0,0.0,0.0,0.0
SYP,1.5381221943657508,0.0,0.0,0.0,0.0,0.0
MSRA,1.575633854721243,0.0,0.0,0.0,0.0,0.0
MIAT,1.205807598402635,0.0,0.0,0.0,0.0,0.0
AC136759,1.0617208945764318,0.0,0.0,0.0,0.0,0.0
UCHL1,1.6355128255121514,0.0,0.0,0.0,0.0,0.0
PDE1A,1.4206275771941153,0.0,0.0,0.0,0.0,0.0
DNM1,1.3929308969763108,0.0,0.0,0.0,0.0,0.0
KCNB2,1.0284701022997804,0.0,0.0,0.0,0.0,0.0
DPY19L2P1,1.0689186692468995,0.0,0.0,0.0,0.0,0.0
KSR2,1.1752305784912667,0.0,0.0,0.0,0.0,0.0
SH3GL2,1.3003506556372901,0.0,0.0,0.0,0.0,0.0
GRIN1,1.2416256456427086,0.0,0.0,0.0,0.0,0.0
SHANK2,1.169229020722117,0.0,0.0,0.0,0.0,0.0
NMNAT2,1.1633330631345524,0.0,0.0,0.0,0.0,0.0
CAMK2A,1.2573352934677509,0.0,0.0,0.0,0.0,0.0
TENM3,0.9366225133402593,0.0,0.0,0.0,0.0,0.0
STXBP1,1.4044723567050985,0.0,0.0,0.0,0.0,0.0
FAM153C,0.9717029879767135,0.0,0.0,0.0,0.0,0.0
AC069228,1.2444989639683297,0.0,0.0,0.0,0.0,0.0
LINC00599,1.0465277164553695,0.0,0.0,0.0,0.0,0.0
CABP1,1.1855447632220153,0.0,0.0,0.0,0.0,0.0
SLC35F3,1.1020910229222025,0.0,0.0,0.0,0.0,0.0
SETBP1,1.2865297657848886,0.0,0.0,0.0,0.0,0.0
AEBP2,1.222619018154204,0.0,0.0,0.0,0.0,0.0
FMN1,1.0258799460817474,0.0,0.0,0.0,0.0,0.0
PRKCE,1.3988750499753295,0.0,0.0,0.0,0.0,0.0
HOMER1,1.083833732687507,0.0,0.0,0.0,0.0,0.0
FOCAD,1.305359586574708,0.0,0.0,0.0,0.0,0.0
CNKSR2,1.2382233527938813,0.0,0.0,0.0,0.0,0.0
STRBP,1.2614010872810024,0.0,0.0,0.0,0.0,0.0
SRRM4,0.9444747278541641,0.0,0.0,0.0,0.0,0.0
SIPA1L1,1.7015848807888312,0.0,0.0,0.0,0.0,0.0
SYT16,1.0890054277981724,0.0,0.0,0.0,0.0,0.0
PTPRR,0.9099627770896497,0.0,0.0,0.0,0.0,0.0
FSTL4,0.8139279666643631,0.0,0.0,0.0,0.0,0.0
EFNA5,1.4108244457617696,0.0,0.0,0.0,0.0,0.0
SCN8A,1.1348856954549444,0.0,0.0,0.0,0.0,0.0
HECW2,1.2909561726494316,0.0,0.0,0.0,0.0,0.0
SATB2,1.030359422373239,0.0,0.0,0.0,0.0,0.0
GRIP1,0.6651936002160324,0.0,0.0,0.0,0.0,0.0
PCSK2,0.9792175347799026,0.0,0.0,0.0,0.0,0.0
ENC1,1.3300046536497525,0.0,0.0,0.0,0.0,0.0
CDH8,1.013585809754072,0.0,0.0,0.0,0.0,0.0
ATP2B2,1.3165588446084049,0.0,0.0,0.0,0.0,0.0
SLC44A5,0.9453881481314167,0.0,0.0,0.0,0.0,0.0
PRICKLE1,1.0427065083872111,0.0,0.0,0.0,0.0,0.0
SV2B,1.140429744139172,0.0,0.0,0.0,0.0,0.0
ZNF804B,0.6787640886440505,0.0,0.0,0.0,0.0,0.0
CES4A,1.1201331600888298,0.0,0.0,0.0,0.0,0.0
DOK6,1.0077509445512898,0.0,0.0,0.0,0.0,0.0
SRRM3,0.9268288230341925,0.0,0.0,0.0,0.0,0.0
CACNG3,0.9841748687449183,0.0,0.0,0.0,0.0,0.0
GABRG2,1.023132700902508,0.0,0.0,0.0,0.0,0.0
SCAI,1.1431879132568141,0.0,0.0,0.0,0.0,0.0
ITPR1,1.0420527826987764,0.0,0.0,0.0,0.0,0.0
FRRS1L,1.0144813702377067,0.0,0.0,0.0,0.0,0.0
CLSTN2,0.8766634095750756,0.0,0.0,0.0,0.0,0.0
LINC01122,0.8487672580941826,0.0,0.0,0.0,0.0,0.0
STX1A,0.9732369341581877,0.0,0.0,0.0,0.0,0.0
SYN3,1.0218504429275113,0.0,0.0,0.0,0.0,0.0
FP700111,1.0171502030991775,0.0,0.0,0.0,0.0,0.0
KIAA1549L,1.0241324471513829,0.0,0.0,0.0,0.0,0.0
PAK1,1.1649114732651373,0.0,0.0,0.0,0.0,0.0
MIR137HG,0.7830690665111104,0.0,0.0,0.0,0.0,0.0
TMEM59L,1.3567384423805326,0.0,0.0,0.0,0.0,0.0
TMEM132B,1.404501357880655,0.0,0.0,0.0,0.0,0.0
AC090568,0.7643716427024863,0.0,0.0,0.0,0.0,0.0
KCNJ3,0.9198303135388575,0.0,0.0,0.0,0.0,0.0
GAP43,1.3171087328565272,0.0,0.0,0.0,0.0,0.0
NCALD,1.1987655945642781,0.0,0.0,0.0,0.0,0.0
ADAM23,1.0766065200079762,0.0,0.0,0.0,0.0,0.0
CACNA1D,1.030117901586077,0.0,0.0,0.0,0.0,0.0
SNAP91,1.1947368015600786,0.0,0.0,0.0,0.0,0.0
BCL11A,0.7764985351704246,0.0,0.0,0.0,0.0,0.0
CAMK2B,1.141347498844039,0.0,0.0,0.0,0.0,0.0
PAK5,0.8487289881000706,0.0,0.0,0.0,0.0,0.0
ARHGAP44,1.0022065902384778,0.0,0.0,0.0,0.0,0.0
GABRA1,1.0270104364476718,0.0,0.0,0.0,0.0,0.0
EPB41L3,1.136679188681734,0.0,0.0,0.0,0.0,0.0
PPM1E,1.0037917742980589,0.0,0.0,0.0,0.0,0.0
CAP2,1.0280374280735063,0.0,0.0,0.0,0.0,0.0
NDST3,0.6756436680742823,0.0,0.0,0.0,0.0,0.0
MLIP,0.6116414550004827,0.0,0.0,0.0,0.0,0.0
CERS6,1.183182944462815,0.0,0.0,0.0,0.0,0.0
CACNA1E,0.8595202939500675,0.0,0.0,0.0,0.0,0.0
GPR158,0.9976725021654016,0.0,0.0,0.0,0.0,0.0
PREPL,1.4290796653967925,0.0,0.0,0.0,0.0,0.0
SCN3A,1.024905131238791,0.0,0.0,0.0,0.0,0.0
CDK14,1.305375938806801,0.0,0.0,0.0,0.0,0.0
GLS,1.1397063550170055,0.0,0.0,0.0,0.0,0.0
AC139713,0.8817729876459339,0.0,0.0,0.0,0.0,0.0
KIF5C,1.1498534417888422,0.0,0.0,0.0,0.0,0.0
ELAVL2,0.7039960818686963,0.0,0.0,0.0,0.0,0.0
SNRPN,0.5738420361073546,0.0,0.0,0.0,0.0,0.0
SLIT2,0.5505389687291081,0.0,0.0,0.0,0.0,0.0
EPHA4,1.0325276086008426,0.0,0.0,0.0,0.0,0.0
FAM19A1,1.0280663796320737,0.0,0.0,0.0,0.0,0.0
SLC8A1-AS1,0.8234216717228153,0.0,0.0,0.0,0.0,0.0
ANKRD30BL,0.7081266318673101,0.0,0.0,0.0,0.0,0.0
MICAL2,0.9112727760183816,0.0,0.0,0.0,0.0,0.0
RAB3C,0.883538768592383,0.0,0.0,0.0,0.0,0.0
SLC25A12,1.1755143397348733,0.0,0.0,0.0,0.0,0.0
IDS,1.1582888485094318,0.0,0.0,0.0,0.0,0.0
HIVEP3,1.1101438796950989,0.0,0.0,0.0,0.0,0.0
TBRG1,1.234971642344541,0.0,0.0,0.0,0.0,0.0
PLXNA4,0.7269570012932154,0.0,0.0,0.0,0.0,0.0
NETO1,0.668029181460386,0.0,0.0,0.0,0.0,0.0
THY1,1.320788039361461,0.0,0.0,0.0,0.0,0.0
XKR6,1.1494481952943727,0.0,0.0,0.0,0.0,0.0
AC130650,0.7625669896492508,0.0,0.0,0.0,0.0,0.0
MIR124-2HG,0.8011261549245698,0.0,0.0,0.0,0.0,0.0
TENM4,1.088123412636988,0.0,0.0,0.0,0.0,0.0
EML6,1.055177112236005,0.0,0.0,0.0,0.0,0.0
UBE3A,1.2760547102664441,0.0,0.0,0.0,0.0,0.0
PI4KA,1.164582764668419,0.0,0.0,0.0,0.0,0.0
PCNX2,1.0509842396788551,0.0,0.0,0.0,0.0,0.0
CATSPER2,0.9096082169941708,0.0,0.0,0.0,0.0,0.0
GUCY1A2,0.9095639154259957,0.0,0.0,0.0,0.0,0.0
FLRT2,1.4234917676466314,0.0,0.0,0.0,0.0,0.0
TARBP1,0.9951487694362235,0.0,0.0,0.0,0.0,0.0
ICA1,0.8686539160517077,0.0,0.0,0.0,0.0,0.0
NELL1,0.8733393857434739,0.0,0.0,0.0,0.0,0.0
RAP1GAP2,0.8467268414821583,0.0,0.0,0.0,0.0,0.0
SCAMP5,0.9886212049462235,0.0,0.0,0.0,0.0,0.0
CIT,0.7979916719551675,0.0,0.0,0.0,0.0,0.0
ABLIM2,0.7549583134112616,0.0,0.0,0.0,0.0,0.0
STXBP5-AS1,0.6498034280831836,0.0,0.0,0.0,0.0,0.0
TMEM108,1.2938463746098372,0.0,0.0,0.0,0.0,0.0
KCNJ6,0.7037379384733133,0.0,0.0,0.0,0.0,0.0
AP001825,1.0028345426280187,0.0,0.0,0.0,0.0,0.0
ADAM22,0.9842798038176195,0.0,0.0,0.0,0.0,0.0
HIVEP2,1.0279221490354742,0.0,0.0,0.0,0.0,0.0
MEG8,0.7331965266608471,0.0,0.0,0.0,0.0,0.0
EPHA6,1.078939741536992,0.0,0.0,0.0,0.0,0.0
PTPRO,0.7275372354821208,0.0,0.0,0.0,0.0,0.0
NEDD4L,1.0242755592342974,0.0,0.0,0.0,0.0,0.0
AC073107,1.1087473979534863,0.0,0.0,0.0,0.0,0.0
OSBPL8,1.0216512475319814,0.0,0.0,0.0,0.0,0.0
ZNF483,1.1074226266444867,0.0,0.0,0.0,0.0,0.0
JPH4,0.7102240848217642,0.0,0.0,0.0,0.0,0.0
ENO2,1.1919079606054361,0.0,0.0,0.0,0.0,0.0
SYBU,0.7966514171293784,0.0,0.0,0.0,0.0,0.0
PTGR1,1.0589143900155529,0.0,0.0,0.0,0.0,0.0
EPHA5,0.5340616815815583,0.0,0.0,0.0,0.0,0.0
CAMK4,0.9923271611185489,0.0,0.0,0.0,0.0,0.0
STMN2,1.1200635756268054,0.0,0.0,0.0,0.0,0.0
MYH10,0.9759854586373611,0.0,0.0,0.0,0.0,0.0
NRSN1,0.7406093580022971,0.0,0.0,0.0,0.0,0.0
ST8SIA5,0.6838535747970307,0.0,0.0,0.0,0.0,0.0
OLFM1,1.0623708513504344,0.0,0.0,0.0,0.0,0.0
CAMKV,0.7163538089975012,0.0,0.0,0.0,0.0,0.0
RPH3A,0.6562537947276261,0.0,0.0,0.0,0.0,0.0
RCAN2,0.9927546346917622,0.0,0.0,0.0,0.0,0.0
WASF1,0.8752121506553462,0.0,0.0,0.0,0.0,0.0
SCN3B,0.7401504681463913,0.0,0.0,0.0,0.0,0.0
FGF7P3,1.1703267821890757,0.0,0.0,0.0,0.0,0.0
PLD3,1.2000206894527032,0.0,0.0,0.0,0.0,0.0
AMPH,0.719095686971801,0.0,0.0,0.0,0.0,0.0
PPP2R2C,0.9625076495525517,0.0,0.0,0.0,0.0,0.0
AC068587,0.9421282228526768,0.0,0.0,0.0,0.0,0.0
TMEM232,1.0266842514289212,0.0,0.0,0.0,0.0,0.0
SV2A,0.8009231475377037,0.0,0.0,0.0,0.0,0.0
GGT7,0.9385843886776812,0.0,0.0,0.0,0.0,0.0
PRKAR1B,0.9331696072364691,0.0,0.0,0.0,0.0,0.0
KCNAB1,0.6995073049725005,0.0,0.0,0.0,0.0,0.0
CACNG8,0.476584117222151,0.0,0.0,0.0,0.0,0.0
RASGRF2,0.9614588592617719,0.0,0.0,0.0,0.0,0.0
CLSTN3,0.6790753887726275,0.0,0.0,0.0,0.0,0.0
CDKL5,0.8495901542898957,0.0,0.0,0.0,0.0,0.0
PRKAG2,0.7961834860142225,0.0,0.0,0.0,0.0,0.0
CLSTN1,1.2686570928074015,0.0,0.0,0.0,0.0,0.0
RAP1GAP,0.7452025505955239,0.0,0.0,0.0,0.0,0.0
AC007388,0.9012298067440057,0.0,0.0,0.0,0.0,0.0
NEK10,0.6214688681269105,0.0,0.0,0.0,0.0,0.0
EXT1,1.118362073495275,0.0,0.0,0.0,0.0,0.0
PPM1L,1.0380902659586306,0.0,0.0,0.0,0.0,0.0
UNC13A,0.6030647975006906,0.0,0.0,0.0,0.0,0.0
HSPA12A,0.7644329749488601,0.0,0.0,0.0,0.0,0.0
NIN,0.9996489848818633,0.0,0.0,0.0,0.0,0.0
KCTD1,0.7633306013525829,0.0,0.0,0.0,0.0,0.0
FBXL2,0.8284383269426144,0.0,0.0,0.0,0.0,0.0
AC104827,1.2924712786985881,0.0,0.0,0.0,0.0,0.0
NREP,0.8974677880607338,0.0,0.0,0.0,0.0,0.0
LRRFIP1,0.8711110959383821,0.0,0.0,0.0,0.0,0.0
ATP6V1H,1.0844164666799174,0.0,0.0,0.0,0.0,0.0
PLCL2,0.6324950311552509,0.0,0.0,0.0,0.0,0.0
CADPS2,0.8244271983847711,0.0,0.0,0.0,0.0,0.0
HGNC:24955,0.8397880527429321,0.0,0.0,0.0,0.0,0.0
ROCK2,0.9697166671078715,0.0,0.0,0.0,0.0,0.0
KCNB1,0.8278938571292472,0.0,0.0,0.0,0.0,0.0
ELMOD1,0.7086497845897446,0.0,0.0,0.0,0.0,0.0
FAIM2,1.0745382568162216,0.0,0.0,0.0,0.0,0.0
SERPINI1,1.0374429096383053,0.0,0.0,0.0,0.0,0.0
ICA1L,0.9628578495556406,0.0,0.0,0.0,0.0,0.0
GNB5,0.526092056268634,0.0,0.0,0.0,0.0,0.0
ADCY1,0.6665506474407372,0.0,0.0,0.0,0.0,0.0
ATCAY,0.7238512321781556,0.0,0.0,0.0,0.0,0.0
MICU1,0.9927546346917622,0.0,0.0,0.0,0.0,0.0
CREG2,0.6544734302339094,0.0,0.0,0.0,0.0,0.0
GAS7,0.903145280043737,0.0,0.0,0.0,0.0,0.0
FAM49A,0.8948499526582903,0.0,0.0,0.0,0.0,0.0
APBA2,0.9549210681530614,0.0,0.0,0.0,0.0,0.0
OSBPL6,1.1900613938875546,0.0,0.0,0.0,0.0,0.0
ATP6V0A1,0.9600638911124117,0.0,0.0,0.0,0.0,0.0
DANT2,1.2957545161194264,0.0,0.0,0.0,0.0,0.0
HECTD4,1.0396831425204884,0.0,0.0,0.0,0.0,0.0
SLC17A7,0.6980835336476497,0.0,0.0,0.0,0.0,0.0
PNMA2,0.6489517982652182,0.0,0.0,0.0,0.0,0.0
ARHGEF7,1.1024939873583588,0.0,0.0,0.0,0.0,0.0
NR2F1-AS1,1.113634920339896,0.0,0.0,0.0,0.0,0.0
PGM2L1,0.5454893708903242,0.0,0.0,0.0,0.0,0.0
FBXO44,0.8129845655794141,0.0,0.0,0.0,0.0,0.0
SUPT3H,1.1091216820804584,0.0,0.0,0.0,0.0,0.0
ARHGEF3,0.845814901702146,0.0,0.0,0.0,0.0,0.0
SYT14,0.8779966044116194,0.0,0.0,0.0,0.0,0.0
LMO4,0.9839650468907671,0.0,0.0,0.0,0.0,0.0
BMPER,0.5521294974526298,0.0,0.0,0.0,0.0,0.0
AC079781,0.6728347911376922,0.0,0.0,0.0,0.0,0.0
INPP4A,0.7408964971532684,0.0,0.0,0.0,0.0,0.0
GDAP1,1.1059660139259244,0.0,0.0,0.0,0.0,0.0
GOLT1B,0.5591929022301714,0.0,0.0,0.0,0.0,0.0
LY6H,0.8401246629371761,0.0,0.0,0.0,0.0,0.0
ABI2,1.1945896627159551,0.0,0.0,0.0,0.0,0.0
RAB3A,0.8310990043708026,0.0,0.0,0.0,0.0,0.0
ATP1A3,0.6140632285911116,0.0,0.0,0.0,0.0,0.0
CA11,0.6112943350704669,0.0,0.0,0.0,0.0,0.0
NDRG4,1.0074749117530302,0.0,0.0,0.0,0.0,0.0
VPS13A,0.8456631283473472,0.0,0.0,0.0,0.0,0.0
ACTR2,0.9186522426100157,0.0,0.0,0.0,0.0,0.0
PLPPR4,0.6331161435914121,0.0,0.0,0.0,0.0,0.0
RPS6KC1,0.9755476052908962,0.0,0.0,0.0,0.0,0.0
ARFGEF3,1.0256503959026775,0.0,0.0,0.0,0.0,0.0
MLLT11,0.9433716904768258,0.0,0.0,0.0,0.0,0.0
LONRF2,0.6602513570705366,0.0,0.0,0.0,0.0,0.0
CC2D1A,0.8332073884106557,0.0,0.0,0.0,0.0,0.0
MARK1,0.7405806585100234,0.0,0.0,0.0,0.0,0.0
USP9Y,0.8979846952608757,0.0,0.0,0.0,0.0,0.0
ABCA5,0.6105436690974422,0.0,0.0,0.0,0.0,0.0
RAPGEFL1,0.5088997538163668,0.0,0.0,0.0,0.0,0.0
FAT3,0.9638348628838123,0.0,0.0,0.0,0.0,0.0
DGKZ,0.7292559964868708,0.0,0.0,0.0,0.0,0.0
CAMK2N1,0.9571390382479165,0.0,0.0,0.0,0.0,0.0
TTC9B,0.6462164499986278,0.0,0.0,0.0,0.0,0.0
EXOC6,0.8811307478048258,0.0,0.0,0.0,0.0,0.0
NSF,0.8034004621890749,0.0,0.0,0.0,0.0,0.0
KIFAP3,0.8485569838532576,0.0,0.0,0.0,0.0,0.0
LINC00882,0.9869113589653156,0.0,0.0,0.0,0.0,0.0
SPTAN1,1.0863640122748237,0.0,0.0,0.0,0.0,0.0
ATP6V1A,0.9264600537835465,0.0,0.0,0.0,0.0,0.0
ATP1A1,1.0219928286387527,0.0,0.0,0.0,0.0,0.0
SLC22A17,1.0589143900155529,0.0,0.0,0.0,0.0,0.0
SEZ6L2,0.564818623150857,0.0,0.0,0.0,0.0,0.0
MAP2K4,0.8960068322417777,0.0,0.0,0.0,0.0,0.0
ARHGAP32,1.2435541549973683,0.0,0.0,0.0,0.0,0.0
BEX1,1.060392772757326,0.0,0.0,0.0,0.0,0.0
LRRC8B,0.7647705681844132,0.0,0.0,0.0,0.0,0.0
SPAG16,0.897295644234934,0.0,0.0,0.0,0.0,0.0
DCAF6,0.8899167156452532,0.0,0.0,0.0,0.0,0.0
BAIAP2L2,0.8689956351718227,0.0,0.0,0.0,0.0,0.0
ZFYVE28,0.4908925726989083,0.0,0.0,0.0,0.0,0.0
RNF150,0.6918248840511262,0.0,0.0,0.0,0.0,0.0
TAGLN3,0.8576003698399403,0.0,0.0,0.0,0.0,0.0
ODF2L,0.6023722420091652,0.0,0.0,0.0,0.0,0.0
ANKRD36C,0.8169316020554876,0.0,0.0,0.0,0.0,0.0
NAP1L1,1.0269144307031057,0.0,0.0,0.0,0.0,0.0
GDI1,0.9982943064177144,0.0,0.0,0.0,0.0,0.0
SEPT11,0.832968559196869,0.0,0.0,0.0,0.0,0.0
AC023590,0.5476022630922129,0.0,0.0,0.0,0.0,0.0
TASP1,0.6212096803700551,0.0,0.0,0.0,0.0,0.0
PATJ,0.689913181024906,0.0,0.0,0.0,0.0,0.0
KIF3A,0.8675710043124762,0.0,0.0,0.0,0.0,0.0
MICU2,0.9495455842297909,0.0,0.0,0.0,0.0,0.0
SPIDR,1.0923187975892166,0.0,0.0,0.0,0.0,0.0
ANKRD36,0.8090943315799769,0.0,0.0,0.0,0.0,0.0
C2CD5,0.8576394536155798,0.0,0.0,0.0,0.0,0.0
MAP3K13,1.039505903270887,0.0,0.0,0.0,0.0,0.0
DSE,0.9710908764889802,0.0,0.0,0.0,0.0,0.0
ARHGEF9,0.787107346650056,0.0,0.0,0.0,0.0,0.0
STMN3,0.6645058422144425,0.0,0.0,0.0,0.0,0.0
GFOD1,0.4817166517999688,0.0,0.0,0.0,0.0,0.0
C16ORF45,0.9997303930833688,0.0,0.0,0.0,0.0,0.0
HOOK2,0.7398925489201467,0.0,0.0,0.0,0.0,0.0
CMIP,0.80397969888755,0.0,0.0,0.0,0.0,0.0
RGS4,0.611275073188108,0.0,0.0,0.0,0.0,0.0
NSD3,0.9965391433035358,0.0,0.0,0.0,0.0,0.0
UBE2B,1.065072855279881,0.0,0.0,0.0,0.0,0.0
MORF4L2,0.9432280463684781,0.0,0.0,0.0,0.0,0.0
R3HDM2,0.8491306288047846,0.0,0.0,0.0,0.0,0.0
MPHOSPH8,0.8650951485155954,0.0,0.0,0.0,0.0,0.0
MAN1A2,0.712506566018531,0.0,0.0,0.0,0.0,0.0
RNF24,0.5855033286249367,0.0,0.0,0.0,0.0,0.0
AL450384,0.7830851959841728,0.0,0.0,0.0,0.0,0.0
INPP4B,0.7282292651407726,0.0,0.0,0.0,0.0,0.0
SNCB,0.6598673924208147,0.0,0.0,0.0,0.0,0.0
FILIP1L,0.810132434878847,0.0,0.0,0.0,0.0,0.0
GALNT11,0.6252215551679148,0.0,0.0,0.0,0.0,0.0
BTBD9,1.2343668228164408,0.0,0.0,0.0,0.0,0.0
SOBP,1.0779475645501244,0.0,0.0,0.0,0.0,0.0
MAP2K1,0.9001453280823585,0.0,0.0,0.0,0.0,0.0
STOX2,0.7412413612583629,0.0,0.0,0.0,0.0,0.0
GPR155,0.5268009125550985,0.0,0.0,0.0,0.0,0.0
MICAL3,0.7970196046640244,0.0,0.0,0.0,0.0,0.0
KIAA0825,0.5599159530284763,0.0,0.0,0.0,0.0,0.0
TSPYL1,0.8291654715852956,0.0,0.0,0.0,0.0,0.0
TLN2,0.8010415497032608,0.0,0.0,0.0,0.0,0.0
VEZT,1.0809622686778393,0.0,0.0,0.0,0.0,0.0
WDPCP,1.188392851942059,0.0,0.0,0.0,0.0,0.0
ASTN1,0.9219681041329107,0.0,0.0,0.0,0.0,0.0
PAFAH1B1,1.154444347578492,0.0,0.0,0.0,0.0,0.0
GTDC1,1.0350373964829491,0.0,0.0,0.0,0.0,0.0
TMEM14A,0.5646220446289077,0.0,0.0,0.0,0.0,0.0
NAPB,0.6939231964337416,0.0,0.0,0.0,0.0,0.0
MNAT1,0.5243275010143931,0.0,0.0,0.0,0.0,0.0
TMEM160,0.7369828907603797,0.0,0.0,0.0,0.0,0.0
TFDP2,0.7324946133992043,0.0,0.0,0.0,0.0,0.0
IQSEC1,0.6890969551303299,0.0,0.0,0.0,0.0,0.0
ATP2A2,0.9805515653823706,0.0,0.0,0.0,0.0,0.0
ZFYVE9,0.5154145783971572,0.0,0.0,0.0,0.0,0.0
ATP9A,0.7568155046843206,0.0,0.0,0.0,0.0,0.0
PJA2,1.0058129596298397,0.0,0.0,0.0,0.0,0.0
NPTN,0.5527392749584448,0.0,0.0,0.0,0.0,0.0
PTPRS,1.059714615637128,0.0,0.0,0.0,0.0,0.0
RASA2,0.5545631106568931,0.0,0.0,0.0,0.0,0.0
ARID4A,0.8899165444724726,0.0,0.0,0.0,0.0,0.0
ANKRD26,0.8269880722080121,0.0,0.0,0.0,0.0,0.0
PRICKLE2,0.6943493785394701,0.0,0.0,0.0,0.0,0.0
PDZRN3,0.9778701906964493,0.0,0.0,0.0,0.0,0.0
NME7,0.49185337175453847,0.0,0.0,0.0,0.0,0.0
GNG3,0.9079501403634467,0.0,0.0,0.0,0.0,0.0
WDR7,0.850587533131977,0.0,0.0,0.0,0.0,0.0
KIF1A,0.5395924195489863,0.0,0.0,0.0,0.0,0.0
STAU2,0.676760187418865,0.0,0.0,0.0,0.0,0.0
DZIP3,0.7262950642993712,0.0,0.0,0.0,0.0,0.0
AP2M1,0.9796848738505531,0.0,0.0,0.0,0.0,0.0
RFWD2,0.8654935584117699,0.0,0.0,0.0,0.0,0.0
CPEB3,1.1724136318846126,0.0,0.0,0.0,0.0,0.0
ARID5B,0.5127805963309053,0.0,0.0,0.0,0.0,0.0
ATP6V1B2,0.44651569962949245,0.0,0.0,0.0,0.0,0.0
DAAM1,0.9084137589537382,0.0,0.0,0.0,0.0,0.0
CELF1,0.8441106711809011,0.0,0.0,0.0,0.0,0.0
MLLT3,0.9742110951692482,0.0,0.0,0.0,0.0,0.0
NDUFA5,0.8331338647941494,0.0,0.0,0.0,0.0,0.0
BEX2,0.7111985376883572,0.0,0.0,0.0,0.0,0.0
PRDM2,0.5919591530753223,0.0,0.0,0.0,0.0,0.0
NOL4,0.688036681165664,0.0,0.0,0.0,0.0,0.0
APLP2,0.7487675094141182,0.0,0.0,0.0,0.0,0.0
PPP3CB,0.7834079614650353,0.0,0.0,0.0,0.0,0.0
RAB6A,1.1069479110118872,0.0,0.0,0.0,0.0,0.0
C5ORF42,0.7919976347033169,0.0,0.0,0.0,0.0,0.0
DNM1L,0.9901956720834871,0.0,0.0,0.0,0.0,0.0
PIN1,0.7239607150860585,0.0,0.0,0.0,0.0,0.0
AIG1,1.0302337447627372,0.0,0.0,0.0,0.0,0.0
BEX4,0.864061360463326,0.0,0.0,0.0,0.0,0.0
OSBP2,0.5423963010478665,0.0,0.0,0.0,0.0,0.0
CSTF3,0.7570858881815759,0.0,0.0,0.0,0.0,0.0
OTUD7A,1.0698508015919495,0.0,0.0,0.0,0.0,0.0
ATPIF1,1.0259086485741076,0.0,0.0,0.0,0.0,0.0
MAP2K5,0.7891835778543121,0.0,0.0,0.0,0.0,0.0
OLA1,0.7998254821381796,0.0,0.0,0.0,0.0,0.0
RABEP1,0.8002810003376661,0.0,0.0,0.0,0.0,0.0
KMT2A,0.7762764856353912,0.0,0.0,0.0,0.0,0.0
BRWD1,1.0520138921602573,0.0,0.0,0.0,0.0,0.0
TBCK,0.7873354061976301,0.0,0.0,0.0,0.0,0.0
PDS5B,0.746980560280189,0.0,0.0,0.0,0.0,0.0
DENND5B,0.97211154759102,0.0,0.0,0.0,0.0,0.0
REEP5,0.7844426036441987,0.0,0.0,0.0,0.0,0.0
MDH1,0.6555404559682128,0.0,0.0,0.0,0.0,0.0
ATL1,0.6550509399906278,0.0,0.0,0.0,0.0,0.0
GARNL3,0.7427686503690282,0.0,0.0,0.0,0.0,0.0
USP33,0.8249667154452974,0.0,0.0,0.0,0.0,0.0
VDAC3,0.8009231475377037,0.0,0.0,0.0,0.0,0.0
MYO9A,0.9986732135939076,0.0,0.0,0.0,0.0,0.0
JAKMIP2,0.8933766335183497,0.0,0.0,0.0,0.0,0.0
BRINP1,0.8581480040847252,0.0,0.0,0.0,0.0,0.0
TNRC6C,0.9760884894933135,0.0,0.0,0.0,0.0,0.0
TTC37,0.6756436680742823,0.0,0.0,0.0,0.0,0.0
VPS53,0.755720999778919,0.0,0.0,0.0,0.0,0.0
ARNT2,1.0303206536994076,0.0,0.0,0.0,0.0,0.0
ADK,0.9708360838192314,0.0,0.0,0.0,0.0,0.0
CDC27,0.6872253488382608,0.0,0.0,0.0,0.0,0.0
WDR17,0.7634987793195178,0.0,0.0,0.0,0.0,0.0
ABHD18,0.6523722103380296,0.0,0.0,0.0,0.0,0.0
FBXL20,0.6116800313957291,0.0,0.0,0.0,0.0,0.0
EHBP1,1.0876666433213498,0.0,0.0,0.0,0.0,0.0
SRSF7,0.8357710061869462,0.0,0.0,0.0,0.0,0.0
NFASC,0.720745916442465,0.0,0.0,0.0,0.0,0.0
DYNC1H1,0.8355120501140351,0.0,0.0,0.0,0.0,0.0
ENSA,0.8121996788560246,0.0,0.0,0.0,0.0,0.0
SCMH1,0.7748855141120097,0.0,0.0,0.0,0.0,0.0
ACACA,1.0627116654764754,0.0,0.0,0.0,0.0,0.0
PPP2R5E,0.5647373830691836,0.0,0.0,0.0,0.0,0.0
AC093752,0.736954477335124,0.0,0.0,0.0,0.0,0.0
NBAS,0.6817695998447981,0.0,0.0,0.0,0.0,0.0
CDH2,0.9172518178374862,0.0,0.0,0.0,0.0,0.0
AL669831,0.6988455044151647,0.0,0.0,0.0,0.0,0.0
TLK1,0.8048331156565653,0.0,0.0,0.0,0.0,0.0
USP15,0.5748420672722911,0.0,0.0,0.0,0.0,0.0
RASA1,0.8481368418801373,0.0,0.0,0.0,0.0,0.0
LMBRD1,0.8493986469221815,0.0,0.0,0.0,0.0,0.0
PGAM1,0.614043774976382,0.0,0.0,0.0,0.0,0.0
KIF9-AS1,0.5788272326071717,0.0,0.0,0.0,0.0,0.0
CAMK2D,0.561320274499042,0.0,0.0,0.0,0.0,0.0
CYFIP2,0.7808337975296087,0.0,0.0,0.0,0.0,0.0
RUFY3,1.0506012273742966,0.0,0.0,0.0,0.0,0.0
CHCHD3,0.7600129624486236,0.0,0.0,0.0,0.0,0.0
FAM135A,0.7718685771397047,0.0,0.0,0.0,0.0,0.0
ANKH,0.6250796846247673,0.0,0.0,0.0,0.0,0.0
ZMYND8,0.7608319340458105,0.0,0.0,0.0,0.0,0.0
DDX3P1,0.9928615808505008,0.0,0.0,0.0,0.0,0.0
AC074032,0.7215332332660339,0.0,0.0,0.0,0.0,0.0
NCOA7,0.7076825811016962,0.0,0.0,0.0,0.0,0.0
HDAC8,0.8548349156545938,0.0,0.0,0.0,0.0,0.0
FARS2,0.7311229431887374,0.0,0.0,0.0,0.0,0.0
MAGED1,0.6399887463836929,0.0,0.0,0.0,0.0,0.0
UGGT2,0.7456243818660898,0.0,0.0,0.0,0.0,0.0
PTPN4,0.8269519096488024,0.0,0.0,0.0,0.0,0.0
TTC19,0.9223786882564577,0.0,0.0,0.0,0.0,0.0
CLTC,0.8803036330586329,0.0,0.0,0.0,0.0,0.0
PPM1H,0.4693469841364023,0.0,0.0,0.0,0.0,0.0
MGEA5,1.0408072534024622,0.0,0.0,0.0,0.0,0.0
PTPRA,0.99629664614527,0.0,0.0,0.0,0.0,0.0
SPIRE1,0.6142773862651905,0.0,0.0,0.0,0.0,0.0
MAP4K3,0.8159629394709391,0.0,0.0,0.0,0.0,0.0
TTBK2,0.474025183556651,0.0,0.0,0.0,0.0,0.0
MAPK1,0.54147839042646,0.0,0.0,0.0,0.0,0.0
RPRD2,0.8658124921304415,0.0,0.0,0.0,0.0,0.0
FTO,1.0909383325354205,0.0,0.0,0.0,0.0,0.0
EIF1B,0.4551362692256394,0.0,0.0,0.0,0.0,0.0
SCFD1,0.48608571273387247,0.0,0.0,0.0,0.0,0.0
KIF21A,0.7832788586221513,0.0,0.0,0.0,0.0,0.0
MAK,0.4936124646079556,0.0,0.0,0.0,0.0,0.0
CTDSPL,0.7636670818830656,0.0,0.0,0.0,0.0,0.0
CLIP1,0.7009371941560408,0.0,0.0,0.0,0.0,0.0
TAF1D,0.6479068429051705,0.0,0.0,0.0,0.0,0.0
CAMSAP2,0.8910596051754981,0.0,0.0,0.0,0.0,0.0
MAPRE2,0.8862331468567481,0.0,0.0,0.0,0.0,0.0
DKK3,0.6822530506648864,0.0,0.0,0.0,0.0,0.0
TMOD2,0.6148035277524536,0.0,0.0,0.0,0.0,0.0
RBM25,0.7404085126906061,0.0,0.0,0.0,0.0,0.0
VPS13D,0.6082270972194082,0.0,0.0,0.0,0.0,0.0
MEF2C-AS1,0.7256618477960538,0.0,0.0,0.0,0.0,0.0
CYCS,0.6010113866950888,0.0,0.0,0.0,0.0,0.0
RPRD1A,0.7915024261679339,0.0,0.0,0.0,0.0,0.0
MAPK8,0.8006864379471347,0.0,0.0,0.0,0.0,0.0
CASC4,0.8108607843080895,0.0,0.0,0.0,0.0,0.0
BICD1,1.0188153854492845,0.0,0.0,0.0,0.0,0.0
CCDC91,0.9174623354594316,0.0,0.0,0.0,0.0,0.0
TSPAN7,0.8750489514385491,0.0,0.0,0.0,0.0,0.0
ATG7,0.9038439718286151,0.0,0.0,0.0,0.0,0.0
TMCC1,0.9386080259191605,0.0,0.0,0.0,0.0,0.0
UBR1,0.6072936017023935,0.0,0.0,0.0,0.0,0.0
TPST1,0.651733642817274,0.0,0.0,0.0,0.0,0.0
CHCHD10,0.8548737438507175,0.0,0.0,0.0,0.0,0.0
MPDZ,0.5868637223276987,0.0,0.0,0.0,0.0,0.0
RIC3,0.4748642437810464,0.0,0.0,0.0,0.0,0.0
FAM172A,1.0321784588612595,0.0,0.0,0.0,0.0,0.0
ZNF292,0.8543306048858574,0.0,0.0,0.0,0.0,0.0
ATP6V0E2,0.6120276032053052,0.0,0.0,0.0,0.0,0.0
TOM1L1,0.7972539396932693,0.0,0.0,0.0,0.0,0.0
RABGAP1,0.7497968053688334,0.0,0.0,0.0,0.0,0.0
KAT6B,0.5205305528467297,0.0,0.0,0.0,0.0,0.0
LINC01481,0.7201772908935764,0.0,0.0,0.0,0.0,0.0
NRDC,0.8284746504878386,0.0,0.0,0.0,0.0,0.0
MPRIP,0.7184216427359893,0.0,0.0,0.0,0.0,0.0
UGP2,0.8836636957417661,0.0,0.0,0.0,0.0,0.0
ZNF148,0.6667120268253152,0.0,0.0,0.0,0.0,0.0
CDC42SE2,0.581374116417454,0.0,0.0,0.0,0.0,0.0
SUB1,0.6248779181680235,0.0,0.0,0.0,0.0,0.0
PCMT1,0.529297596757559,0.0,0.0,0.0,0.0,0.0
VTI1A,0.7918655791231437,0.0,0.0,0.0,0.0,0.0
GSK3B,0.7985963310877736,0.0,0.0,0.0,0.0,0.0
WNK1,0.7074999695470168,0.0,0.0,0.0,0.0,0.0
TRPC1,0.7028360482983654,0.0,0.0,0.0,0.0,0.0
UBE2K,0.5751649185170975,0.0,0.0,0.0,0.0,0.0
FNDC3A,0.5627624177826772,0.0,0.0,0.0,0.0,0.0
UBE2D3,0.875375414597078,0.0,0.0,0.0,0.0,0.0
MARCH6,1.0461083180830661,0.0,0.0,0.0,0.0,0.0
C11ORF49,0.9501775460674045,0.0,0.0,0.0,0.0,0.0
OCIAD1,0.9310689695379748,0.0,0.0,0.0,0.0,0.0
ZRANB2,0.9463513837344919,0.0,0.0,0.0,0.0,0.0
GLG1,0.8477934070760613,0.0,0.0,0.0,0.0,0.0
COG5,0.7496790376044351,0.0,0.0,0.0,0.0,0.0
NPEPPS,0.5163937891466235,0.0,0.0,0.0,0.0,0.0
LONP2,0.6736348433292245,0.0,0.0,0.0,0.0,0.0
LRBA,0.9015339633672939,0.0,0.0,0.0,0.0,0.0
UBR2,0.8123913261248747,0.0,0.0,0.0,0.0,0.0
MRPS21,0.6087229007790496,0.0,0.0,0.0,0.0,0.0
FNBP4,0.6488645910034229,0.0,0.0,0.0,0.0,0.0
MLLT10,0.9754618211201863,0.0,0.0,0.0,0.0,0.0
FAM168A,0.8331890066492403,0.0,0.0,0.0,0.0,0.0
TAOK1,0.7378931379893108,0.0,0.0,0.0,0.0,0.0
TTC14,0.9590454771520839,0.0,0.0,0.0,0.0,0.0
PCDH9-AS1,0.5887128297231519,0.0,0.0,0.0,0.0,0.0
ATF6B,0.55355529907293,0.0,0.0,0.0,0.0,0.0
KDM4C,0.7062499356369003,0.0,0.0,0.0,0.0,0.0
FAM13B,0.6575956679481649,0.0,0.0,0.0,0.0,0.0
MON2,0.88333062349317,0.0,0.0,0.0,0.0,0.0
RAP1GDS1,0.6756436680742823,0.0,0.0,0.0,0.0,0.0
SYT11,0.7269846177189643,0.0,0.0,0.0,0.0,0.0
RAB2A,0.7290615155846989,0.0,0.0,0.0,0.0,0.0
RBM26,0.9835457289035144,0.0,0.0,0.0,0.0,0.0
FER,0.9429408519982075,0.0,0.0,0.0,0.0,0.0
SNX3,0.5812864879867052,0.0,0.0,0.0,0.0,0.0
BTRC,0.591310691352326,0.0,0.0,0.0,0.0,0.0
CCDC66,0.5339998585222856,0.0,0.0,0.0,0.0,0.0
TERF2IP,0.7113832719208164,0.0,0.0,0.0,0.0,0.0
COMMD1,0.6994308760051755,0.0,0.0,0.0,0.0,0.0
FUS,0.6054360164764945,0.0,0.0,0.0,0.0,0.0
DIP2C,0.8266263461978627,0.0,0.0,0.0,0.0,0.0
HERC4,0.7720876984716929,0.0,0.0,0.0,0.0,0.0
INTS10,0.492163507184189,0.0,0.0,0.0,0.0,0.0
MGST3,0.6911780368017844,0.0,0.0,0.0,0.0,0.0
ARID4B,0.9096525277815546,0.0,0.0,0.0,0.0,0.0
SIK2,0.6784052601177439,0.0,0.0,0.0,0.0,0.0
LRRFIP2,0.8098553328766556,0.0,0.0,0.0,0.0,0.0
DYM,0.6232888827965649,0.0,0.0,0.0,0.0,0.0
KMT2E,0.8789836876700836,0.0,0.0,0.0,0.0,0.0
VWA8,0.6627243226473198,0.0,0.0,0.0,0.0,0.0
AL391807,1.0197210462549489,0.0,0.0,0.0,0.0,0.0
CDK13,0.79678522819488,0.0,0.0,0.0,0.0,0.0
VGLL4,0.5587283190519834,0.0,0.0,0.0,0.0,0.0
CAPZA2,0.4926940609815852,0.0,0.0,0.0,0.0,0.0
FOXJ3,0.5664779148463432,0.0,0.0,0.0,0.0,0.0
TAF15,0.7316823306865111,0.0,0.0,0.0,0.0,0.0
THUMPD3-AS1,0.7657850553310137,0.0,0.0,0.0,0.0,0.0
VPS13C,0.7602857451270167,0.0,0.0,0.0,0.0,0.0
GNAO1,0.7866509034810287,0.0,0.0,0.0,0.0,0.0
GABBR1,0.4747814636570873,0.0,0.0,0.0,0.0,0.0
PPP1R12B,0.7360469245171546,0.0,0.0,0.0,0.0,0.0
LMO3,0.6799870078718951,0.0,0.0,0.0,0.0,0.0
SCAPER,0.8558454220978167,0.0,0.0,0.0,0.0,0.0
CBFA2T2,0.6786922809071317,0.0,0.0,0.0,0.0,0.0
FAR1,0.5263607176072198,0.0,0.0,0.0,0.0,0.0
TTC17,0.6501534458750542,0.0,0.0,0.0,0.0,0.0
PIBF1,0.5208226882728617,0.0,0.0,0.0,0.0,0.0
PPA2,0.6006756849008053,0.0,0.0,0.0,0.0,0.0
UBA6-AS1,0.6626332259964366,0.0,0.0,0.0,0.0,0.0
AKAP9,0.9711418511604237,0.0,0.0,0.0,0.0,0.0
C11ORF58,0.6645287614627564,0.0,0.0,0.0,0.0,0.0
EFR3B,0.6410285296823525,0.0,0.0,0.0,0.0,0.0
MTCH1,0.783117459119216,0.0,0.0,0.0,0.0,0.0
NCOR1,0.7819578264353404,0.0,0.0,0.0,0.0,0.0
MED12L,0.745115443251721,0.0,0.0,0.0,0.0,0.0
SPIN1,0.7380355950859296,0.0,0.0,0.0,0.0,0.0
CUX1,0.46387973931594884,0.0,0.0,0.0,0.0,0.0
TRIP12,0.4188757947378221,0.0,0.0,0.0,0.0,0.0
KAT2A,0.6030460553003957,0.0,0.0,0.0,0.0,0.0
RBM39,0.8454355548053054,0.0,0.0,0.0,0.0,0.0
CDKAL1,0.7561554038037066,0.0,0.0,0.0,0.0,0.0
UBR5,0.6345699619270002,0.0,0.0,0.0,0.0,0.0
WAC,0.5122296356934402,0.0,0.0,0.0,0.0,0.0
KIDINS220,0.5985456760963874,0.0,0.0,0.0,0.0,0.0
JPX,0.8131588777137901,0.0,0.0,0.0,0.0,0.0
ATXN2,0.8291290806337354,0.0,0.0,0.0,0.0,0.0
GRID1,0.8876394650962095,0.0,0.0,0.0,0.0,0.0
NCOA2,0.6959842280923378,0.0,0.0,0.0,0.0,0.0
PAN3,0.4501950009090572,0.0,0.0,0.0,0.0,0.0
MARK3,0.8755387433044344,0.0,0.0,0.0,0.0,0.0
PHIP,0.6131309473611297,0.0,0.0,0.0,0.0,0.0
CCSER2,0.5479714529832359,0.0,0.0,0.0,0.0,0.0
KANSL1L,0.7607105181454423,0.0,0.0,0.0,0.0,0.0
FAM171A1,0.6824466375553734,0.0,0.0,0.0,0.0,0.0
ZCCHC11,0.7206916808895197,0.0,0.0,0.0,0.0,0.0
SREBF2,0.5380607015114167,0.0,0.0,0.0,0.0,0.0
BAALC,0.6343413438273762,0.0,0.0,0.0,0.0,0.0
ACSL3,0.6933973682058959,0.0,0.0,0.0,0.0,0.0
ITSN1,0.5091382253651867,0.0,0.0,0.0,0.0,0.0
SNRNP70,0.8254710656792372,0.0,0.0,0.0,0.0,0.0
ZNF280D,0.5464674369293605,0.0,0.0,0.0,0.0,0.0
KMT2C,0.6310920850128602,0.0,0.0,0.0,0.0,0.0
