marker_ID,EC,Epi,Lym,Mye,Stromal
DCN,0.0,0.0,0.0,0.0,4.380442556931646
CFD,0.0,0.0,0.0,0.0,4.118775387691886
GPX3,0.0,0.0,0.0,0.0,3.086798716020391
ADH1B,0.0,0.0,0.0,0.0,3.141399599069782
MGP,0.0,0.0,0.0,0.0,3.178983401706082
C1S,0.0,0.0,0.0,0.0,2.811917770690516
FBLN1,0.0,0.0,0.0,0.0,2.7239673390298984
SERPING1,0.0,0.0,0.0,0.0,2.7061856022102746
IGFBP6,0.0,0.0,0.0,0.0,2.3885565607505894
C1R,0.0,0.0,0.0,0.0,2.4143404496425798
COL6A2,0.0,0.0,0.0,0.0,2.312290653413359
SOD3,0.0,0.0,0.0,0.0,2.3035938019059907
MFAP4,0.0,0.0,0.0,0.0,2.2239064948401466
SERPINF1,0.0,0.0,0.0,0.0,2.256332219800256
LUM,0.0,0.0,0.0,0.0,2.1427412786123297
IGFBP5,0.0,0.0,0.0,0.0,1.9940304133782205
MFGE8,0.0,0.0,0.0,0.0,2.026088527641819
COL1A2,0.0,0.0,0.0,0.0,1.8550924598399767
PLPP3,0.0,0.0,0.0,0.0,1.9800592747995989
LTBP4,0.0,0.0,0.0,0.0,2.007733631606839
C3,0.0,0.0,0.0,0.0,1.7216012464006236
MMP2,0.0,0.0,0.0,0.0,1.7931846031387182
SELENOM,0.0,0.0,0.0,0.0,2.0160088253733703
COL6A1,0.0,0.0,0.0,0.0,1.7358924682064951
EFEMP1,0.0,0.0,0.0,0.0,1.7857777601768423
MYL9,0.0,0.0,0.0,0.0,1.4320852082259559
FN1,0.0,0.0,0.0,0.0,1.536789746042916
FSTL1,0.0,0.0,0.0,0.0,1.6214938001171812
SPARC,0.0,0.0,0.0,0.0,1.6239953874676598
AEBP1,0.0,0.0,0.0,0.0,1.598777070890401
RARRES2,0.0,0.0,0.0,0.0,1.927453859699748
CRISPLD2,0.0,0.0,0.0,0.0,1.479357291214304
FHL1,0.0,0.0,0.0,0.0,1.4898047629088826
TNXB,0.0,0.0,0.0,0.0,1.2070438001116577
PRELP,0.0,0.0,0.0,0.0,1.2531204847549346
MT1X,0.0,0.0,0.0,0.0,1.689210917487005
PLAC9,0.0,0.0,0.0,0.0,1.4719391632268624
TFPI,0.0,0.0,0.0,0.0,1.5770426680029743
CTSK,0.0,0.0,0.0,0.0,1.2678767961877269
PMP22,0.0,0.0,0.0,0.0,1.4974820969190281
COL3A1,0.0,0.0,0.0,0.0,0.9350232904450742
COL1A1,0.0,0.0,0.0,0.0,1.1439347034912553
FBN1,0.0,0.0,0.0,0.0,1.1174303871293572
CFH,0.0,0.0,0.0,0.0,1.1617091334396612
COL14A1,0.0,0.0,0.0,0.0,1.1105874985994364
GPNMB,0.0,0.0,0.0,0.0,1.174225881858354
COL6A3,0.0,0.0,0.0,0.0,1.342461280671831
TIMP2,0.0,0.0,0.0,0.0,1.2756361926619686
TMEM176B,0.0,0.0,0.0,0.0,1.5968125276056027
SCARA5,0.0,0.0,0.0,0.0,1.061633787119019
LRP1,0.0,0.0,0.0,0.0,1.3084222713043328
S100A13,0.0,0.0,0.0,0.0,1.48342697872509
SELENOP,0.0,0.0,0.0,0.0,1.4080190922460754
CCDC80,0.0,0.0,0.0,0.0,0.9869114077412755
ADAMTS1,0.0,0.0,0.0,0.0,0.9661263490931598
SDC2,0.0,0.0,0.0,0.0,1.1674723198068242
MEG3,0.0,0.0,0.0,0.0,0.9369767819560609
NID1,0.0,0.0,0.0,0.0,1.1031330449412886
CYBRD1,0.0,0.0,0.0,0.0,1.1589260833614123
CXCL12,0.0,0.0,0.0,0.0,0.9244435652471581
PDK4,0.0,0.0,0.0,0.0,1.0255931129225224
TGFBR3,0.0,0.0,0.0,0.0,0.9602227678404744
ZFAND5,0.0,0.0,0.0,0.0,1.4632676986734579
LAMC1,0.0,0.0,0.0,0.0,1.0691490021661276
FBLN5,0.0,0.0,0.0,0.0,0.9184329828437956
DST,0.0,0.0,0.0,0.0,1.193539268848408
UAP1,0.0,0.0,0.0,0.0,1.0185328901687067
ARID5B,0.0,0.0,0.0,0.0,1.3569527371253804
ZBTB16,0.0,0.0,0.0,0.0,0.9637094877252026
LGALS3BP,0.0,0.0,0.0,0.0,1.3673236624476905
NFIC,0.0,0.0,0.0,0.0,1.1310330558822095
CTSL,0.0,0.0,0.0,0.0,0.8803867983860305
TMEM176A,0.0,0.0,0.0,0.0,1.1646669447745366
FXYD1,0.0,0.0,0.0,0.0,0.7770057925763942
SOD2,0.0,0.0,0.0,0.0,0.8998016006149392
NFIA,0.0,0.0,0.0,0.0,0.9691073389381122
CYB5R3,0.0,0.0,0.0,0.0,1.0340445967845002
LPP,0.0,0.0,0.0,0.0,0.5186521088635969
LAMP1,0.0,0.0,0.0,0.0,1.0731435453756903
RNH1,0.0,0.0,0.0,0.0,1.0429529465275673
ZBTB20,0.0,0.0,0.0,0.0,0.5053543017201054
REXO2,0.0,0.0,0.0,0.0,0.9023615252853072
SBDS,0.0,0.0,0.0,0.0,1.0997219403431013
LEPROT,0.0,0.0,0.0,0.0,0.4556469706268931
ADH5,0.0,0.0,0.0,0.0,0.9985384313915413
BEX3,0.0,0.0,0.0,0.0,0.7115768045149475
LITAF,0.0,0.0,0.0,0.0,1.0770213114768277
PRDX6,0.0,0.0,0.0,0.0,1.3013229916572986
STAT3,0.0,0.0,0.0,0.0,0.6987537979079317
ATRAID,0.0,0.0,0.0,0.0,0.7624757325076973
NENF,0.0,0.0,0.0,0.0,0.39673949379478035
ESD,0.0,0.0,0.0,0.0,0.24999924478037605
H2AFJ,0.0,0.0,0.0,0.0,0.7056786882641886
BZW1,0.0,0.0,0.0,0.0,0.6614349680216899
YWHAQ,0.0,0.0,0.0,0.0,0.8662524633580966
HNRNPA0,0.0,0.0,0.0,0.0,0.9292337893904782
SRSF11,0.0,0.0,0.0,0.0,0.901403591375632
ERH,0.0,0.0,0.0,0.0,1.0659144677623353
RAB2A,0.0,0.0,0.0,0.0,0.685621590454137
SEM1,0.0,0.0,0.0,0.0,0.9604620501060862
ARL6IP4,0.0,0.0,0.0,0.0,0.725940667593634
TBCA,0.0,0.0,0.0,0.0,0.5616798289796316
HLA-DRA,0.0,0.0,0.0,3.8420082407193554,0.0
TYROBP,0.0,0.0,0.0,3.0691124248198505,0.0
LYZ,0.0,0.0,0.0,2.789627059579942,0.0
FCER1G,0.0,0.0,0.0,2.712354099961389,0.0
HLA-DPA1,0.0,0.0,0.0,3.1394563888017544,0.0
HLA-DPB1,0.0,0.0,0.0,2.9639272665134695,0.0
HLA-DRB5,0.0,0.0,0.0,2.6208186248893415,0.0
C1QA,0.0,0.0,0.0,2.405199907177258,0.0
C1QC,0.0,0.0,0.0,2.2335922215070942,0.0
AIF1,0.0,0.0,0.0,2.3042968822313554,0.0
C1QB,0.0,0.0,0.0,2.126506930258451,0.0
CTSB,0.0,0.0,0.0,2.224222300209311,0.0
MS4A6A,0.0,0.0,0.0,1.9759298892107475,0.0
LAPTM5,0.0,0.0,0.0,2.1524606507893584,0.0
HLA-DQB1,0.0,0.0,0.0,1.8562304934873313,0.0
HLA-DQA1,0.0,0.0,0.0,1.7494993750626822,0.0
CD68,0.0,0.0,0.0,1.6690739117772944,0.0
COTL1,0.0,0.0,0.0,1.9740293611205488,0.0
CTSS,0.0,0.0,0.0,1.9756326167134286,0.0
SPI1,0.0,0.0,0.0,1.5282513498452008,0.0
HLA-DMA,0.0,0.0,0.0,1.6152229197294359,0.0
CD163,0.0,0.0,0.0,1.0046686664761884,0.0
FGL2,0.0,0.0,0.0,1.468906443279913,0.0
C1orf162,0.0,0.0,0.0,1.3745601009675068,0.0
MAFB,0.0,0.0,0.0,1.1286928425859695,0.0
ITGB2,0.0,0.0,0.0,1.3488694667580254,0.0
ALOX5AP,0.0,0.0,0.0,1.417776660956988,0.0
MS4A7,0.0,0.0,0.0,0.9450993723221168,0.0
LCP1,0.0,0.0,0.0,1.5428327728190139,0.0
TYMP,0.0,0.0,0.0,1.3168087237672508,0.0
LST1,0.0,0.0,0.0,0.8969945113309762,0.0
RNF130,0.0,0.0,0.0,1.3378818487512083,0.0
VAMP8,0.0,0.0,0.0,1.7326273705368842,0.0
CPVL,0.0,0.0,0.0,0.7640344983735141,0.0
HCLS1,0.0,0.0,0.0,1.2331159711115716,0.0
ZEB2,0.0,0.0,0.0,0.6349864801700899,0.0
RGS2,0.0,0.0,0.0,0.9140167796047286,0.0
ASAH1,0.0,0.0,0.0,1.1906982731172397,0.0
ARPC5,0.0,0.0,0.0,1.6578638884356225,0.0
HCST,0.0,0.0,0.0,1.0348033547415154,0.0
ARRB2,0.0,0.0,0.0,0.7935535843805128,0.0
RGS10,0.0,0.0,0.0,0.9001020045242369,0.0
CTSZ,0.0,0.0,0.0,0.8043208068286549,0.0
ATP6V1F,0.0,0.0,0.0,1.2134827860782176,0.0
GMFG,0.0,0.0,0.0,1.0382080609019275,0.0
RHOG,0.0,0.0,0.0,0.8347361765766027,0.0
AKAP13,0.0,0.0,0.0,1.1963044281833062,0.0
ATP6V0C,0.0,0.0,0.0,0.777259684901864,0.0
CTSC,0.0,0.0,0.0,0.6126077727615333,0.0
CD44,0.0,0.0,0.0,0.9121409147501737,0.0
RNASET2,0.0,0.0,0.0,1.0654155568417951,0.0
GRB2,0.0,0.0,0.0,1.1078977813025377,0.0
SH3BGRL,0.0,0.0,0.0,1.1397063550170055,0.0
AP2S1,0.0,0.0,0.0,1.2011568516163005,0.0
CD37,0.0,0.0,0.0,0.8078178576504054,0.0
H2AFY,0.0,0.0,0.0,1.1283391978450021,0.0
CELF2,0.0,0.0,0.0,0.7863252561713238,0.0
PYCARD,0.0,0.0,0.0,0.9806209674097569,0.0
CAP1,0.0,0.0,0.0,1.269806569222339,0.0
ATP6V0B,0.0,0.0,0.0,1.2975401908636386,0.0
CMTM6,0.0,0.0,0.0,0.7113304336058978,0.0
SERPINB1,0.0,0.0,0.0,0.6122208520254544,0.0
TALDO1,0.0,0.0,0.0,0.6642539432765597,0.0
ZNF706,0.0,0.0,0.0,0.6847541419056519,0.0
ACTR2,0.0,0.0,0.0,0.9495455842297909,0.0
IQGAP1,0.0,0.0,0.0,0.7113304336058978,0.0
ACTR3,0.0,0.0,0.0,0.7621400520468967,0.0
GNB2,0.0,0.0,0.0,0.7300906957516295,0.0
SEC11A,0.0,0.0,0.0,0.8410986343348438,0.0
DAZAP2,0.0,0.0,0.0,0.9495455842297909,0.0
HIGD2A,0.0,0.0,0.0,1.1176346013772107,0.0
ZFAS1,0.0,0.0,0.0,0.831611264219504,0.0
PSMB3,0.0,0.0,0.0,0.8817107127279029,0.0
RBX1,0.0,0.0,0.0,0.5505545100478499,0.0
JCHAIN,0.0,0.0,5.699128948671312,0.0,0.0
IGHA2,0.0,0.0,2.711562933617251,0.0,0.0
IGHA1,0.0,0.0,4.46894287989428,0.5981398859439853,0.0
IGKC,0.0,0.0,2.818595659406755,0.9157211106568524,0.0
MZB1,0.0,0.0,1.6912779453803963,0.0,0.0
IGKV3-20,0.0,0.0,0.3220186146069365,0.0,0.0
HERPUD1,0.0,0.0,2.072960819794877,0.9797887784615071,0.0
ISG20,0.0,0.0,1.238788935996984,0.0,0.0
CD79A,0.0,0.0,0.9460943196594788,0.0,0.0
RAC2,0.0,0.0,0.6406141451276726,0.0,0.0
LSP1,0.0,0.0,1.0278356388206094,0.9168010355158893,0.0
DERL3,0.0,0.0,0.7877767029156442,0.0,0.0
CYTIP,0.0,0.0,0.6826887870310521,0.0,0.0
TNFAIP3,0.0,0.0,0.3825632114395325,0.0,0.0
FKBP11,0.0,0.0,1.096782443431216,0.0,0.0
SEC11C,0.0,0.0,1.103704768180604,0.0,0.0
BIRC3,0.0,0.0,0.635821562963419,0.0,0.0
IGLC2,0.0,0.0,0.8082832764026668,0.0,0.0
GYPC,0.0,0.0,0.8675710043124762,0.0,0.0
UBE2J1,0.0,0.0,1.056338099953908,0.0,0.0
TENT5C,0.0,0.0,0.3902192030266303,0.0,0.0
XBP1,0.0,0.0,1.2772194197341595,0.0,0.0
STK4,0.0,0.0,0.5106391986540135,0.0,0.0
PIM2,0.0,0.0,0.26460928107204196,0.0,0.0
STK17B,0.0,0.0,0.311910889712688,0.0,0.0
SPCS1,0.0,0.0,1.4061442561497346,0.0,0.8848738621848588
EZR,0.0,0.0,1.1012861049853175,0.0,0.0
CFLAR,0.0,0.0,0.8096130309197855,0.0,0.0
JAK1,0.0,0.0,0.48004267592420713,0.0,0.0
HM13,0.0,0.0,0.4964382997675298,0.0,0.0
SPCS3,0.0,0.0,0.7089051781545688,0.0,0.0
SSR2,0.0,0.0,1.057869974559554,0.0,0.9772006299263791
TRAM1,0.0,0.0,0.7672191049560393,0.0,0.0
SSR3,0.0,0.0,1.027475529183834,0.0,0.0
HDLBP,0.0,0.0,0.6896655888973744,0.0,0.0
RPN2,0.0,0.0,0.528653187553347,0.0,0.0
ANKRD12,0.0,0.0,0.47601339969381284,0.0,0.0
TAPBP,0.0,0.0,0.3482157479619068,0.0,0.0
TMED10,0.0,0.0,0.8989484230085854,0.0,0.0
LMAN1,0.0,0.0,0.37783149105764713,0.0,0.0
RPL22L1,0.0,0.0,0.5827121218210422,0.0,0.0
RPN1,0.0,0.0,0.5585838535465584,0.0,0.0
KMT2E,0.0,0.0,0.6309691515217528,0.0,0.0
LMAN2,0.0,0.0,0.43706581335869576,0.0,0.0
ERP29,0.0,0.0,0.8030941794511721,0.0,0.0
UBE2D2,0.0,0.0,0.5206829529921153,0.0,0.0
SRSF7,0.0,0.0,0.3933594263472826,0.0,0.0
TMED9,0.0,0.0,0.6806966816823798,0.0,0.0
REEP5,0.0,0.0,0.5532882817557923,0.0,0.0
EIF5,0.0,0.0,0.6967414673052421,0.0,0.0
CUTA,0.0,0.0,0.9186069751826306,0.0,0.0
SDF2L1,0.0,0.0,0.4648470744245808,0.0,0.0
BTG2,0.0,1.1501484082468243,1.1755401967267924,0.0,0.0
MYDGF,0.0,0.0,0.5181309462185637,0.0,0.0
SELENOK,0.0,0.0,0.9479262319497658,0.0,0.0
SF3B1,0.0,0.0,0.3718741636721289,0.0,0.0
PRRC2C,0.0,0.0,0.5547997629179696,0.0,0.0
ANAPC16,0.0,0.0,0.6327018839136621,0.0,0.0
CCNL1,0.0,0.0,0.27684705134233395,0.0,0.0
SRSF2,0.0,0.0,0.4459285209757812,0.0,0.0
FKBP2,0.0,1.197957422078968,1.2291381488896662,0.0,0.0
TCEA1,0.0,0.0,0.4912618500119436,0.0,0.0
UBXN4,0.0,0.0,0.6627812600811607,0.0,0.0
P4HB,0.0,0.0,0.7828917065031274,0.0,0.0
PDIA6,0.0,1.0229044835719783,1.1672817293660398,0.0,0.0
JTB,0.0,0.0,0.695732326859329,0.0,0.0
SELENOS,0.0,0.0,0.7877518109355756,0.0,0.5581848685850175
GPBP1,0.0,0.0,0.43672481486896364,0.0,0.0
SMDT1,0.0,0.0,0.45416725591029045,0.0,0.0
PDCD4,0.0,0.0,0.31475123419392304,0.0,0.0
SELENOH,0.0,0.0,0.35545577580266097,0.0,0.0
AKAP9,0.0,0.0,0.31687849732334666,0.0,0.0
SNU13,0.0,0.0,0.31984235094129476,0.0,0.0
TMED2,0.0,0.0,0.417279189161464,0.0,0.0
PRELID1,0.0,0.0,0.5193487429740082,0.0,0.0
PIGR,0.0,4.614425742917897,0.0,0.0,0.0
C15orf48,0.0,3.3814582214586357,0.0,0.0,0.0
PHGR1,0.0,3.3872182624451823,0.0,0.0,0.0
TSPAN8,0.0,2.8425375266543575,0.0,0.0,0.0
OLFM4,0.0,3.0994813220041806,0.0,0.0,0.0
LGALS4,0.0,2.628337059046373,0.0,0.0,0.0
PCK1,0.0,2.5911926629667694,0.0,0.0,0.0
KRT18,0.0,2.489705922586649,0.0,0.0,0.0
REG1A,0.0,2.5885319719060487,0.0,0.0,0.0
CD24,0.0,2.507694246041222,0.0,0.0,0.0
ELF3,0.0,2.3190392617716706,0.0,0.0,0.0
FABP1,0.0,2.5077386782748556,0.0,0.0,0.0
KRT8,0.0,2.3609989194658434,0.0,0.0,0.0
AGR2,0.0,2.294938078070844,0.0,0.0,0.0
MGST1,0.0,2.2470217712724763,0.0,0.0,0.0
EPCAM,0.0,2.054472530350634,0.0,0.0,0.0
ATP1B1,0.0,2.0232357345413043,0.0,0.0,0.0
UGT2B17,0.0,1.9571365191189691,0.0,0.0,0.0
SPINK1,0.0,1.9406146122525059,0.0,0.0,0.0
FXYD3,0.0,1.8803128665695001,0.0,0.0,0.0
CLDN4,0.0,1.8850360946966158,0.0,0.0,0.0
CLDN3,0.0,1.8617180578349655,0.0,0.0,0.0
GPX2,0.0,1.835292909359053,0.0,0.0,0.0
HSPA1A,0.0,2.627939696939435,0.0,0.0,0.0
S100A14,0.0,1.6964121692099134,0.0,0.0,0.0
KRT19,0.0,1.567162483666412,0.0,0.0,0.0
HSPA1B,0.0,2.289416729513176,0.0,0.0,0.0
CKS2,0.0,1.6542629018777506,0.0,0.0,0.0
ATP5MC1,0.0,1.9220794239740893,0.0,0.0,0.0
SMIM22,0.0,1.5085556391010873,0.0,0.0,0.0
TFF3,0.0,1.3608207732989746,0.0,0.0,0.0
CLDN7,0.0,1.5068103386187217,0.0,0.0,0.0
DNAJB1,0.0,2.097141118779237,0.0,0.0,0.0
ZFAND2A,0.0,1.1760825054225559,0.0,0.0,0.0
CA2,0.0,0.7942841372890859,0.0,0.0,0.0
HNRNPH1,0.0,1.8250736779722159,0.0,0.0,0.0
TMEM54,0.0,1.0874059116693298,0.0,0.0,0.0
C10orf99,0.0,0.695404895726091,0.0,0.0,0.0
CYCS,0.0,1.8333588808717303,0.0,0.0,0.0
CTNNB1,0.0,1.2904308463989436,0.0,0.0,0.0
MINOS1,0.0,1.4885860196836957,0.0,0.0,0.0
SLIRP,0.0,1.4705822258581405,0.0,0.0,0.0
DNAJA1,0.0,1.7631744278321624,0.0,0.0,0.0
NDUFB1,0.0,1.5106346478180797,0.0,0.0,0.0
RPS17,0.0,1.6347923643588826,0.0,0.0,0.0
SRI,0.0,1.5366455262113168,0.0,0.0,0.0
HSPH1,0.0,1.6197573347335124,0.0,0.0,0.0
FAM162A,0.0,1.1687703195069323,0.0,0.0,0.0
SPINT2,0.0,0.9413897592314163,0.0,0.0,0.0
SUCLG1,0.0,0.9779738105523057,0.0,0.0,0.0
CYC1,0.0,1.2103337342210643,0.0,0.0,0.0
ATP5F1C,0.0,1.3938415667552735,0.0,0.0,0.0
DDT,0.0,0.9892398421663107,0.0,0.0,0.0
HNRNPAB,0.0,1.147206306567444,0.0,0.0,0.0
TUBB4B,0.0,1.3263851246102778,0.0,0.0,0.0
PPP1R15A,0.0,1.788433892501678,0.0,0.0,0.0
VDAC1,0.0,1.2238886213514255,0.0,0.0,0.0
PRDX2,0.0,1.4785058187863334,0.0,0.0,0.0
NDUFS6,0.0,1.0075585939575216,0.0,0.0,0.0
ATP1A1,0.0,0.975316706455803,0.0,0.0,0.0
NDUFB7,0.0,1.0953893831914079,0.0,0.0,0.0
ATP5PB,0.0,0.9616583389018357,0.0,0.0,0.0
SNRPG,0.0,0.971464850980611,0.0,0.0,0.0
RPS4Y1,0.0,1.1554123031478816,0.0,0.0,0.0
PHPT1,0.0,0.5198804753052045,0.0,0.0,0.0
NDUFB10,0.0,1.0531672792447326,0.0,0.0,0.0
RPS10,0.0,0.8685334612662765,0.0,0.0,0.0
ATP5F1A,0.0,1.188551580044813,0.0,0.0,0.0
ROMO1,0.0,1.0951796648137244,0.0,0.0,0.0
RRBP1,0.0,1.1369318118173908,0.0,0.0,0.0
CLDN5,3.0041630878274725,0.0,0.0,0.0,0.0
PECAM1,2.5158047067359055,0.0,0.0,0.0,0.0
CRIP2,2.3441070427476296,0.0,0.0,0.0,0.0
CAV1,2.2670116995150567,0.0,0.0,0.0,0.0
EGFL7,2.1328747709210916,0.0,0.0,0.0,0.0
CAVIN2,2.2000740895047484,0.0,0.0,0.0,0.0
TM4SF1,2.1241254531365303,0.0,0.0,0.0,0.0
VWF,1.94522474806892,0.0,0.0,0.0,0.0
RAMP2,1.9654036898286653,0.0,0.0,0.0,0.0
IFI27,2.6438327036596907,0.0,0.0,0.0,0.0
GNG11,1.8571422284909067,0.0,0.0,0.0,0.0
PTPRB,1.7893330407784012,0.0,0.0,0.0,0.0
TGFBR2,1.9831597120317919,0.0,0.0,0.0,0.0
EPAS1,1.9472828328672855,0.0,0.0,0.0,0.0
HYAL2,1.6230149756881107,0.0,0.0,0.0,0.0
TCF4,1.7597407015785165,0.0,0.0,0.0,0.0
ENG,1.5342156279728765,0.0,0.0,0.0,0.0
KCTD12,1.4451626539750544,0.0,0.0,0.0,0.0
SLC9A3R2,1.4212231409730633,0.0,0.0,0.0,0.0
EMP1,1.6232327211231323,0.0,0.0,0.0,0.0
S1PR1,1.480863159449506,0.0,0.0,0.0,0.0
A2M,1.455407720473312,0.0,0.0,0.0,0.0
CALCRL,1.4109416095494534,0.0,0.0,0.0,0.0
CD93,1.394297423842856,0.0,0.0,0.0,0.0
CD59,1.5666870940561406,0.0,0.0,0.0,0.0
RNASE1,1.5106837574139445,0.0,0.0,0.0,0.0
ADIRF,1.9644806237180248,0.0,0.0,0.0,0.0
CLEC14A,1.1837330914945907,0.0,0.0,0.0,0.0
SOX18,0.9752388291098582,0.0,0.0,0.0,0.0
SLCO2A1,0.9089442092350636,0.0,0.0,0.0,0.0
GIMAP4,1.2874787660208595,0.0,0.0,0.0,0.0
LDB2,1.0721309904767435,0.0,0.0,0.0,0.0
ICAM2,1.2027841176845546,0.0,0.0,0.0,0.0
MTUS1,1.3436115712374912,0.0,0.0,0.0,0.0
NPDC1,1.1717597810387903,0.0,0.0,0.0,0.0
CD320,0.9603623993605402,0.0,0.0,0.0,0.0
ARHGAP29,0.9569908264228095,0.0,0.0,0.0,0.0
HSPG2,0.4963251107590885,0.0,0.0,0.0,0.0
GIMAP7,1.0626186860202043,0.0,0.0,0.0,0.0
LY6E,1.3007393834410321,0.0,0.0,0.0,0.0
WWTR1,0.8016680320638645,0.0,0.0,0.0,0.0
KLF2,0.9926477258762416,0.0,0.0,0.0,0.0
CAV2,0.6477547367754297,0.0,0.0,0.0,0.0
MYH9,1.6712329847028573,0.0,0.0,0.0,0.0
TINAGL1,0.7672963638258373,0.0,0.0,0.0,0.0
NFIB,1.0458089143741671,0.0,0.0,0.0,0.0
TJP1,0.8728520764627283,0.0,0.0,0.0,0.0
CCDC85B,1.0805442401992837,0.0,0.0,0.0,0.0
NEDD9,0.6264347834304101,0.0,0.0,0.0,0.0
ARL4A,0.9207841726891541,0.0,0.0,0.0,0.0
CAPZA2,1.0213100379406814,0.0,0.0,0.0,0.0
SYNE2,1.1794257493361595,0.0,0.0,0.0,0.0
RAB11A,1.2632176583336785,0.0,0.0,0.0,0.0
PTTG1IP,1.034452529467075,0.0,0.0,0.0,0.0
MSN,0.8871771636441343,0.0,0.0,0.0,0.0
CDC37,1.3118315532826745,0.0,0.0,0.0,0.0
NKTR,0.963458835671719,0.0,0.0,0.0,0.0
ETS2,0.6675201621189568,0.0,0.0,0.0,0.0
MGST2,0.6790993246702994,0.0,0.0,0.0,0.0
CSNK1A1,0.819141998828128,0.0,0.0,0.0,0.0
